DJM001,KPI_Climate_CPD_IP,104
DUG001,KPI_Climate_CPD_IP,141628
DGA001,KPI_Climate_CPD_IP,23000
DBT001,KPI_Climate_CPD_IP,7
DMZ001,KPI_Climate_CPD_IP,
DZW001,KPI_Climate_CPD_IP,14688
DCG001,KPI_Climate_CPD_IP,100874
DLA001,KPI_Climate_CPD_IP,
DCO001,KPI_Climate_CPD_IP,168621
DBW001,KPI_Climate_CPD_IP,565
DDE001,KPI_Climate_CPD_IP,
DIL001,KPI_Climate_CPD_IP,
DSR001,KPI_Climate_CPD_IP,
DBD001,KPI_Climate_CPD_IP,39728
DBS001,KPI_Climate_CPD_IP,
DMH001,KPI_Climate_CPD_IP,1568
DRU001,KPI_Climate_CPD_IP,
DNA001,KPI_Climate_CPD_IP,
DCH001,KPI_Climate_CPD_IP,
DCZ001,KPI_Climate_CPD_IP,
DPL001,KPI_Climate_CPD_IP,
DRS001,KPI_Climate_CPD_IP,
DPS001,KPI_Climate_CPD_IP,32077
DSS001,KPI_Climate_CPD_IP,123
DQA001,KPI_Climate_CPD_IP,
DLK001,KPI_Climate_CPD_IP,126810
DMV001,KPI_Climate_CPD_IP,38725
DPG001,KPI_Climate_CPD_IP,564
DPH001,KPI_Climate_CPD_IP,44018
DZM001,KPI_Climate_CPD_IP,51363
DBO001,KPI_Climate_CPD_IP,
DFI001,KPI_Climate_CPD_IP,
DGR001,KPI_Climate_CPD_IP,16386
DTL001,KPI_Climate_CPD_IP,4972
DSA001,KPI_Climate_CPD_IP,
DTD001,KPI_Climate_CPD_IP,
DES001,KPI_Climate_CPD_IP,64263
DGM001,KPI_Climate_CPD_IP,2268
DPT001,KPI_Climate_CPD_IP,
DFR001,KPI_Climate_CPD_IP,
DSG001,KPI_Climate_CPD_IP,
DGY001,KPI_Climate_CPD_IP,
DBY001,KPI_Climate_CPD_IP,9913
DBE001,KPI_Climate_CPD_IP,
DDM001,KPI_Climate_CPD_IP,19
DMC001,KPI_Climate_CPD_IP,
DCA001,KPI_Climate_CPD_IP,12851
DLI001,KPI_Climate_CPD_IP,
DAF001,KPI_Climate_CPD_IP,1569
DSB001,KPI_Climate_CPD_IP,
DKZ001,KPI_Climate_CPD_IP,
DIS001,KPI_Climate_CPD_IP,
DRW001,KPI_Climate_CPD_IP,1138987
DGH001,KPI_Climate_CPD_IP,361233
DAU001,KPI_Climate_CPD_IP,400000
DCD001,KPI_Climate_CPD_IP,155240
DMK001,KPI_Climate_CPD_IP,9000
DNO001,KPI_Climate_CPD_IP,
DUS001,KPI_Climate_CPD_IP,
DDO001,KPI_Climate_CPD_IP,
DAD001,KPI_Climate_CPD_IP,
DJO001,KPI_Climate_CPD_IP,60000
DBH001,KPI_Climate_CPD_IP,
DTR001,KPI_Climate_CPD_IP,15143
DML001,KPI_Climate_CPD_IP,7842
DKN001,KPI_Climate_CPD_IP,150
DSY001,KPI_Climate_CPD_IP,37908
DFM001,KPI_Climate_CPD_IP,
DLC001,KPI_Climate_CPD_IP,
DJP001,KPI_Climate_CPD_IP,
DLT001,KPI_Climate_CPD_IP,
DSN001,KPI_Climate_CPD_IP,
DCI001,KPI_Climate_CPD_IP,12351
DHU001,KPI_Climate_CPD_IP,
DHR001,KPI_Climate_CPD_IP,24956
DFJ001,KPI_Climate_CPD_IP,
DIR001,KPI_Climate_CPD_IP,569106
DKE001,KPI_Climate_CPD_IP,
DDJ001,KPI_Climate_CPD_IP,2500
DBR001,KPI_Climate_CPD_IP,661
DSO001,KPI_Climate_CPD_IP,9286
DIQ001,KPI_Climate_CPD_IP,29406
DAO001,KPI_Climate_CPD_IP,
DAT001,KPI_Climate_CPD_IP,
DKR001,KPI_Climate_CPD_IP,48753
DLR001,KPI_Climate_CPD_IP,10185
DLY001,KPI_Climate_CPD_IP,
DVE001,KPI_Climate_CPD_IP,
DAM001,KPI_Climate_CPD_IP,
DBF001,KPI_Climate_CPD_IP,277380
DBG001,KPI_Climate_CPD_IP,
DBN001,KPI_Climate_CPD_IP,
DDK001,KPI_Climate_CPD_IP,
DMG001,KPI_Climate_CPD_IP,364
DCN001,KPI_Climate_CPD_IP,
DSV001,KPI_Climate_CPD_IP,479
DWS001,KPI_Climate_CPD_IP,79629
DZA001,KPI_Climate_CPD_IP,169689
DTT001,KPI_Climate_CPD_IP,
DCF001,KPI_Climate_CPD_IP,
DUY001,KPI_Climate_CPD_IP,
DLU001,KPI_Climate_CPD_IP,
DMM001,KPI_Climate_CPD_IP,13380
DNP001,KPI_Climate_CPD_IP,2283
DPY001,KPI_Climate_CPD_IP,
DSE001,KPI_Climate_CPD_IP,
DEG001,KPI_Climate_CPD_IP,
DDZ001,KPI_Climate_CPD_IP,
DKG001,KPI_Climate_CPD_IP,18647
DTJ001,KPI_Climate_CPD_IP,420
DLB001,KPI_Climate_CPD_IP,120303
DLS001,KPI_Climate_CPD_IP,12876
DTZ001,KPI_Climate_CPD_IP,
DAE001,KPI_Climate_CPD_IP,
DME001,KPI_Climate_CPD_IP,38790
DMW001,KPI_Climate_CPD_IP,8675729
DNL001,KPI_Climate_CPD_IP,
DTV001,KPI_Climate_CPD_IP,
DID001,KPI_Climate_CPD_IP,55
DEE001,KPI_Climate_CPD_IP,
DGQ001,KPI_Climate_CPD_IP,
DGW001,KPI_Climate_CPD_IP,
DTH001,KPI_Climate_CPD_IP,4625
DAG001,KPI_Climate_CPD_IP,
DUA001,KPI_Climate_CPD_IP,
DST001,KPI_Climate_CPD_IP,
DAR001,KPI_Climate_CPD_IP,800
DMR001,KPI_Climate_CPD_IP,4800
DKW001,KPI_Climate_CPD_IP,
DNI001,KPI_Climate_CPD_IP,727
DYE001,KPI_Climate_CPD_IP,22
DVN001,KPI_Climate_CPD_IP,
DGE001,KPI_Climate_CPD_IP,
DRO001,KPI_Climate_CPD_IP,5412
DMD001,KPI_Climate_CPD_IP,
DTG001,KPI_Climate_CPD_IP,92202
DPW001,KPI_Climate_CPD_IP,2004
DGT001,KPI_Climate_CPD_IP,
DTM001,KPI_Climate_CPD_IP,57420
DSD001,KPI_Climate_CPD_IP,132850
DCR001,KPI_Climate_CPD_IP,
DEC001,KPI_Climate_CPD_IP,405
DIE001,KPI_Climate_CPD_IP,
DIT001,KPI_Climate_CPD_IP,1656
DVU001,KPI_Climate_CPD_IP,
DKP001,KPI_Climate_CPD_IP,25229
DMA001,KPI_Climate_CPD_IP,70000
DBJ001,KPI_Climate_CPD_IP,243047
DBI001,KPI_Climate_CPD_IP,92610
DAZ001,KPI_Climate_CPD_IP,
DCY001,KPI_Climate_CPD_IP,
DNE001,KPI_Climate_CPD_IP,1261
DMY001,KPI_Climate_CPD_IP,
DPK001,KPI_Climate_CPD_IP,25522
DBB001,KPI_Climate_CPD_IP,
DSC001,KPI_Climate_CPD_IP,
DHT001,KPI_Climate_CPD_IP,
DIN001,KPI_Climate_CPD_IP,10000
DSI001,KPI_Climate_CPD_IP,
DBA001,KPI_Climate_CPD_IP,30
DSL001,KPI_Climate_CPD_IP,54882
DPA001,KPI_Climate_CPD_IP,240
DTO001,KPI_Climate_CPD_IP,
DTN001,KPI_Climate_CPD_IP,
DMU001,KPI_Climate_CPD_IP,116
DMN001,KPI_Climate_CPD_IP,195846
DUZ001,KPI_Climate_CPD_IP,1000
DKH001,KPI_Climate_CPD_IP,
DSM001,KPI_Climate_CPD_IP,
DMX001,KPI_Climate_CPD_IP,
DGB001,KPI_Climate_CPD_IP,
DSZ001,KPI_Climate_CPD_IP,9051
DGN001,KPI_Climate_CPD_IP,48553
DMT001,KPI_Climate_CPD_IP,
DCL001,KPI_Climate_CPD_IP,
DET001,KPI_Climate_CPD_IP,727600
DCV001,KPI_Climate_CPD_IP,41102
DKI001,KPI_Climate_CPD_IP,138
DNZ001,KPI_Climate_CPD_IP,
DLV001,KPI_Climate_CPD_IP,
DSK001,KPI_Climate_CPD_IP,
DCU001,KPI_Climate_CPD_IP,7789
DGD001,KPI_Climate_CPD_IP,2
DJM001,KPI_ClimateHeat_CPD_IP,
DUG001,KPI_ClimateHeat_CPD_IP,
DGA001,KPI_ClimateHeat_CPD_IP,
DMZ001,KPI_ClimateHeat_CPD_IP,
DZW001,KPI_ClimateHeat_CPD_IP,
DCG001,KPI_ClimateHeat_CPD_IP,2047
DLA001,KPI_ClimateHeat_CPD_IP,
DCO001,KPI_ClimateHeat_CPD_IP,168621
DBW001,KPI_ClimateHeat_CPD_IP,
DDE001,KPI_ClimateHeat_CPD_IP,
DIL001,KPI_ClimateHeat_CPD_IP,
DSR001,KPI_ClimateHeat_CPD_IP,
DBD001,KPI_ClimateHeat_CPD_IP,169313
DBS001,KPI_ClimateHeat_CPD_IP,
DMH001,KPI_ClimateHeat_CPD_IP,
DRU001,KPI_ClimateHeat_CPD_IP,
DNA001,KPI_ClimateHeat_CPD_IP,
DCH001,KPI_ClimateHeat_CPD_IP,
DCZ001,KPI_ClimateHeat_CPD_IP,40
DPL001,KPI_ClimateHeat_CPD_IP,
DKM001,KPI_ClimateHeat_CPD_IP,
DRS001,KPI_ClimateHeat_CPD_IP,5100
DSS001,KPI_ClimateHeat_CPD_IP,123
DQA001,KPI_ClimateHeat_CPD_IP,
DLK001,KPI_ClimateHeat_CPD_IP,
DPH001,KPI_ClimateHeat_CPD_IP,
DZM001,KPI_ClimateHeat_CPD_IP,
DFI001,KPI_ClimateHeat_CPD_IP,
DGR001,KPI_ClimateHeat_CPD_IP,12624
DTL001,KPI_ClimateHeat_CPD_IP,68
DSA001,KPI_ClimateHeat_CPD_IP,
DTD001,KPI_ClimateHeat_CPD_IP,
DES001,KPI_ClimateHeat_CPD_IP,
DHN001,KPI_ClimateHeat_CPD_IP,278
DGM001,KPI_ClimateHeat_CPD_IP,
DPT001,KPI_ClimateHeat_CPD_IP,
DFR001,KPI_ClimateHeat_CPD_IP,
DSG001,KPI_ClimateHeat_CPD_IP,
DGY001,KPI_ClimateHeat_CPD_IP,
DBY001,KPI_ClimateHeat_CPD_IP,30000
DBE001,KPI_ClimateHeat_CPD_IP,
DDM001,KPI_ClimateHeat_CPD_IP,220
DMC001,KPI_ClimateHeat_CPD_IP,150
DCA001,KPI_ClimateHeat_CPD_IP,
DLI001,KPI_ClimateHeat_CPD_IP,
DAF001,KPI_ClimateHeat_CPD_IP,720
DSB001,KPI_ClimateHeat_CPD_IP,
DKZ001,KPI_ClimateHeat_CPD_IP,
DIS001,KPI_ClimateHeat_CPD_IP,
DRW001,KPI_ClimateHeat_CPD_IP,
DGH001,KPI_ClimateHeat_CPD_IP,
DAU001,KPI_ClimateHeat_CPD_IP,400000
DMK001,KPI_ClimateHeat_CPD_IP,3000
DNO001,KPI_ClimateHeat_CPD_IP,
DUS001,KPI_ClimateHeat_CPD_IP,
DDO001,KPI_ClimateHeat_CPD_IP,
DAD001,KPI_ClimateHeat_CPD_IP,
DJO001,KPI_ClimateHeat_CPD_IP,60000
DBH001,KPI_ClimateHeat_CPD_IP,
DTR001,KPI_ClimateHeat_CPD_IP,15143
DML001,KPI_ClimateHeat_CPD_IP,3841
DKN001,KPI_ClimateHeat_CPD_IP,577
DSY001,KPI_ClimateHeat_CPD_IP,51596
DFM001,KPI_ClimateHeat_CPD_IP,
DLC001,KPI_ClimateHeat_CPD_IP,
DJP001,KPI_ClimateHeat_CPD_IP,
DLT001,KPI_ClimateHeat_CPD_IP,749
DSN001,KPI_ClimateHeat_CPD_IP,
DCI001,KPI_ClimateHeat_CPD_IP,
DHU001,KPI_ClimateHeat_CPD_IP,
DHR001,KPI_ClimateHeat_CPD_IP,19033
DFJ001,KPI_ClimateHeat_CPD_IP,
DIR001,KPI_ClimateHeat_CPD_IP,59517
DKE001,KPI_ClimateHeat_CPD_IP,
DDJ001,KPI_ClimateHeat_CPD_IP,17
DBR001,KPI_ClimateHeat_CPD_IP,
DIQ001,KPI_ClimateHeat_CPD_IP,
DAO001,KPI_ClimateHeat_CPD_IP,
DPE001,KPI_ClimateHeat_CPD_IP,
DAT001,KPI_ClimateHeat_CPD_IP,657
DKR001,KPI_ClimateHeat_CPD_IP,18860
DLR001,KPI_ClimateHeat_CPD_IP,
DLY001,KPI_ClimateHeat_CPD_IP,100
DVE001,KPI_ClimateHeat_CPD_IP,
DAM001,KPI_ClimateHeat_CPD_IP,
DBF001,KPI_ClimateHeat_CPD_IP,974467
DBG001,KPI_ClimateHeat_CPD_IP,
DBN001,KPI_ClimateHeat_CPD_IP,
DDK001,KPI_ClimateHeat_CPD_IP,
DMG001,KPI_ClimateHeat_CPD_IP,33327
DCN001,KPI_ClimateHeat_CPD_IP,
DSV001,KPI_ClimateHeat_CPD_IP,
DWS001,KPI_ClimateHeat_CPD_IP,160200
DZA001,KPI_ClimateHeat_CPD_IP,129916
DTT001,KPI_ClimateHeat_CPD_IP,
DUY001,KPI_ClimateHeat_CPD_IP,
DNG001,KPI_ClimateHeat_CPD_IP,3240
DLU001,KPI_ClimateHeat_CPD_IP,256
DMM001,KPI_ClimateHeat_CPD_IP,
DNP001,KPI_ClimateHeat_CPD_IP,77903
DPY001,KPI_ClimateHeat_CPD_IP,
DSE001,KPI_ClimateHeat_CPD_IP,
DEG001,KPI_ClimateHeat_CPD_IP,
DDZ001,KPI_ClimateHeat_CPD_IP,590000
DKG001,KPI_ClimateHeat_CPD_IP,1064382
DTJ001,KPI_ClimateHeat_CPD_IP,
DLB001,KPI_ClimateHeat_CPD_IP,116010
DLS001,KPI_ClimateHeat_CPD_IP,
DAL001,KPI_ClimateHeat_CPD_IP,15000
DTZ001,KPI_ClimateHeat_CPD_IP,1968
DAE001,KPI_ClimateHeat_CPD_IP,
DME001,KPI_ClimateHeat_CPD_IP,12357
DMW001,KPI_ClimateHeat_CPD_IP,8675729
DNL001,KPI_ClimateHeat_CPD_IP,316940
DTV001,KPI_ClimateHeat_CPD_IP,
DID001,KPI_ClimateHeat_CPD_IP,258
DEE001,KPI_ClimateHeat_CPD_IP,
DGQ001,KPI_ClimateHeat_CPD_IP,
DGW001,KPI_ClimateHeat_CPD_IP,
DTH001,KPI_ClimateHeat_CPD_IP,
DAG001,KPI_ClimateHeat_CPD_IP,
DUA001,KPI_ClimateHeat_CPD_IP,
DST001,KPI_ClimateHeat_CPD_IP,
DAR001,KPI_ClimateHeat_CPD_IP,200
DMR001,KPI_ClimateHeat_CPD_IP,
DKW001,KPI_ClimateHeat_CPD_IP,
DNI001,KPI_ClimateHeat_CPD_IP,
DYE001,KPI_ClimateHeat_CPD_IP,
DVN001,KPI_ClimateHeat_CPD_IP,
DGE001,KPI_ClimateHeat_CPD_IP,290719
DRO001,KPI_ClimateHeat_CPD_IP,
DMD001,KPI_ClimateHeat_CPD_IP,3000
DTG001,KPI_ClimateHeat_CPD_IP,
DPW001,KPI_ClimateHeat_CPD_IP,
DGT001,KPI_ClimateHeat_CPD_IP,
DTM001,KPI_ClimateHeat_CPD_IP,43523
DSD001,KPI_ClimateHeat_CPD_IP,
DCR001,KPI_ClimateHeat_CPD_IP,
DEC001,KPI_ClimateHeat_CPD_IP,
DIE001,KPI_ClimateHeat_CPD_IP,
DIT001,KPI_ClimateHeat_CPD_IP,
DVU001,KPI_ClimateHeat_CPD_IP,831
DKP001,KPI_ClimateHeat_CPD_IP,
DMA001,KPI_ClimateHeat_CPD_IP,23000
DBJ001,KPI_ClimateHeat_CPD_IP,
DAZ001,KPI_ClimateHeat_CPD_IP,
DCY001,KPI_ClimateHeat_CPD_IP,
DNE001,KPI_ClimateHeat_CPD_IP,1261
DMY001,KPI_ClimateHeat_CPD_IP,
DPK001,KPI_ClimateHeat_CPD_IP,6119
DBB001,KPI_ClimateHeat_CPD_IP,
DSC001,KPI_ClimateHeat_CPD_IP,
DHT001,KPI_ClimateHeat_CPD_IP,
DIN001,KPI_ClimateHeat_CPD_IP,
DSI001,KPI_ClimateHeat_CPD_IP,
DBA001,KPI_ClimateHeat_CPD_IP,300
DSL001,KPI_ClimateHeat_CPD_IP,
DTO001,KPI_ClimateHeat_CPD_IP,
DTN001,KPI_ClimateHeat_CPD_IP,
DMU001,KPI_ClimateHeat_CPD_IP,
DMN001,KPI_ClimateHeat_CPD_IP,
DKH001,KPI_ClimateHeat_CPD_IP,
DSM001,KPI_ClimateHeat_CPD_IP,
DMX001,KPI_ClimateHeat_CPD_IP,
DGB001,KPI_ClimateHeat_CPD_IP,
DSZ001,KPI_ClimateHeat_CPD_IP,7542
DGN001,KPI_ClimateHeat_CPD_IP,
DMT001,KPI_ClimateHeat_CPD_IP,
DCL001,KPI_ClimateHeat_CPD_IP,
DET001,KPI_ClimateHeat_CPD_IP,104804
DCV001,KPI_ClimateHeat_CPD_IP,
DKI001,KPI_ClimateHeat_CPD_IP,
DNZ001,KPI_ClimateHeat_CPD_IP,
DLV001,KPI_ClimateHeat_CPD_IP,
DSK001,KPI_ClimateHeat_CPD_IP,
DCU001,KPI_ClimateHeat_CPD_IP,
DGD001,KPI_ClimateHeat_CPD_IP,
DJM001,KPI_ReachCTP_CPD_IP,
DUG001,KPI_ReachCTP_CPD_IP,1158145
DGA001,KPI_ReachCTP_CPD_IP,1200
DMZ001,KPI_ReachCTP_CPD_IP,
DZW001,KPI_ReachCTP_CPD_IP,20000
DCG001,KPI_ReachCTP_CPD_IP,16700
DLA001,KPI_ReachCTP_CPD_IP,20930
DCO001,KPI_ReachCTP_CPD_IP,26568
DDE001,KPI_ReachCTP_CPD_IP,
DIL001,KPI_ReachCTP_CPD_IP,
DSR001,KPI_ReachCTP_CPD_IP,
DBD001,KPI_ReachCTP_CPD_IP,201446
DBS001,KPI_ReachCTP_CPD_IP,3058
DMH001,KPI_ReachCTP_CPD_IP,
DRU001,KPI_ReachCTP_CPD_IP,82990
DNA001,KPI_ReachCTP_CPD_IP,6705
DCH001,KPI_ReachCTP_CPD_IP,2987
DCZ001,KPI_ReachCTP_CPD_IP,
DPL001,KPI_ReachCTP_CPD_IP,9505
DRS001,KPI_ReachCTP_CPD_IP,989
DPS001,KPI_ReachCTP_CPD_IP,81643
DSS001,KPI_ReachCTP_CPD_IP,26584
DQA001,KPI_ReachCTP_CPD_IP,2380
DBZ001,KPI_ReachCTP_CPD_IP,40
DLK001,KPI_ReachCTP_CPD_IP,119500
DPG001,KPI_ReachCTP_CPD_IP,
DPH001,KPI_ReachCTP_CPD_IP,10174
DZM001,KPI_ReachCTP_CPD_IP,8363
DBO001,KPI_ReachCTP_CPD_IP,5696
DFI001,KPI_ReachCTP_CPD_IP,95455
DGR001,KPI_ReachCTP_CPD_IP,100
DTL001,KPI_ReachCTP_CPD_IP,
DSA001,KPI_ReachCTP_CPD_IP,
DTD001,KPI_ReachCTP_CPD_IP,179131
DES001,KPI_ReachCTP_CPD_IP,
DHN001,KPI_ReachCTP_CPD_IP,30871
DGM001,KPI_ReachCTP_CPD_IP,807
DPT001,KPI_ReachCTP_CPD_IP,8214
DFR001,KPI_ReachCTP_CPD_IP,
DSG001,KPI_ReachCTP_CPD_IP,
DGY001,KPI_ReachCTP_CPD_IP,
DBY001,KPI_ReachCTP_CPD_IP,2608
DBE001,KPI_ReachCTP_CPD_IP,
DDM001,KPI_ReachCTP_CPD_IP,28
DMC001,KPI_ReachCTP_CPD_IP,
DCA001,KPI_ReachCTP_CPD_IP,106987
DLI001,KPI_ReachCTP_CPD_IP,
DAF001,KPI_ReachCTP_CPD_IP,1256094
DSB001,KPI_ReachCTP_CPD_IP,
DKZ001,KPI_ReachCTP_CPD_IP,2558
DIS001,KPI_ReachCTP_CPD_IP,
DRW001,KPI_ReachCTP_CPD_IP,25735
DGH001,KPI_ReachCTP_CPD_IP,
DAU001,KPI_ReachCTP_CPD_IP,6727
DCD001,KPI_ReachCTP_CPD_IP,8500
DMK001,KPI_ReachCTP_CPD_IP,314
DNO001,KPI_ReachCTP_CPD_IP,
DUS001,KPI_ReachCTP_CPD_IP,293185
DDO001,KPI_ReachCTP_CPD_IP,19238
DAD001,KPI_ReachCTP_CPD_IP,
DJO001,KPI_ReachCTP_CPD_IP,46485
DBH001,KPI_ReachCTP_CPD_IP,3417
DTR001,KPI_ReachCTP_CPD_IP,5146042
DML001,KPI_ReachCTP_CPD_IP,87174
DKN001,KPI_ReachCTP_CPD_IP,
DSY001,KPI_ReachCTP_CPD_IP,639215
DFM001,KPI_ReachCTP_CPD_IP,
DLC001,KPI_ReachCTP_CPD_IP,450
DJP001,KPI_ReachCTP_CPD_IP,
DLT001,KPI_ReachCTP_CPD_IP,3256
DSN001,KPI_ReachCTP_CPD_IP,1048
DCI001,KPI_ReachCTP_CPD_IP,
DHU001,KPI_ReachCTP_CPD_IP,9185
DHR001,KPI_ReachCTP_CPD_IP,3498
DFJ001,KPI_ReachCTP_CPD_IP,
DKE001,KPI_ReachCTP_CPD_IP,243821
DDJ001,KPI_ReachCTP_CPD_IP,7302
DBR001,KPI_ReachCTP_CPD_IP,5424
DSO001,KPI_ReachCTP_CPD_IP,40212
DIQ001,KPI_ReachCTP_CPD_IP,125720
DAO001,KPI_ReachCTP_CPD_IP,3252
DVC001,KPI_ReachCTP_CPD_IP,7
DPE001,KPI_ReachCTP_CPD_IP,484
DAT001,KPI_ReachCTP_CPD_IP,
DKR001,KPI_ReachCTP_CPD_IP,1254
DLR001,KPI_ReachCTP_CPD_IP,18431
DLY001,KPI_ReachCTP_CPD_IP,13543
DVE001,KPI_ReachCTP_CPD_IP,
DAM001,KPI_ReachCTP_CPD_IP,119421
DBF001,KPI_ReachCTP_CPD_IP,559768
DBG001,KPI_ReachCTP_CPD_IP,43362
DBN001,KPI_ReachCTP_CPD_IP,
DDK001,KPI_ReachCTP_CPD_IP,80838
DMG001,KPI_ReachCTP_CPD_IP,60453
DCN001,KPI_ReachCTP_CPD_IP,8830
DSV001,KPI_ReachCTP_CPD_IP,7996
DWS001,KPI_ReachCTP_CPD_IP,
DZA001,KPI_ReachCTP_CPD_IP,9798
DTT001,KPI_ReachCTP_CPD_IP,689
DCF001,KPI_ReachCTP_CPD_IP,
DUY001,KPI_ReachCTP_CPD_IP,565
DNG001,KPI_ReachCTP_CPD_IP,172613
DLU001,KPI_ReachCTP_CPD_IP,295
DMM001,KPI_ReachCTP_CPD_IP,77321
DNP001,KPI_ReachCTP_CPD_IP,41665
DPY001,KPI_ReachCTP_CPD_IP,4608
DSE001,KPI_ReachCTP_CPD_IP,
DEG001,KPI_ReachCTP_CPD_IP,4411
DDZ001,KPI_ReachCTP_CPD_IP,
DKG001,KPI_ReachCTP_CPD_IP,35560
DTJ001,KPI_ReachCTP_CPD_IP,14840
DLB001,KPI_ReachCTP_CPD_IP,3319
DAL001,KPI_ReachCTP_CPD_IP,2500
DTZ001,KPI_ReachCTP_CPD_IP,
DAE001,KPI_ReachCTP_CPD_IP,
DME001,KPI_ReachCTP_CPD_IP,2554
DMW001,KPI_ReachCTP_CPD_IP,77041
DNL001,KPI_ReachCTP_CPD_IP,28000
DTV001,KPI_ReachCTP_CPD_IP,
DID001,KPI_ReachCTP_CPD_IP,19320
DEE001,KPI_ReachCTP_CPD_IP,1935
DGQ001,KPI_ReachCTP_CPD_IP,
DGW001,KPI_ReachCTP_CPD_IP,
DTH001,KPI_ReachCTP_CPD_IP,
DAG001,KPI_ReachCTP_CPD_IP,
DUA001,KPI_ReachCTP_CPD_IP,238801
DST001,KPI_ReachCTP_CPD_IP,
DAR001,KPI_ReachCTP_CPD_IP,
DMR001,KPI_ReachCTP_CPD_IP,9600
DKW001,KPI_ReachCTP_CPD_IP,
DNI001,KPI_ReachCTP_CPD_IP,2296
DYE001,KPI_ReachCTP_CPD_IP,522291
DVN001,KPI_ReachCTP_CPD_IP,11230918
DGE001,KPI_ReachCTP_CPD_IP,9931
DRO001,KPI_ReachCTP_CPD_IP,
DMD001,KPI_ReachCTP_CPD_IP,45628
DTG001,KPI_ReachCTP_CPD_IP,
DPW001,KPI_ReachCTP_CPD_IP,1987
DGT001,KPI_ReachCTP_CPD_IP,1580
DTM001,KPI_ReachCTP_CPD_IP,
DSD001,KPI_ReachCTP_CPD_IP,7200
DCR001,KPI_ReachCTP_CPD_IP,1200
DEC001,KPI_ReachCTP_CPD_IP,22969
DIE001,KPI_ReachCTP_CPD_IP,2434
DIT001,KPI_ReachCTP_CPD_IP,
DCM001,KPI_ReachCTP_CPD_IP,651506
DVU001,KPI_ReachCTP_CPD_IP,7589
DKP001,KPI_ReachCTP_CPD_IP,
DMA001,KPI_ReachCTP_CPD_IP,
DBJ001,KPI_ReachCTP_CPD_IP,
DBI001,KPI_ReachCTP_CPD_IP,61396
DAZ001,KPI_ReachCTP_CPD_IP,1200
DCY001,KPI_ReachCTP_CPD_IP,
DNE001,KPI_ReachCTP_CPD_IP,127064
DMY001,KPI_ReachCTP_CPD_IP,12707
DPK001,KPI_ReachCTP_CPD_IP,25144
DBB001,KPI_ReachCTP_CPD_IP,
DSC001,KPI_ReachCTP_CPD_IP,117
DHT001,KPI_ReachCTP_CPD_IP,
DIN001,KPI_ReachCTP_CPD_IP,66785
DSI001,KPI_ReachCTP_CPD_IP,41744
DBA001,KPI_ReachCTP_CPD_IP,5456
DSL001,KPI_ReachCTP_CPD_IP,11500
DPA001,KPI_ReachCTP_CPD_IP,359
DTO001,KPI_ReachCTP_CPD_IP,3165
DTN001,KPI_ReachCTP_CPD_IP,
DMU001,KPI_ReachCTP_CPD_IP,33
DMN001,KPI_ReachCTP_CPD_IP,58590
DUZ001,KPI_ReachCTP_CPD_IP,11691
DKH001,KPI_ReachCTP_CPD_IP,1996
DSM001,KPI_ReachCTP_CPD_IP,
DMX001,KPI_ReachCTP_CPD_IP,
DGB001,KPI_ReachCTP_CPD_IP,20014
DSZ001,KPI_ReachCTP_CPD_IP,39688
DGN001,KPI_ReachCTP_CPD_IP,83350
DMT001,KPI_ReachCTP_CPD_IP,
DCL001,KPI_ReachCTP_CPD_IP,4250
DET001,KPI_ReachCTP_CPD_IP,298735
DCV001,KPI_ReachCTP_CPD_IP,
DKI001,KPI_ReachCTP_CPD_IP,
DNZ001,KPI_ReachCTP_CPD_IP,3500
DLV001,KPI_ReachCTP_CPD_IP,1500
DSK001,KPI_ReachCTP_CPD_IP,2862
DCU001,KPI_ReachCTP_CPD_IP,
DGD001,KPI_ReachCTP_CPD_IP,
DJM001,KPI_ReachDRER_CPD_IP,
DUG001,KPI_ReachDRER_CPD_IP,461697
DGA001,KPI_ReachDRER_CPD_IP,
DBT001,KPI_ReachDRER_CPD_IP,12000
DMZ001,KPI_ReachDRER_CPD_IP,244217
DZW001,KPI_ReachDRER_CPD_IP,191000
DCG001,KPI_ReachDRER_CPD_IP,680
DLA001,KPI_ReachDRER_CPD_IP,20930
DCO001,KPI_ReachDRER_CPD_IP,787208
DBW001,KPI_ReachDRER_CPD_IP,565
DDE001,KPI_ReachDRER_CPD_IP,
DIL001,KPI_ReachDRER_CPD_IP,1447561
DSR001,KPI_ReachDRER_CPD_IP,
DBD001,KPI_ReachDRER_CPD_IP,3416132
DBS001,KPI_ReachDRER_CPD_IP,
DMH001,KPI_ReachDRER_CPD_IP,264
DRU001,KPI_ReachDRER_CPD_IP,7741
DNA001,KPI_ReachDRER_CPD_IP,4597
DCH001,KPI_ReachDRER_CPD_IP,
DCZ001,KPI_ReachDRER_CPD_IP,25660
DPL001,KPI_ReachDRER_CPD_IP,
DKM001,KPI_ReachDRER_CPD_IP,315870
DRS001,KPI_ReachDRER_CPD_IP,7197
DPS001,KPI_ReachDRER_CPD_IP,64424
DSS001,KPI_ReachDRER_CPD_IP,36753
DQA001,KPI_ReachDRER_CPD_IP,
DBZ001,KPI_ReachDRER_CPD_IP,40
DLK001,KPI_ReachDRER_CPD_IP,967651
DMV001,KPI_ReachDRER_CPD_IP,16486
DPG001,KPI_ReachDRER_CPD_IP,16902
DPH001,KPI_ReachDRER_CPD_IP,
DZM001,KPI_ReachDRER_CPD_IP,59727
DBO001,KPI_ReachDRER_CPD_IP,7200
DFI001,KPI_ReachDRER_CPD_IP,
DGR001,KPI_ReachDRER_CPD_IP,15630
DTL001,KPI_ReachDRER_CPD_IP,3710
DSA001,KPI_ReachDRER_CPD_IP,524721
DTD001,KPI_ReachDRER_CPD_IP,114714
DES001,KPI_ReachDRER_CPD_IP,229181
DHN001,KPI_ReachDRER_CPD_IP,2891
DGM001,KPI_ReachDRER_CPD_IP,4390
DPT001,KPI_ReachDRER_CPD_IP,
DFR001,KPI_ReachDRER_CPD_IP,64430
DSG001,KPI_ReachDRER_CPD_IP,
DGY001,KPI_ReachDRER_CPD_IP,
DBY001,KPI_ReachDRER_CPD_IP,50225
DBE001,KPI_ReachDRER_CPD_IP,
DDM001,KPI_ReachDRER_CPD_IP,55
DMC001,KPI_ReachDRER_CPD_IP,4886
DCA001,KPI_ReachDRER_CPD_IP,2487
DLI001,KPI_ReachDRER_CPD_IP,
DAF001,KPI_ReachDRER_CPD_IP,71059
DSB001,KPI_ReachDRER_CPD_IP,33522
DKZ001,KPI_ReachDRER_CPD_IP,3146
DIS001,KPI_ReachDRER_CPD_IP,36892
DRW001,KPI_ReachDRER_CPD_IP,173954
DGH001,KPI_ReachDRER_CPD_IP,
DAU001,KPI_ReachDRER_CPD_IP,167065
DCD001,KPI_ReachDRER_CPD_IP,648795
DMK001,KPI_ReachDRER_CPD_IP,979
DNO001,KPI_ReachDRER_CPD_IP,1770
DUS001,KPI_ReachDRER_CPD_IP,
DDO001,KPI_ReachDRER_CPD_IP,8408852
DAD001,KPI_ReachDRER_CPD_IP,
DJO001,KPI_ReachDRER_CPD_IP,82023
DBH001,KPI_ReachDRER_CPD_IP,44
DTR001,KPI_ReachDRER_CPD_IP,2766923
DML001,KPI_ReachDRER_CPD_IP,4527
DKN001,KPI_ReachDRER_CPD_IP,5
DSY001,KPI_ReachDRER_CPD_IP,4932396
DFM001,KPI_ReachDRER_CPD_IP,13000
DLC001,KPI_ReachDRER_CPD_IP,
DJP001,KPI_ReachDRER_CPD_IP,7667
DLT001,KPI_ReachDRER_CPD_IP,
DSN001,KPI_ReachDRER_CPD_IP,2109
DHU001,KPI_ReachDRER_CPD_IP,
DHR001,KPI_ReachDRER_CPD_IP,27835
DFJ001,KPI_ReachDRER_CPD_IP,6119
DIR001,KPI_ReachDRER_CPD_IP,602120
DKE001,KPI_ReachDRER_CPD_IP,5018826
DDJ001,KPI_ReachDRER_CPD_IP,
DBR001,KPI_ReachDRER_CPD_IP,49714
DSO001,KPI_ReachDRER_CPD_IP,186408
DCK001,KPI_ReachDRER_CPD_IP,9300
DIQ001,KPI_ReachDRER_CPD_IP,176897
DVC001,KPI_ReachDRER_CPD_IP,74
DAT001,KPI_ReachDRER_CPD_IP,
DKR001,KPI_ReachDRER_CPD_IP,1971619
DLR001,KPI_ReachDRER_CPD_IP,43062
DLY001,KPI_ReachDRER_CPD_IP,63252
DVE001,KPI_ReachDRER_CPD_IP,11497
DAM001,KPI_ReachDRER_CPD_IP,277636
DBF001,KPI_ReachDRER_CPD_IP,1527651
DBG001,KPI_ReachDRER_CPD_IP,169601
DBN001,KPI_ReachDRER_CPD_IP,
DDK001,KPI_ReachDRER_CPD_IP,5360
DMG001,KPI_ReachDRER_CPD_IP,894956
DCN001,KPI_ReachDRER_CPD_IP,18699265
DSV001,KPI_ReachDRER_CPD_IP,16786
DWS001,KPI_ReachDRER_CPD_IP,23536
DZA001,KPI_ReachDRER_CPD_IP,124836
DTT001,KPI_ReachDRER_CPD_IP,4510
DCF001,KPI_ReachDRER_CPD_IP,11426
DUY001,KPI_ReachDRER_CPD_IP,
DNG001,KPI_ReachDRER_CPD_IP,12342576
DLU001,KPI_ReachDRER_CPD_IP,46
DMM001,KPI_ReachDRER_CPD_IP,294102
DNP001,KPI_ReachDRER_CPD_IP,499458
DPY001,KPI_ReachDRER_CPD_IP,
DSE001,KPI_ReachDRER_CPD_IP,
DEG001,KPI_ReachDRER_CPD_IP,1017321
DDZ001,KPI_ReachDRER_CPD_IP,20000
DKG001,KPI_ReachDRER_CPD_IP,88409
DTJ001,KPI_ReachDRER_CPD_IP,2070
DLB001,KPI_ReachDRER_CPD_IP,44255
DLS001,KPI_ReachDRER_CPD_IP,225
DTZ001,KPI_ReachDRER_CPD_IP,1732653
DAE001,KPI_ReachDRER_CPD_IP,
DME001,KPI_ReachDRER_CPD_IP,33882
DMW001,KPI_ReachDRER_CPD_IP,8236375
DNL001,KPI_ReachDRER_CPD_IP,2874230
DTV001,KPI_ReachDRER_CPD_IP,11000
DID001,KPI_ReachDRER_CPD_IP,5743705
DEE001,KPI_ReachDRER_CPD_IP,
DGQ001,KPI_ReachDRER_CPD_IP,
DGW001,KPI_ReachDRER_CPD_IP,4000
DTH001,KPI_ReachDRER_CPD_IP,666730
DAG001,KPI_ReachDRER_CPD_IP,
DUA001,KPI_ReachDRER_CPD_IP,5908007
DST001,KPI_ReachDRER_CPD_IP,1
DAR001,KPI_ReachDRER_CPD_IP,7750
DMR001,KPI_ReachDRER_CPD_IP,10800
DKW001,KPI_ReachDRER_CPD_IP,
DNI001,KPI_ReachDRER_CPD_IP,123964
DYE001,KPI_ReachDRER_CPD_IP,1023511
DVN001,KPI_ReachDRER_CPD_IP,394505
DGE001,KPI_ReachDRER_CPD_IP,9923
DRO001,KPI_ReachDRER_CPD_IP,43728
DMD001,KPI_ReachDRER_CPD_IP,
DTG001,KPI_ReachDRER_CPD_IP,1172714
DPW001,KPI_ReachDRER_CPD_IP,893
DGT001,KPI_ReachDRER_CPD_IP,7960
DTM001,KPI_ReachDRER_CPD_IP,162
DSD001,KPI_ReachDRER_CPD_IP,262238
DCR001,KPI_ReachDRER_CPD_IP,
DEC001,KPI_ReachDRER_CPD_IP,
DIE001,KPI_ReachDRER_CPD_IP,
DIT001,KPI_ReachDRER_CPD_IP,90731
DCM001,KPI_ReachDRER_CPD_IP,1568143
DVU001,KPI_ReachDRER_CPD_IP,15890
DKP001,KPI_ReachDRER_CPD_IP,
DMA001,KPI_ReachDRER_CPD_IP,420000
DBJ001,KPI_ReachDRER_CPD_IP,95802
DBI001,KPI_ReachDRER_CPD_IP,275642
DAZ001,KPI_ReachDRER_CPD_IP,
DCY001,KPI_ReachDRER_CPD_IP,3220
DNE001,KPI_ReachDRER_CPD_IP,4527
DMY001,KPI_ReachDRER_CPD_IP,12707
DPK001,KPI_ReachDRER_CPD_IP,430650
DBB001,KPI_ReachDRER_CPD_IP,150
DSC001,KPI_ReachDRER_CPD_IP,
DHT001,KPI_ReachDRER_CPD_IP,
DIN001,KPI_ReachDRER_CPD_IP,1581266
DSI001,KPI_ReachDRER_CPD_IP,10430
DBA001,KPI_ReachDRER_CPD_IP,6700
DSL001,KPI_ReachDRER_CPD_IP,47876
DPA001,KPI_ReachDRER_CPD_IP,240
DTO001,KPI_ReachDRER_CPD_IP,58
DTN001,KPI_ReachDRER_CPD_IP,
DMU001,KPI_ReachDRER_CPD_IP,
DMN001,KPI_ReachDRER_CPD_IP,58590
DUZ001,KPI_ReachDRER_CPD_IP,11691
DKH001,KPI_ReachDRER_CPD_IP,456424
DSM001,KPI_ReachDRER_CPD_IP,
DMX001,KPI_ReachDRER_CPD_IP,
DGB001,KPI_ReachDRER_CPD_IP,31265
DSZ001,KPI_ReachDRER_CPD_IP,6172
DGN001,KPI_ReachDRER_CPD_IP,82633
DMT001,KPI_ReachDRER_CPD_IP,
DCL001,KPI_ReachDRER_CPD_IP,
DET001,KPI_ReachDRER_CPD_IP,1325476
DCV001,KPI_ReachDRER_CPD_IP,44285
DKI001,KPI_ReachDRER_CPD_IP,3962
DLV001,KPI_ReachDRER_CPD_IP,6895
DSK001,KPI_ReachDRER_CPD_IP,24414
DCU001,KPI_ReachDRER_CPD_IP,86270
DGD001,KPI_ReachDRER_CPD_IP,
DJM001,KPI_ReachDRR_CPD_IP,19
DUG001,KPI_ReachDRR_CPD_IP,1439668
DGA001,KPI_ReachDRR_CPD_IP,
DBT001,KPI_ReachDRR_CPD_IP,12000
DMZ001,KPI_ReachDRR_CPD_IP,189736
DZW001,KPI_ReachDRR_CPD_IP,44283
DCG001,KPI_ReachDRR_CPD_IP,176590
DLA001,KPI_ReachDRR_CPD_IP,
DCO001,KPI_ReachDRR_CPD_IP,219581
DBW001,KPI_ReachDRR_CPD_IP,565
DDE001,KPI_ReachDRR_CPD_IP,454686
DIL001,KPI_ReachDRR_CPD_IP,410000
DSR001,KPI_ReachDRR_CPD_IP,
DBD001,KPI_ReachDRR_CPD_IP,2119377
DBS001,KPI_ReachDRR_CPD_IP,30100
DMH001,KPI_ReachDRR_CPD_IP,1188
DRU001,KPI_ReachDRR_CPD_IP,
DNA001,KPI_ReachDRR_CPD_IP,
DCH001,KPI_ReachDRR_CPD_IP,
DCZ001,KPI_ReachDRR_CPD_IP,75384
DPL001,KPI_ReachDRR_CPD_IP,
DKM001,KPI_ReachDRR_CPD_IP,245768
DRS001,KPI_ReachDRR_CPD_IP,85621
DPS001,KPI_ReachDRR_CPD_IP,119196
DSS001,KPI_ReachDRR_CPD_IP,21479
DQA001,KPI_ReachDRR_CPD_IP,1925
DLK001,KPI_ReachDRR_CPD_IP,1386000
DMV001,KPI_ReachDRR_CPD_IP,43550
DPG001,KPI_ReachDRR_CPD_IP,1099
DPH001,KPI_ReachDRR_CPD_IP,
DZM001,KPI_ReachDRR_CPD_IP,59727
DBO001,KPI_ReachDRR_CPD_IP,16548
DFI001,KPI_ReachDRR_CPD_IP,
DGR001,KPI_ReachDRR_CPD_IP,18878
DSA001,KPI_ReachDRR_CPD_IP,61535
DTD001,KPI_ReachDRR_CPD_IP,8487
DES001,KPI_ReachDRR_CPD_IP,
DHN001,KPI_ReachDRR_CPD_IP,6181
DGM001,KPI_ReachDRR_CPD_IP,9286
DPT001,KPI_ReachDRR_CPD_IP,
DFR001,KPI_ReachDRR_CPD_IP,
DSG001,KPI_ReachDRR_CPD_IP,
DGY001,KPI_ReachDRR_CPD_IP,1000
DBY001,KPI_ReachDRR_CPD_IP,35700
DBE001,KPI_ReachDRR_CPD_IP,
DDM001,KPI_ReachDRR_CPD_IP,55
DMC001,KPI_ReachDRR_CPD_IP,4886
DCA001,KPI_ReachDRR_CPD_IP,2025741
DLI001,KPI_ReachDRR_CPD_IP,
DAF001,KPI_ReachDRR_CPD_IP,110386
DSB001,KPI_ReachDRR_CPD_IP,746
DKZ001,KPI_ReachDRR_CPD_IP,81705
DIS001,KPI_ReachDRR_CPD_IP,7978
DRW001,KPI_ReachDRR_CPD_IP,3762007
DGH001,KPI_ReachDRR_CPD_IP,101042
DAU001,KPI_ReachDRR_CPD_IP,444316
DCD001,KPI_ReachDRR_CPD_IP,672671
DMK001,KPI_ReachDRR_CPD_IP,23760
DNO001,KPI_ReachDRR_CPD_IP,
DUS001,KPI_ReachDRR_CPD_IP,548384
DAD001,KPI_ReachDRR_CPD_IP,
DJO001,KPI_ReachDRR_CPD_IP,
DBH001,KPI_ReachDRR_CPD_IP,
DTR001,KPI_ReachDRR_CPD_IP,156972
DML001,KPI_ReachDRR_CPD_IP,71936
DKN001,KPI_ReachDRR_CPD_IP,125
DSY001,KPI_ReachDRR_CPD_IP,273832
DFM001,KPI_ReachDRR_CPD_IP,
DLC001,KPI_ReachDRR_CPD_IP,
DJP001,KPI_ReachDRR_CPD_IP,34117
DLT001,KPI_ReachDRR_CPD_IP,
DSN001,KPI_ReachDRR_CPD_IP,1777
DCI001,KPI_ReachDRR_CPD_IP,86
DHU001,KPI_ReachDRR_CPD_IP,
DHR001,KPI_ReachDRR_CPD_IP,25367
DFJ001,KPI_ReachDRR_CPD_IP,402825
DIR001,KPI_ReachDRR_CPD_IP,11226054
DKE001,KPI_ReachDRR_CPD_IP,1260854
DDJ001,KPI_ReachDRR_CPD_IP,
DBR001,KPI_ReachDRR_CPD_IP,708
DSO001,KPI_ReachDRR_CPD_IP,201601
DCK001,KPI_ReachDRR_CPD_IP,6500
DIQ001,KPI_ReachDRR_CPD_IP,12045
DAO001,KPI_ReachDRR_CPD_IP,179310
DVC001,KPI_ReachDRR_CPD_IP,
DAT001,KPI_ReachDRR_CPD_IP,
DKR001,KPI_ReachDRR_CPD_IP,489330
DLR001,KPI_ReachDRR_CPD_IP,12956
DLY001,KPI_ReachDRR_CPD_IP,20440
DVE001,KPI_ReachDRR_CPD_IP,7861
DAM001,KPI_ReachDRR_CPD_IP,22600
DBF001,KPI_ReachDRR_CPD_IP,1680920
DBG001,KPI_ReachDRR_CPD_IP,163353
DBN001,KPI_ReachDRR_CPD_IP,
DDK001,KPI_ReachDRR_CPD_IP,
DMG001,KPI_ReachDRR_CPD_IP,36173
DCN001,KPI_ReachDRR_CPD_IP,
DSV001,KPI_ReachDRR_CPD_IP,33409
DWS001,KPI_ReachDRR_CPD_IP,160200
DZA001,KPI_ReachDRR_CPD_IP,128468
DTT001,KPI_ReachDRR_CPD_IP,3528
DCF001,KPI_ReachDRR_CPD_IP,10645
DUY001,KPI_ReachDRR_CPD_IP,
DNG001,KPI_ReachDRR_CPD_IP,620407
DMM001,KPI_ReachDRR_CPD_IP,22029
DNP001,KPI_ReachDRR_CPD_IP,3037776
DPY001,KPI_ReachDRR_CPD_IP,10700
DSE001,KPI_ReachDRR_CPD_IP,
DEG001,KPI_ReachDRR_CPD_IP,2572
DDZ001,KPI_ReachDRR_CPD_IP,8700000
DKG001,KPI_ReachDRR_CPD_IP,91985
DTJ001,KPI_ReachDRR_CPD_IP,96075
DLS001,KPI_ReachDRR_CPD_IP,9594
DAL001,KPI_ReachDRR_CPD_IP,25000
DTZ001,KPI_ReachDRR_CPD_IP,145673
DAE001,KPI_ReachDRR_CPD_IP,
DME001,KPI_ReachDRR_CPD_IP,670
DMW001,KPI_ReachDRR_CPD_IP,8236375
DNL001,KPI_ReachDRR_CPD_IP,
DTV001,KPI_ReachDRR_CPD_IP,1000
DID001,KPI_ReachDRR_CPD_IP,176020
DEE001,KPI_ReachDRR_CPD_IP,
DGQ001,KPI_ReachDRR_CPD_IP,
DGW001,KPI_ReachDRR_CPD_IP,63350
DTH001,KPI_ReachDRR_CPD_IP,15379
DAG001,KPI_ReachDRR_CPD_IP,
DUA001,KPI_ReachDRR_CPD_IP,5341
DST001,KPI_ReachDRR_CPD_IP,
DAR001,KPI_ReachDRR_CPD_IP,8252
DMR001,KPI_ReachDRR_CPD_IP,405389
DKW001,KPI_ReachDRR_CPD_IP,
DNI001,KPI_ReachDRR_CPD_IP,1709
DYE001,KPI_ReachDRR_CPD_IP,96205
DVN001,KPI_ReachDRR_CPD_IP,8880
DGE001,KPI_ReachDRR_CPD_IP,3930
DRO001,KPI_ReachDRR_CPD_IP,46356
DMD001,KPI_ReachDRR_CPD_IP,
DTG001,KPI_ReachDRR_CPD_IP,122714
DPW001,KPI_ReachDRR_CPD_IP,164
DGT001,KPI_ReachDRR_CPD_IP,
DTM001,KPI_ReachDRR_CPD_IP,59972
DSD001,KPI_ReachDRR_CPD_IP,2494100
DCR001,KPI_ReachDRR_CPD_IP,
DEC001,KPI_ReachDRR_CPD_IP,25161
DIE001,KPI_ReachDRR_CPD_IP,
DIT001,KPI_ReachDRR_CPD_IP,3600
DCM001,KPI_ReachDRR_CPD_IP,606327
DVU001,KPI_ReachDRR_CPD_IP,1722
DKP001,KPI_ReachDRR_CPD_IP,25229
DMA001,KPI_ReachDRR_CPD_IP,65000
DBJ001,KPI_ReachDRR_CPD_IP,335951
DBI001,KPI_ReachDRR_CPD_IP,1470471
DAZ001,KPI_ReachDRR_CPD_IP,14216
DCY001,KPI_ReachDRR_CPD_IP,85
DNE001,KPI_ReachDRR_CPD_IP,213750
DMY001,KPI_ReachDRR_CPD_IP,
DPK001,KPI_ReachDRR_CPD_IP,85329
DBB001,KPI_ReachDRR_CPD_IP,27
DSC001,KPI_ReachDRR_CPD_IP,25
DHT001,KPI_ReachDRR_CPD_IP,42433
DIN001,KPI_ReachDRR_CPD_IP,363884
DSI001,KPI_ReachDRR_CPD_IP,
DBA001,KPI_ReachDRR_CPD_IP,1354
DSL001,KPI_ReachDRR_CPD_IP,100031
DPA001,KPI_ReachDRR_CPD_IP,2362
DTO001,KPI_ReachDRR_CPD_IP,91
DTN001,KPI_ReachDRR_CPD_IP,
DMU001,KPI_ReachDRR_CPD_IP,984
DMN001,KPI_ReachDRR_CPD_IP,195846
DUZ001,KPI_ReachDRR_CPD_IP,84681
DKH001,KPI_ReachDRR_CPD_IP,187367
DSM001,KPI_ReachDRR_CPD_IP,
DMX001,KPI_ReachDRR_CPD_IP,95836
DGB001,KPI_ReachDRR_CPD_IP,
DSZ001,KPI_ReachDRR_CPD_IP,467
DGN001,KPI_ReachDRR_CPD_IP,73412
DMT001,KPI_ReachDRR_CPD_IP,
DCL001,KPI_ReachDRR_CPD_IP,3000
DET001,KPI_ReachDRR_CPD_IP,104804
DCV001,KPI_ReachDRR_CPD_IP,9000
DKI001,KPI_ReachDRR_CPD_IP,709
DNZ001,KPI_ReachDRR_CPD_IP,64606
DLV001,KPI_ReachDRR_CPD_IP,
DCU001,KPI_ReachDRR_CPD_IP,4687572
DGD001,KPI_ReachDRR_CPD_IP,26
DJM001,KPI_ReachH_CPD_IP,
DUG001,KPI_ReachH_CPD_IP,13099225
DGA001,KPI_ReachH_CPD_IP,191808
DMZ001,KPI_ReachH_CPD_IP,1166598
DZW001,KPI_ReachH_CPD_IP,203421
DCG001,KPI_ReachH_CPD_IP,3462500
DCO001,KPI_ReachH_CPD_IP,1590217
DBW001,KPI_ReachH_CPD_IP,1314395
DDE001,KPI_ReachH_CPD_IP,2499887
DIL001,KPI_ReachH_CPD_IP,1452845
DSR001,KPI_ReachH_CPD_IP,
DBD001,KPI_ReachH_CPD_IP,1013059
DBS001,KPI_ReachH_CPD_IP,358
DMH001,KPI_ReachH_CPD_IP,1361
DRU001,KPI_ReachH_CPD_IP,1393226
DNA001,KPI_ReachH_CPD_IP,22781
DCH001,KPI_ReachH_CPD_IP,
DCZ001,KPI_ReachH_CPD_IP,58484
DPL001,KPI_ReachH_CPD_IP,172470
DKM001,KPI_ReachH_CPD_IP,7009
DRS001,KPI_ReachH_CPD_IP,180084
DPS001,KPI_ReachH_CPD_IP,8003569
DSS001,KPI_ReachH_CPD_IP,696419
DQA001,KPI_ReachH_CPD_IP,1955386
DBZ001,KPI_ReachH_CPD_IP,211
DLK001,KPI_ReachH_CPD_IP,283500
DMV001,KPI_ReachH_CPD_IP,38920
DPG001,KPI_ReachH_CPD_IP,3296
DPH001,KPI_ReachH_CPD_IP,156625
DZM001,KPI_ReachH_CPD_IP,1546998
DBO001,KPI_ReachH_CPD_IP,106236
DFI001,KPI_ReachH_CPD_IP,9797
DGR001,KPI_ReachH_CPD_IP,12626
DTL001,KPI_ReachH_CPD_IP,108179
DSA001,KPI_ReachH_CPD_IP,1047272
DTD001,KPI_ReachH_CPD_IP,50823
DES001,KPI_ReachH_CPD_IP,1136285
DHN001,KPI_ReachH_CPD_IP,471732
DGM001,KPI_ReachH_CPD_IP,324794
DPT001,KPI_ReachH_CPD_IP,1125
DFR001,KPI_ReachH_CPD_IP,
DSG001,KPI_ReachH_CPD_IP,92322
DGY001,KPI_ReachH_CPD_IP,225
DBY001,KPI_ReachH_CPD_IP,105
DBE001,KPI_ReachH_CPD_IP,
DDM001,KPI_ReachH_CPD_IP,196
DMC001,KPI_ReachH_CPD_IP,5500
DCA001,KPI_ReachH_CPD_IP,173635
DLI001,KPI_ReachH_CPD_IP,350
DAF001,KPI_ReachH_CPD_IP,3179848
DSB001,KPI_ReachH_CPD_IP,70213
DKZ001,KPI_ReachH_CPD_IP,47992
DIS001,KPI_ReachH_CPD_IP,727
DRW001,KPI_ReachH_CPD_IP,5785014
DGH001,KPI_ReachH_CPD_IP,36894
DAU001,KPI_ReachH_CPD_IP,682268
DCD001,KPI_ReachH_CPD_IP,6231093
DMK001,KPI_ReachH_CPD_IP,31769
DNO001,KPI_ReachH_CPD_IP,757
DUS001,KPI_ReachH_CPD_IP,8451230
DDO001,KPI_ReachH_CPD_IP,1151258
DAD001,KPI_ReachH_CPD_IP,
DJO001,KPI_ReachH_CPD_IP,52500
DBH001,KPI_ReachH_CPD_IP,1000
DTR001,KPI_ReachH_CPD_IP,10494107
DML001,KPI_ReachH_CPD_IP,16630
DKN001,KPI_ReachH_CPD_IP,800
DSY001,KPI_ReachH_CPD_IP,3700000
DFM001,KPI_ReachH_CPD_IP,
DLC001,KPI_ReachH_CPD_IP,
DJP001,KPI_ReachH_CPD_IP,25370000
DLT001,KPI_ReachH_CPD_IP,44
DSN001,KPI_ReachH_CPD_IP,21497
DCI001,KPI_ReachH_CPD_IP,11045
DHU001,KPI_ReachH_CPD_IP,
DHR001,KPI_ReachH_CPD_IP,404598
DFJ001,KPI_ReachH_CPD_IP,1373
DIR001,KPI_ReachH_CPD_IP,6033767
DKE001,KPI_ReachH_CPD_IP,3229265
DDJ001,KPI_ReachH_CPD_IP,104171
DBR001,KPI_ReachH_CPD_IP,1074032
DSO001,KPI_ReachH_CPD_IP,1246240
DCK001,KPI_ReachH_CPD_IP,
DIQ001,KPI_ReachH_CPD_IP,241010
DAO001,KPI_ReachH_CPD_IP,65237
DVC001,KPI_ReachH_CPD_IP,1268
DPE001,KPI_ReachH_CPD_IP,9346
DAT001,KPI_ReachH_CPD_IP,3152520
DKR001,KPI_ReachH_CPD_IP,1424893
DLR001,KPI_ReachH_CPD_IP,179949
DLY001,KPI_ReachH_CPD_IP,20849
DVE001,KPI_ReachH_CPD_IP,203332
DAM001,KPI_ReachH_CPD_IP,1425140
DBF001,KPI_ReachH_CPD_IP,4004512
DBG001,KPI_ReachH_CPD_IP,318405
DBN001,KPI_ReachH_CPD_IP,
DDK001,KPI_ReachH_CPD_IP,18221
DMG001,KPI_ReachH_CPD_IP,625733
DCN001,KPI_ReachH_CPD_IP,
DSV001,KPI_ReachH_CPD_IP,36849
DWS001,KPI_ReachH_CPD_IP,84095
DZA001,KPI_ReachH_CPD_IP,940501
DTT001,KPI_ReachH_CPD_IP,631
DCF001,KPI_ReachH_CPD_IP,14799
DUY001,KPI_ReachH_CPD_IP,
DNG001,KPI_ReachH_CPD_IP,10697092
DLU001,KPI_ReachH_CPD_IP,21285
DMM001,KPI_ReachH_CPD_IP,49005
DNP001,KPI_ReachH_CPD_IP,3438577
DPY001,KPI_ReachH_CPD_IP,5403
DSE001,KPI_ReachH_CPD_IP,
DEG001,KPI_ReachH_CPD_IP,240909
DDZ001,KPI_ReachH_CPD_IP,63000
DKG001,KPI_ReachH_CPD_IP,190028
DTJ001,KPI_ReachH_CPD_IP,245793
DLB001,KPI_ReachH_CPD_IP,1852911
DLS001,KPI_ReachH_CPD_IP,80560
DTZ001,KPI_ReachH_CPD_IP,5494005
DAE001,KPI_ReachH_CPD_IP,
DMW001,KPI_ReachH_CPD_IP,8922631
DNL001,KPI_ReachH_CPD_IP,779941
DTV001,KPI_ReachH_CPD_IP,1168
DID001,KPI_ReachH_CPD_IP,974351
DGQ001,KPI_ReachH_CPD_IP,
DGW001,KPI_ReachH_CPD_IP,
DTH001,KPI_ReachH_CPD_IP,4646119
DAG001,KPI_ReachH_CPD_IP,
DUA001,KPI_ReachH_CPD_IP,6216818
DST001,KPI_ReachH_CPD_IP,1
DAR001,KPI_ReachH_CPD_IP,20077
DMR001,KPI_ReachH_CPD_IP,
DKW001,KPI_ReachH_CPD_IP,
DNI001,KPI_ReachH_CPD_IP,37547
DYE001,KPI_ReachH_CPD_IP,1943202
DVN001,KPI_ReachH_CPD_IP,3662664
DGE001,KPI_ReachH_CPD_IP,522118
DRO001,KPI_ReachH_CPD_IP,270504
DMD001,KPI_ReachH_CPD_IP,8480
DTG001,KPI_ReachH_CPD_IP,2412086
DPW001,KPI_ReachH_CPD_IP,1338
DGT001,KPI_ReachH_CPD_IP,147419
DTM001,KPI_ReachH_CPD_IP,76792
DSD001,KPI_ReachH_CPD_IP,242150
DCR001,KPI_ReachH_CPD_IP,
DEC001,KPI_ReachH_CPD_IP,386021
DIE001,KPI_ReachH_CPD_IP,1499
DIT001,KPI_ReachH_CPD_IP,51430
DCM001,KPI_ReachH_CPD_IP,2175609
DVU001,KPI_ReachH_CPD_IP,10672
DKP001,KPI_ReachH_CPD_IP,1800000
DMA001,KPI_ReachH_CPD_IP,618343
DBJ001,KPI_ReachH_CPD_IP,860198
DBI001,KPI_ReachH_CPD_IP,4102199
DAZ001,KPI_ReachH_CPD_IP,1247
DCY001,KPI_ReachH_CPD_IP,4051
DNE001,KPI_ReachH_CPD_IP,3501947
DMY001,KPI_ReachH_CPD_IP,27975
DPK001,KPI_ReachH_CPD_IP,293293
DBB001,KPI_ReachH_CPD_IP,
DSC001,KPI_ReachH_CPD_IP,
DHT001,KPI_ReachH_CPD_IP,4689
DIN001,KPI_ReachH_CPD_IP,13500
DSI001,KPI_ReachH_CPD_IP,5500
DBA001,KPI_ReachH_CPD_IP,15084
DSL001,KPI_ReachH_CPD_IP,25166
DPA001,KPI_ReachH_CPD_IP,75261
DTO001,KPI_ReachH_CPD_IP,1801
DTN001,KPI_ReachH_CPD_IP,22024
DMU001,KPI_ReachH_CPD_IP,
DMN001,KPI_ReachH_CPD_IP,52740
DUZ001,KPI_ReachH_CPD_IP,946813
DKH001,KPI_ReachH_CPD_IP,50747
DSM001,KPI_ReachH_CPD_IP,
DMX001,KPI_ReachH_CPD_IP,6797801
DGB001,KPI_ReachH_CPD_IP,85574
DSZ001,KPI_ReachH_CPD_IP,136570
DGN001,KPI_ReachH_CPD_IP,4341053
DMT001,KPI_ReachH_CPD_IP,7218
DCL001,KPI_ReachH_CPD_IP,10800
DET001,KPI_ReachH_CPD_IP,707500
DCV001,KPI_ReachH_CPD_IP,
DKI001,KPI_ReachH_CPD_IP,2063
DNZ001,KPI_ReachH_CPD_IP,
DLV001,KPI_ReachH_CPD_IP,3470
DSK001,KPI_ReachH_CPD_IP,23526
DCU001,KPI_ReachH_CPD_IP,1028436
DGD001,KPI_ReachH_CPD_IP,
DJM001,KPI_ReachHI_CPD_IP,
DGA001,KPI_ReachHI_CPD_IP,
DMZ001,KPI_ReachHI_CPD_IP,359530
DZW001,KPI_ReachHI_CPD_IP,32421
DCG001,KPI_ReachHI_CPD_IP,78000
DLA001,KPI_ReachHI_CPD_IP,
DCO001,KPI_ReachHI_CPD_IP,
DBW001,KPI_ReachHI_CPD_IP,1306328
DDE001,KPI_ReachHI_CPD_IP,
DIL001,KPI_ReachHI_CPD_IP,
DSR001,KPI_ReachHI_CPD_IP,
DBD001,KPI_ReachHI_CPD_IP,26764
DBS001,KPI_ReachHI_CPD_IP,30000
DMH001,KPI_ReachHI_CPD_IP,33
DRU001,KPI_ReachHI_CPD_IP,
DNA001,KPI_ReachHI_CPD_IP,
DCH001,KPI_ReachHI_CPD_IP,
DCZ001,KPI_ReachHI_CPD_IP,
DPL001,KPI_ReachHI_CPD_IP,
DKM001,KPI_ReachHI_CPD_IP,11582
DRS001,KPI_ReachHI_CPD_IP,
DSS001,KPI_ReachHI_CPD_IP,20180
DQA001,KPI_ReachHI_CPD_IP,
DLK001,KPI_ReachHI_CPD_IP,16079
DPG001,KPI_ReachHI_CPD_IP,8734
DPH001,KPI_ReachHI_CPD_IP,
DZM001,KPI_ReachHI_CPD_IP,654979
DBO001,KPI_ReachHI_CPD_IP,20430
DFI001,KPI_ReachHI_CPD_IP,
DGR001,KPI_ReachHI_CPD_IP,1959
DTL001,KPI_ReachHI_CPD_IP,7099
DSA001,KPI_ReachHI_CPD_IP,
DTD001,KPI_ReachHI_CPD_IP,13828
DES001,KPI_ReachHI_CPD_IP,
DHN001,KPI_ReachHI_CPD_IP,
DGM001,KPI_ReachHI_CPD_IP,
DPT001,KPI_ReachHI_CPD_IP,
DFR001,KPI_ReachHI_CPD_IP,
DSG001,KPI_ReachHI_CPD_IP,
DGY001,KPI_ReachHI_CPD_IP,
DBY001,KPI_ReachHI_CPD_IP,59978
DBE001,KPI_ReachHI_CPD_IP,
DMC001,KPI_ReachHI_CPD_IP,
DCA001,KPI_ReachHI_CPD_IP,152885
DLI001,KPI_ReachHI_CPD_IP,
DAF001,KPI_ReachHI_CPD_IP,134089
DSB001,KPI_ReachHI_CPD_IP,
DKZ001,KPI_ReachHI_CPD_IP,
DIS001,KPI_ReachHI_CPD_IP,
DRW001,KPI_ReachHI_CPD_IP,3030000
DGH001,KPI_ReachHI_CPD_IP,
DAU001,KPI_ReachHI_CPD_IP,
DCD001,KPI_ReachHI_CPD_IP,859065
DMK001,KPI_ReachHI_CPD_IP,
DNO001,KPI_ReachHI_CPD_IP,
DUS001,KPI_ReachHI_CPD_IP,
DDO001,KPI_ReachHI_CPD_IP,5036
DAD001,KPI_ReachHI_CPD_IP,
DJO001,KPI_ReachHI_CPD_IP,
DBH001,KPI_ReachHI_CPD_IP,
DML001,KPI_ReachHI_CPD_IP,240612
DKN001,KPI_ReachHI_CPD_IP,
DSY001,KPI_ReachHI_CPD_IP,
DFM001,KPI_ReachHI_CPD_IP,
DLC001,KPI_ReachHI_CPD_IP,
DJP001,KPI_ReachHI_CPD_IP,
DLT001,KPI_ReachHI_CPD_IP,
DSN001,KPI_ReachHI_CPD_IP,
DCI001,KPI_ReachHI_CPD_IP,1925
DHU001,KPI_ReachHI_CPD_IP,
DHR001,KPI_ReachHI_CPD_IP,
DFJ001,KPI_ReachHI_CPD_IP,
DKE001,KPI_ReachHI_CPD_IP,359888
DDJ001,KPI_ReachHI_CPD_IP,
DBR001,KPI_ReachHI_CPD_IP,169324
DSO001,KPI_ReachHI_CPD_IP,165791
DIQ001,KPI_ReachHI_CPD_IP,
DAO001,KPI_ReachHI_CPD_IP,
DVC001,KPI_ReachHI_CPD_IP,
DPE001,KPI_ReachHI_CPD_IP,1296865
DAT001,KPI_ReachHI_CPD_IP,
DKR001,KPI_ReachHI_CPD_IP,13942
DLR001,KPI_ReachHI_CPD_IP,
DLY001,KPI_ReachHI_CPD_IP,
DVE001,KPI_ReachHI_CPD_IP,
DAM001,KPI_ReachHI_CPD_IP,60000
DBF001,KPI_ReachHI_CPD_IP,868906
DBN001,KPI_ReachHI_CPD_IP,
DDK001,KPI_ReachHI_CPD_IP,
DMG001,KPI_ReachHI_CPD_IP,260998
DCN001,KPI_ReachHI_CPD_IP,
DSV001,KPI_ReachHI_CPD_IP,
DWS001,KPI_ReachHI_CPD_IP,107528
DZA001,KPI_ReachHI_CPD_IP,946430
DTT001,KPI_ReachHI_CPD_IP,
DCF001,KPI_ReachHI_CPD_IP,21524
DUY001,KPI_ReachHI_CPD_IP,
DNG001,KPI_ReachHI_CPD_IP,14466808
DLU001,KPI_ReachHI_CPD_IP,
DMM001,KPI_ReachHI_CPD_IP,
DNP001,KPI_ReachHI_CPD_IP,
DPY001,KPI_ReachHI_CPD_IP,
DSE001,KPI_ReachHI_CPD_IP,
DEG001,KPI_ReachHI_CPD_IP,
DDZ001,KPI_ReachHI_CPD_IP,109000
DKG001,KPI_ReachHI_CPD_IP,104480
DTJ001,KPI_ReachHI_CPD_IP,1133151
DLB001,KPI_ReachHI_CPD_IP,260284
DLS001,KPI_ReachHI_CPD_IP,1194
DTZ001,KPI_ReachHI_CPD_IP,13202712
DAE001,KPI_ReachHI_CPD_IP,
DMW001,KPI_ReachHI_CPD_IP,8448920
DNL001,KPI_ReachHI_CPD_IP,
DTV001,KPI_ReachHI_CPD_IP,
DID001,KPI_ReachHI_CPD_IP,3626
DEE001,KPI_ReachHI_CPD_IP,
DGQ001,KPI_ReachHI_CPD_IP,
DGW001,KPI_ReachHI_CPD_IP,
DTH001,KPI_ReachHI_CPD_IP,495845
DAG001,KPI_ReachHI_CPD_IP,
DUA001,KPI_ReachHI_CPD_IP,
DST001,KPI_ReachHI_CPD_IP,
DAR001,KPI_ReachHI_CPD_IP,12798
DMR001,KPI_ReachHI_CPD_IP,
DKW001,KPI_ReachHI_CPD_IP,
DNI001,KPI_ReachHI_CPD_IP,2859264
DYE001,KPI_ReachHI_CPD_IP,47228
DVN001,KPI_ReachHI_CPD_IP,
DGE001,KPI_ReachHI_CPD_IP,110091
DRO001,KPI_ReachHI_CPD_IP,
DMD001,KPI_ReachHI_CPD_IP,
DTG001,KPI_ReachHI_CPD_IP,141114
DPW001,KPI_ReachHI_CPD_IP,
DGT001,KPI_ReachHI_CPD_IP,
DTM001,KPI_ReachHI_CPD_IP,
DSD001,KPI_ReachHI_CPD_IP,31779
DCR001,KPI_ReachHI_CPD_IP,
DEC001,KPI_ReachHI_CPD_IP,159267
DIE001,KPI_ReachHI_CPD_IP,
DIT001,KPI_ReachHI_CPD_IP,
DVU001,KPI_ReachHI_CPD_IP,
DKP001,KPI_ReachHI_CPD_IP,
DMA001,KPI_ReachHI_CPD_IP,30000
DBJ001,KPI_ReachHI_CPD_IP,
DBI001,KPI_ReachHI_CPD_IP,20098
DAZ001,KPI_ReachHI_CPD_IP,
DCY001,KPI_ReachHI_CPD_IP,
DNE001,KPI_ReachHI_CPD_IP,9245
DMY001,KPI_ReachHI_CPD_IP,11415
DPK001,KPI_ReachHI_CPD_IP,29999
DSC001,KPI_ReachHI_CPD_IP,
DHT001,KPI_ReachHI_CPD_IP,4689
DSI001,KPI_ReachHI_CPD_IP,
DBA001,KPI_ReachHI_CPD_IP,4500
DSL001,KPI_ReachHI_CPD_IP,38847
DTO001,KPI_ReachHI_CPD_IP,
DTN001,KPI_ReachHI_CPD_IP,
DMU001,KPI_ReachHI_CPD_IP,
DMN001,KPI_ReachHI_CPD_IP,
DKH001,KPI_ReachHI_CPD_IP,
DSM001,KPI_ReachHI_CPD_IP,
DMX001,KPI_ReachHI_CPD_IP,400
DGB001,KPI_ReachHI_CPD_IP,
DSZ001,KPI_ReachHI_CPD_IP,13934
DGN001,KPI_ReachHI_CPD_IP,6467395
DMT001,KPI_ReachHI_CPD_IP,
DCL001,KPI_ReachHI_CPD_IP,
DET001,KPI_ReachHI_CPD_IP,451558
DCV001,KPI_ReachHI_CPD_IP,
DKI001,KPI_ReachHI_CPD_IP,
DNZ001,KPI_ReachHI_CPD_IP,
DLV001,KPI_ReachHI_CPD_IP,
DSK001,KPI_ReachHI_CPD_IP,
DCU001,KPI_ReachHI_CPD_IP,
DGD001,KPI_ReachHI_CPD_IP,
DJM001,KPI_ReachHPM_CPD_IP,
DUG001,KPI_ReachHPM_CPD_IP,149
DGA001,KPI_ReachHPM_CPD_IP,2070
DMZ001,KPI_ReachHPM_CPD_IP,16997
DZW001,KPI_ReachHPM_CPD_IP,
DCG001,KPI_ReachHPM_CPD_IP,95841
DLA001,KPI_ReachHPM_CPD_IP,38
DCO001,KPI_ReachHPM_CPD_IP,10663
DBW001,KPI_ReachHPM_CPD_IP,
DDE001,KPI_ReachHPM_CPD_IP,
DIL001,KPI_ReachHPM_CPD_IP,
DBD001,KPI_ReachHPM_CPD_IP,152752
DBS001,KPI_ReachHPM_CPD_IP,40
DMH001,KPI_ReachHPM_CPD_IP,
DRU001,KPI_ReachHPM_CPD_IP,163291
DNA001,KPI_ReachHPM_CPD_IP,
DCH001,KPI_ReachHPM_CPD_IP,
DCZ001,KPI_ReachHPM_CPD_IP,27612
DPL001,KPI_ReachHPM_CPD_IP,20720
DKM001,KPI_ReachHPM_CPD_IP,666
DRS001,KPI_ReachHPM_CPD_IP,51
DPS001,KPI_ReachHPM_CPD_IP,406010
DSS001,KPI_ReachHPM_CPD_IP,158149
DQA001,KPI_ReachHPM_CPD_IP,
DLK001,KPI_ReachHPM_CPD_IP,
DMV001,KPI_ReachHPM_CPD_IP,8868
DPG001,KPI_ReachHPM_CPD_IP,18
DPH001,KPI_ReachHPM_CPD_IP,14607
DZM001,KPI_ReachHPM_CPD_IP,908
DBO001,KPI_ReachHPM_CPD_IP,3480
DFI001,KPI_ReachHPM_CPD_IP,109
DGR001,KPI_ReachHPM_CPD_IP,9669
DTL001,KPI_ReachHPM_CPD_IP,
DSA001,KPI_ReachHPM_CPD_IP,15044
DTD001,KPI_ReachHPM_CPD_IP,25712
DES001,KPI_ReachHPM_CPD_IP,7215
DHN001,KPI_ReachHPM_CPD_IP,3442
DGM001,KPI_ReachHPM_CPD_IP,21151
DPT001,KPI_ReachHPM_CPD_IP,910
DFR001,KPI_ReachHPM_CPD_IP,
DSG001,KPI_ReachHPM_CPD_IP,
DGY001,KPI_ReachHPM_CPD_IP,
DBY001,KPI_ReachHPM_CPD_IP,335
DBE001,KPI_ReachHPM_CPD_IP,
DMC001,KPI_ReachHPM_CPD_IP,
DCA001,KPI_ReachHPM_CPD_IP,65066
DLI001,KPI_ReachHPM_CPD_IP,
DAF001,KPI_ReachHPM_CPD_IP,91250
DSB001,KPI_ReachHPM_CPD_IP,
DKZ001,KPI_ReachHPM_CPD_IP,63
DIS001,KPI_ReachHPM_CPD_IP,27095
DRW001,KPI_ReachHPM_CPD_IP,233738
DGH001,KPI_ReachHPM_CPD_IP,
DAU001,KPI_ReachHPM_CPD_IP,88493
DCD001,KPI_ReachHPM_CPD_IP,92861
DMK001,KPI_ReachHPM_CPD_IP,1515
DNO001,KPI_ReachHPM_CPD_IP,103357
DUS001,KPI_ReachHPM_CPD_IP,60013
DDO001,KPI_ReachHPM_CPD_IP,3664
DAD001,KPI_ReachHPM_CPD_IP,
DJO001,KPI_ReachHPM_CPD_IP,
DBH001,KPI_ReachHPM_CPD_IP,1000
DTR001,KPI_ReachHPM_CPD_IP,106240
DML001,KPI_ReachHPM_CPD_IP,35411
DKN001,KPI_ReachHPM_CPD_IP,25
DSY001,KPI_ReachHPM_CPD_IP,652676
DFM001,KPI_ReachHPM_CPD_IP,
DLC001,KPI_ReachHPM_CPD_IP,
DJP001,KPI_ReachHPM_CPD_IP,
DLT001,KPI_ReachHPM_CPD_IP,2757
DSN001,KPI_ReachHPM_CPD_IP,7600
DCI001,KPI_ReachHPM_CPD_IP,46
DHU001,KPI_ReachHPM_CPD_IP,11679
DHR001,KPI_ReachHPM_CPD_IP,12577
DFJ001,KPI_ReachHPM_CPD_IP,
DIR001,KPI_ReachHPM_CPD_IP,25332
DKE001,KPI_ReachHPM_CPD_IP,3964
DDJ001,KPI_ReachHPM_CPD_IP,
DBR001,KPI_ReachHPM_CPD_IP,14855
DSO001,KPI_ReachHPM_CPD_IP,980
DIQ001,KPI_ReachHPM_CPD_IP,683321
DAO001,KPI_ReachHPM_CPD_IP,
DVC001,KPI_ReachHPM_CPD_IP,30
DPE001,KPI_ReachHPM_CPD_IP,342
DAT001,KPI_ReachHPM_CPD_IP,40488
DKR001,KPI_ReachHPM_CPD_IP,9091
DLR001,KPI_ReachHPM_CPD_IP,345
DLY001,KPI_ReachHPM_CPD_IP,7000
DVE001,KPI_ReachHPM_CPD_IP,27332
DBF001,KPI_ReachHPM_CPD_IP,346023
DBG001,KPI_ReachHPM_CPD_IP,20306
DBN001,KPI_ReachHPM_CPD_IP,
DDK001,KPI_ReachHPM_CPD_IP,921819
DCN001,KPI_ReachHPM_CPD_IP,
DSV001,KPI_ReachHPM_CPD_IP,7266
DWS001,KPI_ReachHPM_CPD_IP,29080
DZA001,KPI_ReachHPM_CPD_IP,869267
DTT001,KPI_ReachHPM_CPD_IP,79
DCF001,KPI_ReachHPM_CPD_IP,1191
DUY001,KPI_ReachHPM_CPD_IP,
DLU001,KPI_ReachHPM_CPD_IP,4040
DMM001,KPI_ReachHPM_CPD_IP,720
DNP001,KPI_ReachHPM_CPD_IP,6900
DPY001,KPI_ReachHPM_CPD_IP,2406
DSE001,KPI_ReachHPM_CPD_IP,575
DEG001,KPI_ReachHPM_CPD_IP,
DDZ001,KPI_ReachHPM_CPD_IP,
DKG001,KPI_ReachHPM_CPD_IP,6792
DTJ001,KPI_ReachHPM_CPD_IP,268
DLB001,KPI_ReachHPM_CPD_IP,24957
DLS001,KPI_ReachHPM_CPD_IP,5480
DAL001,KPI_ReachHPM_CPD_IP,2000
DTZ001,KPI_ReachHPM_CPD_IP,7314
DAE001,KPI_ReachHPM_CPD_IP,
DME001,KPI_ReachHPM_CPD_IP,7488
DMW001,KPI_ReachHPM_CPD_IP,8922631
DNL001,KPI_ReachHPM_CPD_IP,1084
DTV001,KPI_ReachHPM_CPD_IP,
DID001,KPI_ReachHPM_CPD_IP,440692
DEE001,KPI_ReachHPM_CPD_IP,687
DGQ001,KPI_ReachHPM_CPD_IP,
DGW001,KPI_ReachHPM_CPD_IP,
DTH001,KPI_ReachHPM_CPD_IP,107
DAG001,KPI_ReachHPM_CPD_IP,
DUA001,KPI_ReachHPM_CPD_IP,322851
DST001,KPI_ReachHPM_CPD_IP,
DAR001,KPI_ReachHPM_CPD_IP,20018
DMR001,KPI_ReachHPM_CPD_IP,
DKW001,KPI_ReachHPM_CPD_IP,
DNI001,KPI_ReachHPM_CPD_IP,2167
DYE001,KPI_ReachHPM_CPD_IP,27712
DVN001,KPI_ReachHPM_CPD_IP,
DGE001,KPI_ReachHPM_CPD_IP,62648
DRO001,KPI_ReachHPM_CPD_IP,23492
DMD001,KPI_ReachHPM_CPD_IP,15312
DTG001,KPI_ReachHPM_CPD_IP,
DPW001,KPI_ReachHPM_CPD_IP,183
DGT001,KPI_ReachHPM_CPD_IP,23629
DTM001,KPI_ReachHPM_CPD_IP,5035
DSD001,KPI_ReachHPM_CPD_IP,140900
DCR001,KPI_ReachHPM_CPD_IP,
DEC001,KPI_ReachHPM_CPD_IP,30054
DIE001,KPI_ReachHPM_CPD_IP,66
DIT001,KPI_ReachHPM_CPD_IP,4466
DVU001,KPI_ReachHPM_CPD_IP,
DMA001,KPI_ReachHPM_CPD_IP,15000
DBJ001,KPI_ReachHPM_CPD_IP,58002
DBI001,KPI_ReachHPM_CPD_IP,215345
DAZ001,KPI_ReachHPM_CPD_IP,341
DCY001,KPI_ReachHPM_CPD_IP,723
DNE001,KPI_ReachHPM_CPD_IP,32350
DMY001,KPI_ReachHPM_CPD_IP,17853
DPK001,KPI_ReachHPM_CPD_IP,6945
DBB001,KPI_ReachHPM_CPD_IP,
DSC001,KPI_ReachHPM_CPD_IP,
DHT001,KPI_ReachHPM_CPD_IP,
DIN001,KPI_ReachHPM_CPD_IP,
DSI001,KPI_ReachHPM_CPD_IP,2041
DBA001,KPI_ReachHPM_CPD_IP,54748
DSL001,KPI_ReachHPM_CPD_IP,6499
DPA001,KPI_ReachHPM_CPD_IP,1423
DTO001,KPI_ReachHPM_CPD_IP,
DTN001,KPI_ReachHPM_CPD_IP,
DMU001,KPI_ReachHPM_CPD_IP,119
DMN001,KPI_ReachHPM_CPD_IP,22696
DKH001,KPI_ReachHPM_CPD_IP,
DSM001,KPI_ReachHPM_CPD_IP,
DMX001,KPI_ReachHPM_CPD_IP,4592
DGB001,KPI_ReachHPM_CPD_IP,10027
DSZ001,KPI_ReachHPM_CPD_IP,186
DGN001,KPI_ReachHPM_CPD_IP,120167
DMT001,KPI_ReachHPM_CPD_IP,
DCL001,KPI_ReachHPM_CPD_IP,7650
DET001,KPI_ReachHPM_CPD_IP,172398
DCV001,KPI_ReachHPM_CPD_IP,
DKI001,KPI_ReachHPM_CPD_IP,
DNZ001,KPI_ReachHPM_CPD_IP,4229
DLV001,KPI_ReachHPM_CPD_IP,
DSK001,KPI_ReachHPM_CPD_IP,32530
DCU001,KPI_ReachHPM_CPD_IP,62864
DGD001,KPI_ReachHPM_CPD_IP,
DJM001,KPI_ReachL_CPD_IP,250
DUG001,KPI_ReachL_CPD_IP,5558
DGA001,KPI_ReachL_CPD_IP,1600
DMZ001,KPI_ReachL_CPD_IP,35508
DZW001,KPI_ReachL_CPD_IP,9595
DCG001,KPI_ReachL_CPD_IP,1700
DLA001,KPI_ReachL_CPD_IP,2216
DCO001,KPI_ReachL_CPD_IP,912
DBW001,KPI_ReachL_CPD_IP,1774
DDE001,KPI_ReachL_CPD_IP,1145637
DIL001,KPI_ReachL_CPD_IP,7900
DBD001,KPI_ReachL_CPD_IP,47112
DBS001,KPI_ReachL_CPD_IP,12232
DMH001,KPI_ReachL_CPD_IP,250
DRU001,KPI_ReachL_CPD_IP,6348
DNA001,KPI_ReachL_CPD_IP,1346
DCH001,KPI_ReachL_CPD_IP,
DCZ001,KPI_ReachL_CPD_IP,
DPL001,KPI_ReachL_CPD_IP,1676
DKM001,KPI_ReachL_CPD_IP,412
DRS001,KPI_ReachL_CPD_IP,1606
DPS001,KPI_ReachL_CPD_IP,1326839
DSS001,KPI_ReachL_CPD_IP,36753
DQA001,KPI_ReachL_CPD_IP,1543
DBZ001,KPI_ReachL_CPD_IP,102
DLK001,KPI_ReachL_CPD_IP,
DMV001,KPI_ReachL_CPD_IP,2616
DPG001,KPI_ReachL_CPD_IP,
DPH001,KPI_ReachL_CPD_IP,10174
DZM001,KPI_ReachL_CPD_IP,8364
DFI001,KPI_ReachL_CPD_IP,
DGR001,KPI_ReachL_CPD_IP,2925
DTL001,KPI_ReachL_CPD_IP,127
DSA001,KPI_ReachL_CPD_IP,
DTD001,KPI_ReachL_CPD_IP,1712
DES001,KPI_ReachL_CPD_IP,
DHN001,KPI_ReachL_CPD_IP,455
DGM001,KPI_ReachL_CPD_IP,3709
DPT001,KPI_ReachL_CPD_IP,58588
DFR001,KPI_ReachL_CPD_IP,
DSG001,KPI_ReachL_CPD_IP,1900
DGY001,KPI_ReachL_CPD_IP,47
DBY001,KPI_ReachL_CPD_IP,2510
DBE001,KPI_ReachL_CPD_IP,
DDM001,KPI_ReachL_CPD_IP,33
DMC001,KPI_ReachL_CPD_IP,
DCA001,KPI_ReachL_CPD_IP,262
DLI001,KPI_ReachL_CPD_IP,
DAF001,KPI_ReachL_CPD_IP,7398
DSB001,KPI_ReachL_CPD_IP,
DKZ001,KPI_ReachL_CPD_IP,
DIS001,KPI_ReachL_CPD_IP,
DRW001,KPI_ReachL_CPD_IP,65002
DGH001,KPI_ReachL_CPD_IP,
DAU001,KPI_ReachL_CPD_IP,129451
DCD001,KPI_ReachL_CPD_IP,198681
DMK001,KPI_ReachL_CPD_IP,296
DNO001,KPI_ReachL_CPD_IP,
DUS001,KPI_ReachL_CPD_IP,293185
DDO001,KPI_ReachL_CPD_IP,19238
DAD001,KPI_ReachL_CPD_IP,
DJO001,KPI_ReachL_CPD_IP,8852
DBH001,KPI_ReachL_CPD_IP,3417
DTR001,KPI_ReachL_CPD_IP,15062103
DML001,KPI_ReachL_CPD_IP,2744
DKN001,KPI_ReachL_CPD_IP,
DSY001,KPI_ReachL_CPD_IP,29465
DFM001,KPI_ReachL_CPD_IP,
DLC001,KPI_ReachL_CPD_IP,450
DJP001,KPI_ReachL_CPD_IP,
DLT001,KPI_ReachL_CPD_IP,1767
DSN001,KPI_ReachL_CPD_IP,637
DCI001,KPI_ReachL_CPD_IP,956
DHU001,KPI_ReachL_CPD_IP,
DHR001,KPI_ReachL_CPD_IP,109128
DFJ001,KPI_ReachL_CPD_IP,
DIR001,KPI_ReachL_CPD_IP,3564352
DKE001,KPI_ReachL_CPD_IP,1483574
DDJ001,KPI_ReachL_CPD_IP,
DBR001,KPI_ReachL_CPD_IP,306586
DSO001,KPI_ReachL_CPD_IP,875
DCK001,KPI_ReachL_CPD_IP,
DIQ001,KPI_ReachL_CPD_IP,3410
DAO001,KPI_ReachL_CPD_IP,22878
DVC001,KPI_ReachL_CPD_IP,315
DPE001,KPI_ReachL_CPD_IP,291000
DAT001,KPI_ReachL_CPD_IP,133
DKR001,KPI_ReachL_CPD_IP,
DLR001,KPI_ReachL_CPD_IP,18431
DLY001,KPI_ReachL_CPD_IP,46574
DVE001,KPI_ReachL_CPD_IP,
DAM001,KPI_ReachL_CPD_IP,70649
DBF001,KPI_ReachL_CPD_IP,995361
DBG001,KPI_ReachL_CPD_IP,247838
DBN001,KPI_ReachL_CPD_IP,
DDK001,KPI_ReachL_CPD_IP,
DMG001,KPI_ReachL_CPD_IP,5885
DCN001,KPI_ReachL_CPD_IP,
DSV001,KPI_ReachL_CPD_IP,181
DWS001,KPI_ReachL_CPD_IP,173368
DZA001,KPI_ReachL_CPD_IP,668890
DTT001,KPI_ReachL_CPD_IP,15
DCF001,KPI_ReachL_CPD_IP,1032
DUY001,KPI_ReachL_CPD_IP,1250
DNG001,KPI_ReachL_CPD_IP,58752
DLU001,KPI_ReachL_CPD_IP,12994
DMM001,KPI_ReachL_CPD_IP,9943
DNP001,KPI_ReachL_CPD_IP,12220
DPY001,KPI_ReachL_CPD_IP,
DSE001,KPI_ReachL_CPD_IP,
DEG001,KPI_ReachL_CPD_IP,141
DDZ001,KPI_ReachL_CPD_IP,2500
DKG001,KPI_ReachL_CPD_IP,1769
DTJ001,KPI_ReachL_CPD_IP,2445
DLB001,KPI_ReachL_CPD_IP,257
DLS001,KPI_ReachL_CPD_IP,8005
DAL001,KPI_ReachL_CPD_IP,20000
DTZ001,KPI_ReachL_CPD_IP,14370
DAE001,KPI_ReachL_CPD_IP,
DME001,KPI_ReachL_CPD_IP,26394
DMW001,KPI_ReachL_CPD_IP,1775824
DNL001,KPI_ReachL_CPD_IP,
DTV001,KPI_ReachL_CPD_IP,
DID001,KPI_ReachL_CPD_IP,533
DEE001,KPI_ReachL_CPD_IP,
DGQ001,KPI_ReachL_CPD_IP,
DGW001,KPI_ReachL_CPD_IP,
DTH001,KPI_ReachL_CPD_IP,
DAG001,KPI_ReachL_CPD_IP,
DUA001,KPI_ReachL_CPD_IP,104521
DST001,KPI_ReachL_CPD_IP,
DAR001,KPI_ReachL_CPD_IP,1500
DMR001,KPI_ReachL_CPD_IP,10800
DKW001,KPI_ReachL_CPD_IP,4376
DNI001,KPI_ReachL_CPD_IP,90311
DYE001,KPI_ReachL_CPD_IP,586852
DVN001,KPI_ReachL_CPD_IP,3919927
DGE001,KPI_ReachL_CPD_IP,19150
DRO001,KPI_ReachL_CPD_IP,293420
DMD001,KPI_ReachL_CPD_IP,
DTG001,KPI_ReachL_CPD_IP,18490
DPW001,KPI_ReachL_CPD_IP,
DGT001,KPI_ReachL_CPD_IP,544
DTM001,KPI_ReachL_CPD_IP,7539
DSD001,KPI_ReachL_CPD_IP,444000
DCR001,KPI_ReachL_CPD_IP,2455
DEC001,KPI_ReachL_CPD_IP,4008
DIE001,KPI_ReachL_CPD_IP,
DIT001,KPI_ReachL_CPD_IP,2273080
DCM001,KPI_ReachL_CPD_IP,651006
DVU001,KPI_ReachL_CPD_IP,
DKP001,KPI_ReachL_CPD_IP,18921
DMA001,KPI_ReachL_CPD_IP,666000
DBJ001,KPI_ReachL_CPD_IP,7980
DBI001,KPI_ReachL_CPD_IP,361202
DAZ001,KPI_ReachL_CPD_IP,
DCY001,KPI_ReachL_CPD_IP,28571
DNE001,KPI_ReachL_CPD_IP,3797
DMY001,KPI_ReachL_CPD_IP,12707
DPK001,KPI_ReachL_CPD_IP,2400
DBB001,KPI_ReachL_CPD_IP,48
DIN001,KPI_ReachL_CPD_IP,37952
DSI001,KPI_ReachL_CPD_IP,121296
DBA001,KPI_ReachL_CPD_IP,29375
DSL001,KPI_ReachL_CPD_IP,11479
DPA001,KPI_ReachL_CPD_IP,1753
DTO001,KPI_ReachL_CPD_IP,548
DTN001,KPI_ReachL_CPD_IP,10000
DMU001,KPI_ReachL_CPD_IP,
DMN001,KPI_ReachL_CPD_IP,32832
DUZ001,KPI_ReachL_CPD_IP,25370
DKH001,KPI_ReachL_CPD_IP,704
DSM001,KPI_ReachL_CPD_IP,
DMX001,KPI_ReachL_CPD_IP,1145042
DGB001,KPI_ReachL_CPD_IP,
DSZ001,KPI_ReachL_CPD_IP,13445
DGN001,KPI_ReachL_CPD_IP,47828
DMT001,KPI_ReachL_CPD_IP,
DCL001,KPI_ReachL_CPD_IP,500
DET001,KPI_ReachL_CPD_IP,6760
DCV001,KPI_ReachL_CPD_IP,24112
DKI001,KPI_ReachL_CPD_IP,
DNZ001,KPI_ReachL_CPD_IP,27956
DLV001,KPI_ReachL_CPD_IP,
DSK001,KPI_ReachL_CPD_IP,11606
DCU001,KPI_ReachL_CPD_IP,
DGD001,KPI_ReachL_CPD_IP,
DJM001,KPI_ReachLTSPD_CPD_IP,
DUG001,KPI_ReachLTSPD_CPD_IP,
DGA001,KPI_ReachLTSPD_CPD_IP,
DBT001,KPI_ReachLTSPD_CPD_IP,158476
DMZ001,KPI_ReachLTSPD_CPD_IP,353751
DZW001,KPI_ReachLTSPD_CPD_IP,20000
DCG001,KPI_ReachLTSPD_CPD_IP,54932
DLA001,KPI_ReachLTSPD_CPD_IP,61962
DCO001,KPI_ReachLTSPD_CPD_IP,168910
DBW001,KPI_ReachLTSPD_CPD_IP,2258
DDE001,KPI_ReachLTSPD_CPD_IP,
DIL001,KPI_ReachLTSPD_CPD_IP,410000
DSR001,KPI_ReachLTSPD_CPD_IP,
DBD001,KPI_ReachLTSPD_CPD_IP,926493
DBS001,KPI_ReachLTSPD_CPD_IP,
DMH001,KPI_ReachLTSPD_CPD_IP,1188
DRU001,KPI_ReachLTSPD_CPD_IP,660412
DNA001,KPI_ReachLTSPD_CPD_IP,990
DCH001,KPI_ReachLTSPD_CPD_IP,565800
DCZ001,KPI_ReachLTSPD_CPD_IP,297828
DPL001,KPI_ReachLTSPD_CPD_IP,83644
DKM001,KPI_ReachLTSPD_CPD_IP,1369
DRS001,KPI_ReachLTSPD_CPD_IP,138197
DPS001,KPI_ReachLTSPD_CPD_IP,9399379
DSS001,KPI_ReachLTSPD_CPD_IP,
DQA001,KPI_ReachLTSPD_CPD_IP,
DBZ001,KPI_ReachLTSPD_CPD_IP,66
DLK001,KPI_ReachLTSPD_CPD_IP,139100
DMV001,KPI_ReachLTSPD_CPD_IP,41722
DPG001,KPI_ReachLTSPD_CPD_IP,1428
DPH001,KPI_ReachLTSPD_CPD_IP,
DZM001,KPI_ReachLTSPD_CPD_IP,
DBO001,KPI_ReachLTSPD_CPD_IP,4506
DFI001,KPI_ReachLTSPD_CPD_IP,
DGR001,KPI_ReachLTSPD_CPD_IP,208489
DTL001,KPI_ReachLTSPD_CPD_IP,108179
DSA001,KPI_ReachLTSPD_CPD_IP,
DTD001,KPI_ReachLTSPD_CPD_IP,654
DES001,KPI_ReachLTSPD_CPD_IP,
DHN001,KPI_ReachLTSPD_CPD_IP,219637
DGM001,KPI_ReachLTSPD_CPD_IP,
DPT001,KPI_ReachLTSPD_CPD_IP,85310
DFR001,KPI_ReachLTSPD_CPD_IP,
DSG001,KPI_ReachLTSPD_CPD_IP,96811
DGY001,KPI_ReachLTSPD_CPD_IP,1554
DBY001,KPI_ReachLTSPD_CPD_IP,427783
DBE001,KPI_ReachLTSPD_CPD_IP,
DDM001,KPI_ReachLTSPD_CPD_IP,173
DMC001,KPI_ReachLTSPD_CPD_IP,
DCA001,KPI_ReachLTSPD_CPD_IP,203133
DLI001,KPI_ReachLTSPD_CPD_IP,2037
DAF001,KPI_ReachLTSPD_CPD_IP,3547473
DSB001,KPI_ReachLTSPD_CPD_IP,78224
DKZ001,KPI_ReachLTSPD_CPD_IP,794519
DIS001,KPI_ReachLTSPD_CPD_IP,11302
DRW001,KPI_ReachLTSPD_CPD_IP,877648
DGH001,KPI_ReachLTSPD_CPD_IP,
DAU001,KPI_ReachLTSPD_CPD_IP,444316
DCD001,KPI_ReachLTSPD_CPD_IP,2716313
DMK001,KPI_ReachLTSPD_CPD_IP,99530
DNO001,KPI_ReachLTSPD_CPD_IP,26798
DUS001,KPI_ReachLTSPD_CPD_IP,8996899
DDO001,KPI_ReachLTSPD_CPD_IP,2404905
DAD001,KPI_ReachLTSPD_CPD_IP,442
DJO001,KPI_ReachLTSPD_CPD_IP,
DBH001,KPI_ReachLTSPD_CPD_IP,3417
DTR001,KPI_ReachLTSPD_CPD_IP,38079228
DML001,KPI_ReachLTSPD_CPD_IP,
DKN001,KPI_ReachLTSPD_CPD_IP,
DSY001,KPI_ReachLTSPD_CPD_IP,7780049
DFM001,KPI_ReachLTSPD_CPD_IP,30634
DLC001,KPI_ReachLTSPD_CPD_IP,
DJP001,KPI_ReachLTSPD_CPD_IP,8721547
DLT001,KPI_ReachLTSPD_CPD_IP,
DSN001,KPI_ReachLTSPD_CPD_IP,1510
DCI001,KPI_ReachLTSPD_CPD_IP,
DHU001,KPI_ReachLTSPD_CPD_IP,
DHR001,KPI_ReachLTSPD_CPD_IP,686130
DFJ001,KPI_ReachLTSPD_CPD_IP,403476
DIR001,KPI_ReachLTSPD_CPD_IP,49017
DKE001,KPI_ReachLTSPD_CPD_IP,3033962
DDJ001,KPI_ReachLTSPD_CPD_IP,
DBR001,KPI_ReachLTSPD_CPD_IP,73366
DSO001,KPI_ReachLTSPD_CPD_IP,
DCK001,KPI_ReachLTSPD_CPD_IP,424
DIQ001,KPI_ReachLTSPD_CPD_IP,2612981
DVC001,KPI_ReachLTSPD_CPD_IP,30
DAT001,KPI_ReachLTSPD_CPD_IP,477273
DKR001,KPI_ReachLTSPD_CPD_IP,489330
DLR001,KPI_ReachLTSPD_CPD_IP,81703
DLY001,KPI_ReachLTSPD_CPD_IP,27100
DVE001,KPI_ReachLTSPD_CPD_IP,16278
DAM001,KPI_ReachLTSPD_CPD_IP,139110
DBF001,KPI_ReachLTSPD_CPD_IP,1716282
DBG001,KPI_ReachLTSPD_CPD_IP,747187
DBN001,KPI_ReachLTSPD_CPD_IP,
DDK001,KPI_ReachLTSPD_CPD_IP,35171
DCN001,KPI_ReachLTSPD_CPD_IP,38668441
DSV001,KPI_ReachLTSPD_CPD_IP,
DWS001,KPI_ReachLTSPD_CPD_IP,104796
DZA001,KPI_ReachLTSPD_CPD_IP,39863
DTT001,KPI_ReachLTSPD_CPD_IP,46
DUY001,KPI_ReachLTSPD_CPD_IP,5514
DNG001,KPI_ReachLTSPD_CPD_IP,31048
DLU001,KPI_ReachLTSPD_CPD_IP,54320
DMM001,KPI_ReachLTSPD_CPD_IP,523294
DNP001,KPI_ReachLTSPD_CPD_IP,4170215
DPY001,KPI_ReachLTSPD_CPD_IP,1671
DSE001,KPI_ReachLTSPD_CPD_IP,
DEG001,KPI_ReachLTSPD_CPD_IP,46704
DDZ001,KPI_ReachLTSPD_CPD_IP,
DKG001,KPI_ReachLTSPD_CPD_IP,16798
DTJ001,KPI_ReachLTSPD_CPD_IP,
DLB001,KPI_ReachLTSPD_CPD_IP,708290
DLS001,KPI_ReachLTSPD_CPD_IP,334
DTZ001,KPI_ReachLTSPD_CPD_IP,226457
DAE001,KPI_ReachLTSPD_CPD_IP,
DME001,KPI_ReachLTSPD_CPD_IP,65526
DMW001,KPI_ReachLTSPD_CPD_IP,8922631
DNL001,KPI_ReachLTSPD_CPD_IP,99786
DTV001,KPI_ReachLTSPD_CPD_IP,1000
DID001,KPI_ReachLTSPD_CPD_IP,1234451
DEE001,KPI_ReachLTSPD_CPD_IP,
DGQ001,KPI_ReachLTSPD_CPD_IP,
DGW001,KPI_ReachLTSPD_CPD_IP,
DTH001,KPI_ReachLTSPD_CPD_IP,4646119
DAG001,KPI_ReachLTSPD_CPD_IP,
DUA001,KPI_ReachLTSPD_CPD_IP,5074
DST001,KPI_ReachLTSPD_CPD_IP,
DAR001,KPI_ReachLTSPD_CPD_IP,25481
DMR001,KPI_ReachLTSPD_CPD_IP,5400
DKW001,KPI_ReachLTSPD_CPD_IP,
DNI001,KPI_ReachLTSPD_CPD_IP,293898
DYE001,KPI_ReachLTSPD_CPD_IP,2451376
DVN001,KPI_ReachLTSPD_CPD_IP,3658933
DGE001,KPI_ReachLTSPD_CPD_IP,78553
DRO001,KPI_ReachLTSPD_CPD_IP,57396
DMD001,KPI_ReachLTSPD_CPD_IP,
DTG001,KPI_ReachLTSPD_CPD_IP,2333324
DPW001,KPI_ReachLTSPD_CPD_IP,16020
DGT001,KPI_ReachLTSPD_CPD_IP,14
DTM001,KPI_ReachLTSPD_CPD_IP,
DSD001,KPI_ReachLTSPD_CPD_IP,2124000
DCR001,KPI_ReachLTSPD_CPD_IP,
DEC001,KPI_ReachLTSPD_CPD_IP,
DIE001,KPI_ReachLTSPD_CPD_IP,6275
DIT001,KPI_ReachLTSPD_CPD_IP,2560621
DCM001,KPI_ReachLTSPD_CPD_IP,606327
DVU001,KPI_ReachLTSPD_CPD_IP,1281
DKP001,KPI_ReachLTSPD_CPD_IP,63073
DMA001,KPI_ReachLTSPD_CPD_IP,3100
DBJ001,KPI_ReachLTSPD_CPD_IP,779404
DBI001,KPI_ReachLTSPD_CPD_IP,718246
DAZ001,KPI_ReachLTSPD_CPD_IP,
DCY001,KPI_ReachLTSPD_CPD_IP,39146
DNE001,KPI_ReachLTSPD_CPD_IP,
DMY001,KPI_ReachLTSPD_CPD_IP,18438
DPK001,KPI_ReachLTSPD_CPD_IP,31068
DBB001,KPI_ReachLTSPD_CPD_IP,50
DSC001,KPI_ReachLTSPD_CPD_IP,
DHT001,KPI_ReachLTSPD_CPD_IP,
DIN001,KPI_ReachLTSPD_CPD_IP,5370211
DSI001,KPI_ReachLTSPD_CPD_IP,4978
DBA001,KPI_ReachLTSPD_CPD_IP,58314
DSL001,KPI_ReachLTSPD_CPD_IP,82790
DTO001,KPI_ReachLTSPD_CPD_IP,1349
DTN001,KPI_ReachLTSPD_CPD_IP,
DMU001,KPI_ReachLTSPD_CPD_IP,
DMN001,KPI_ReachLTSPD_CPD_IP,1716727
DKH001,KPI_ReachLTSPD_CPD_IP,522931
DMX001,KPI_ReachLTSPD_CPD_IP,26534
DGB001,KPI_ReachLTSPD_CPD_IP,
DSZ001,KPI_ReachLTSPD_CPD_IP,
DGN001,KPI_ReachLTSPD_CPD_IP,32494
DMT001,KPI_ReachLTSPD_CPD_IP,
DCL001,KPI_ReachLTSPD_CPD_IP,
DET001,KPI_ReachLTSPD_CPD_IP,3650916
DCV001,KPI_ReachLTSPD_CPD_IP,4313
DKI001,KPI_ReachLTSPD_CPD_IP,3897
DNZ001,KPI_ReachLTSPD_CPD_IP,146727
DLV001,KPI_ReachLTSPD_CPD_IP,
DSK001,KPI_ReachLTSPD_CPD_IP,280084
DCU001,KPI_ReachLTSPD_CPD_IP,749732
DGD001,KPI_ReachLTSPD_CPD_IP,
DJM001,KPI_ReachM_CPD_IP,37
DUG001,KPI_ReachM_CPD_IP,106370
DGA001,KPI_ReachM_CPD_IP,
DMZ001,KPI_ReachM_CPD_IP,223262
DZW001,KPI_ReachM_CPD_IP,6433
DCG001,KPI_ReachM_CPD_IP,16700
DLA001,KPI_ReachM_CPD_IP,36
DCO001,KPI_ReachM_CPD_IP,462955
DBW001,KPI_ReachM_CPD_IP,5422
DDE001,KPI_ReachM_CPD_IP,
DIL001,KPI_ReachM_CPD_IP,2
DSR001,KPI_ReachM_CPD_IP,
DBD001,KPI_ReachM_CPD_IP,149529
DBS001,KPI_ReachM_CPD_IP,128
DMH001,KPI_ReachM_CPD_IP,
DRU001,KPI_ReachM_CPD_IP,300000
DNA001,KPI_ReachM_CPD_IP,2425
DCH001,KPI_ReachM_CPD_IP,124652
DCZ001,KPI_ReachM_CPD_IP,223396
DPL001,KPI_ReachM_CPD_IP,350000
DKM001,KPI_ReachM_CPD_IP,4408
DRS001,KPI_ReachM_CPD_IP,20392
DSS001,KPI_ReachM_CPD_IP,86536
DQA001,KPI_ReachM_CPD_IP,
DBZ001,KPI_ReachM_CPD_IP,1942
DLK001,KPI_ReachM_CPD_IP,96000
DMV001,KPI_ReachM_CPD_IP,3336
DPG001,KPI_ReachM_CPD_IP,
DPH001,KPI_ReachM_CPD_IP,
DZM001,KPI_ReachM_CPD_IP,76085
DBO001,KPI_ReachM_CPD_IP,9348
DFI001,KPI_ReachM_CPD_IP,50851
DGR001,KPI_ReachM_CPD_IP,59139
DTL001,KPI_ReachM_CPD_IP,
DSA001,KPI_ReachM_CPD_IP,21
DTD001,KPI_ReachM_CPD_IP,13044
DES001,KPI_ReachM_CPD_IP,253376
DHN001,KPI_ReachM_CPD_IP,149628
DGM001,KPI_ReachM_CPD_IP,16624
DPT001,KPI_ReachM_CPD_IP,1340
DFR001,KPI_ReachM_CPD_IP,
DSG001,KPI_ReachM_CPD_IP,14287
DGY001,KPI_ReachM_CPD_IP,204
DBY001,KPI_ReachM_CPD_IP,228
DBE001,KPI_ReachM_CPD_IP,
DMC001,KPI_ReachM_CPD_IP,10269
DCA001,KPI_ReachM_CPD_IP,21075
DLI001,KPI_ReachM_CPD_IP,20
DAF001,KPI_ReachM_CPD_IP,112559
DSB001,KPI_ReachM_CPD_IP,
DKZ001,KPI_ReachM_CPD_IP,2414
DIS001,KPI_ReachM_CPD_IP,5000
DRW001,KPI_ReachM_CPD_IP,127683
DGH001,KPI_ReachM_CPD_IP,84
DAU001,KPI_ReachM_CPD_IP,90648
DCD001,KPI_ReachM_CPD_IP,269860
DMK001,KPI_ReachM_CPD_IP,17713
DNO001,KPI_ReachM_CPD_IP,40099
DUS001,KPI_ReachM_CPD_IP,
DDO001,KPI_ReachM_CPD_IP,38738
DJO001,KPI_ReachM_CPD_IP,29945
DBH001,KPI_ReachM_CPD_IP,
DTR001,KPI_ReachM_CPD_IP,4833924
DML001,KPI_ReachM_CPD_IP,8390
DKN001,KPI_ReachM_CPD_IP,40
DSY001,KPI_ReachM_CPD_IP,
DFM001,KPI_ReachM_CPD_IP,
DLC001,KPI_ReachM_CPD_IP,
DJP001,KPI_ReachM_CPD_IP,
DLT001,KPI_ReachM_CPD_IP,15954
DSN001,KPI_ReachM_CPD_IP,20138
DCI001,KPI_ReachM_CPD_IP,85
DHU001,KPI_ReachM_CPD_IP,68557
DHR001,KPI_ReachM_CPD_IP,53816
DFJ001,KPI_ReachM_CPD_IP,
DIR001,KPI_ReachM_CPD_IP,377288
DKE001,KPI_ReachM_CPD_IP,215443
DDJ001,KPI_ReachM_CPD_IP,35970
DBR001,KPI_ReachM_CPD_IP,9944
DSO001,KPI_ReachM_CPD_IP,41986
DIQ001,KPI_ReachM_CPD_IP,161
DAO001,KPI_ReachM_CPD_IP,13920
DPE001,KPI_ReachM_CPD_IP,46946
DAT001,KPI_ReachM_CPD_IP,8100
DKR001,KPI_ReachM_CPD_IP,62
DLR001,KPI_ReachM_CPD_IP,
DLY001,KPI_ReachM_CPD_IP,1500
DVE001,KPI_ReachM_CPD_IP,83974
DAM001,KPI_ReachM_CPD_IP,120000
DBF001,KPI_ReachM_CPD_IP,1678
DBG001,KPI_ReachM_CPD_IP,247399
DBN001,KPI_ReachM_CPD_IP,
DDK001,KPI_ReachM_CPD_IP,14306
DCN001,KPI_ReachM_CPD_IP,
DSV001,KPI_ReachM_CPD_IP,3512
DWS001,KPI_ReachM_CPD_IP,9122
DZA001,KPI_ReachM_CPD_IP,11936
DTT001,KPI_ReachM_CPD_IP,882
DCF001,KPI_ReachM_CPD_IP,9110
DUY001,KPI_ReachM_CPD_IP,
DNG001,KPI_ReachM_CPD_IP,14890
DLU001,KPI_ReachM_CPD_IP,9729
DMM001,KPI_ReachM_CPD_IP,54213
DNP001,KPI_ReachM_CPD_IP,2355
DPY001,KPI_ReachM_CPD_IP,
DSE001,KPI_ReachM_CPD_IP,
DEG001,KPI_ReachM_CPD_IP,1056909
DDZ001,KPI_ReachM_CPD_IP,
DKG001,KPI_ReachM_CPD_IP,3656
DTJ001,KPI_ReachM_CPD_IP,14840
DLB001,KPI_ReachM_CPD_IP,
DLS001,KPI_ReachM_CPD_IP,12
DAL001,KPI_ReachM_CPD_IP,225
DTZ001,KPI_ReachM_CPD_IP,81053
DAE001,KPI_ReachM_CPD_IP,
DME001,KPI_ReachM_CPD_IP,4612
DMW001,KPI_ReachM_CPD_IP,26000
DNL001,KPI_ReachM_CPD_IP,28967
DTV001,KPI_ReachM_CPD_IP,
DID001,KPI_ReachM_CPD_IP,1686
DEE001,KPI_ReachM_CPD_IP,
DGQ001,KPI_ReachM_CPD_IP,
DGW001,KPI_ReachM_CPD_IP,
DTH001,KPI_ReachM_CPD_IP,49281
DAG001,KPI_ReachM_CPD_IP,
DUA001,KPI_ReachM_CPD_IP,396387
DST001,KPI_ReachM_CPD_IP,
DAR001,KPI_ReachM_CPD_IP,1694
DMR001,KPI_ReachM_CPD_IP,2495
DKW001,KPI_ReachM_CPD_IP,
DNI001,KPI_ReachM_CPD_IP,13
DYE001,KPI_ReachM_CPD_IP,437814
DVN001,KPI_ReachM_CPD_IP,
DGE001,KPI_ReachM_CPD_IP,1146
DRO001,KPI_ReachM_CPD_IP,200000
DMD001,KPI_ReachM_CPD_IP,31141
DTG001,KPI_ReachM_CPD_IP,24080
DPW001,KPI_ReachM_CPD_IP,13
DGT001,KPI_ReachM_CPD_IP,80
DTM001,KPI_ReachM_CPD_IP,316
DSD001,KPI_ReachM_CPD_IP,85000
DCR001,KPI_ReachM_CPD_IP,43662
DEC001,KPI_ReachM_CPD_IP,50000
DIE001,KPI_ReachM_CPD_IP,20062
DIT001,KPI_ReachM_CPD_IP,122396
DVU001,KPI_ReachM_CPD_IP,
DKP001,KPI_ReachM_CPD_IP,
DMA001,KPI_ReachM_CPD_IP,3000
DBJ001,KPI_ReachM_CPD_IP,63000
DBI001,KPI_ReachM_CPD_IP,65186
DAZ001,KPI_ReachM_CPD_IP,1257
DNE001,KPI_ReachM_CPD_IP,48812
DMY001,KPI_ReachM_CPD_IP,8463
DPK001,KPI_ReachM_CPD_IP,172112
DSC001,KPI_ReachM_CPD_IP,
DHT001,KPI_ReachM_CPD_IP,
DIN001,KPI_ReachM_CPD_IP,4982
DSI001,KPI_ReachM_CPD_IP,8421
DBA001,KPI_ReachM_CPD_IP,27815
DSL001,KPI_ReachM_CPD_IP,
DPA001,KPI_ReachM_CPD_IP,116853
DTO001,KPI_ReachM_CPD_IP,
DTN001,KPI_ReachM_CPD_IP,
DMU001,KPI_ReachM_CPD_IP,10
DMN001,KPI_ReachM_CPD_IP,2635
DKH001,KPI_ReachM_CPD_IP,10430
DSM001,KPI_ReachM_CPD_IP,
DMX001,KPI_ReachM_CPD_IP,20096
DGB001,KPI_ReachM_CPD_IP,41349
DSZ001,KPI_ReachM_CPD_IP,
DGN001,KPI_ReachM_CPD_IP,
DMT001,KPI_ReachM_CPD_IP,
DCL001,KPI_ReachM_CPD_IP,3860
DET001,KPI_ReachM_CPD_IP,410424
DCV001,KPI_ReachM_CPD_IP,
DKI001,KPI_ReachM_CPD_IP,
DNZ001,KPI_ReachM_CPD_IP,2956
DLV001,KPI_ReachM_CPD_IP,17000
DSK001,KPI_ReachM_CPD_IP,11009
DCU001,KPI_ReachM_CPD_IP,1593
DGD001,KPI_ReachM_CPD_IP,
DJM001,KPI_ReachRCRCEd_CPD_IP,
DUG001,KPI_ReachRCRCEd_CPD_IP,14177
DGA001,KPI_ReachRCRCEd_CPD_IP,
DBT001,KPI_ReachRCRCEd_CPD_IP,1115
DMZ001,KPI_ReachRCRCEd_CPD_IP,
DCG001,KPI_ReachRCRCEd_CPD_IP,77201
DLA001,KPI_ReachRCRCEd_CPD_IP,
DCO001,KPI_ReachRCRCEd_CPD_IP,88055
DBW001,KPI_ReachRCRCEd_CPD_IP,383
DDE001,KPI_ReachRCRCEd_CPD_IP,
DIL001,KPI_ReachRCRCEd_CPD_IP,
DSR001,KPI_ReachRCRCEd_CPD_IP,
DBD001,KPI_ReachRCRCEd_CPD_IP,54186
DBS001,KPI_ReachRCRCEd_CPD_IP,
DMH001,KPI_ReachRCRCEd_CPD_IP,1568
DRU001,KPI_ReachRCRCEd_CPD_IP,21451
DNA001,KPI_ReachRCRCEd_CPD_IP,
DCH001,KPI_ReachRCRCEd_CPD_IP,
DCZ001,KPI_ReachRCRCEd_CPD_IP,30056
DPL001,KPI_ReachRCRCEd_CPD_IP,
DRS001,KPI_ReachRCRCEd_CPD_IP,27147
DPS001,KPI_ReachRCRCEd_CPD_IP,201
DSS001,KPI_ReachRCRCEd_CPD_IP,
DQA001,KPI_ReachRCRCEd_CPD_IP,
DLK001,KPI_ReachRCRCEd_CPD_IP,
DMV001,KPI_ReachRCRCEd_CPD_IP,33372
DPG001,KPI_ReachRCRCEd_CPD_IP,827
DPH001,KPI_ReachRCRCEd_CPD_IP,
DZM001,KPI_ReachRCRCEd_CPD_IP,300
DBO001,KPI_ReachRCRCEd_CPD_IP,5100
DFI001,KPI_ReachRCRCEd_CPD_IP,
DGR001,KPI_ReachRCRCEd_CPD_IP,5766
DTL001,KPI_ReachRCRCEd_CPD_IP,3587
DSA001,KPI_ReachRCRCEd_CPD_IP,
DTD001,KPI_ReachRCRCEd_CPD_IP,2388
DES001,KPI_ReachRCRCEd_CPD_IP,1616347
DHN001,KPI_ReachRCRCEd_CPD_IP,22587
DGM001,KPI_ReachRCRCEd_CPD_IP,311
DPT001,KPI_ReachRCRCEd_CPD_IP,
DFR001,KPI_ReachRCRCEd_CPD_IP,
DSG001,KPI_ReachRCRCEd_CPD_IP,
DGY001,KPI_ReachRCRCEd_CPD_IP,31
DBY001,KPI_ReachRCRCEd_CPD_IP,20481
DBE001,KPI_ReachRCRCEd_CPD_IP,
DDM001,KPI_ReachRCRCEd_CPD_IP,50
DMC001,KPI_ReachRCRCEd_CPD_IP,
DCA001,KPI_ReachRCRCEd_CPD_IP,1486394
DLI001,KPI_ReachRCRCEd_CPD_IP,
DAF001,KPI_ReachRCRCEd_CPD_IP,
DSB001,KPI_ReachRCRCEd_CPD_IP,
DKZ001,KPI_ReachRCRCEd_CPD_IP,130
DIS001,KPI_ReachRCRCEd_CPD_IP,
DRW001,KPI_ReachRCRCEd_CPD_IP,18629
DGH001,KPI_ReachRCRCEd_CPD_IP,
DAU001,KPI_ReachRCRCEd_CPD_IP,
DCD001,KPI_ReachRCRCEd_CPD_IP,258721
DMK001,KPI_ReachRCRCEd_CPD_IP,50300
DNO001,KPI_ReachRCRCEd_CPD_IP,
DUS001,KPI_ReachRCRCEd_CPD_IP,7120925
DDO001,KPI_ReachRCRCEd_CPD_IP,84
DAD001,KPI_ReachRCRCEd_CPD_IP,
DJO001,KPI_ReachRCRCEd_CPD_IP,211
DBH001,KPI_ReachRCRCEd_CPD_IP,69
DTR001,KPI_ReachRCRCEd_CPD_IP,146726
DML001,KPI_ReachRCRCEd_CPD_IP,6900
DKN001,KPI_ReachRCRCEd_CPD_IP,1200
DSY001,KPI_ReachRCRCEd_CPD_IP,
DFM001,KPI_ReachRCRCEd_CPD_IP,
DLC001,KPI_ReachRCRCEd_CPD_IP,
DJP001,KPI_ReachRCRCEd_CPD_IP,
DLT001,KPI_ReachRCRCEd_CPD_IP,76
DSN001,KPI_ReachRCRCEd_CPD_IP,650
DCI001,KPI_ReachRCRCEd_CPD_IP,428
DHU001,KPI_ReachRCRCEd_CPD_IP,
DHR001,KPI_ReachRCRCEd_CPD_IP,441952
DFJ001,KPI_ReachRCRCEd_CPD_IP,406200
DIR001,KPI_ReachRCRCEd_CPD_IP,
DKE001,KPI_ReachRCRCEd_CPD_IP,
DDJ001,KPI_ReachRCRCEd_CPD_IP,
DBR001,KPI_ReachRCRCEd_CPD_IP,25167
DIQ001,KPI_ReachRCRCEd_CPD_IP,
DAO001,KPI_ReachRCRCEd_CPD_IP,
DVC001,KPI_ReachRCRCEd_CPD_IP,300
DAT001,KPI_ReachRCRCEd_CPD_IP,163618
DKR001,KPI_ReachRCRCEd_CPD_IP,34466
DLR001,KPI_ReachRCRCEd_CPD_IP,66023
DVE001,KPI_ReachRCRCEd_CPD_IP,
DAM001,KPI_ReachRCRCEd_CPD_IP,7741
DBF001,KPI_ReachRCRCEd_CPD_IP,310331
DBG001,KPI_ReachRCRCEd_CPD_IP,391198
DBN001,KPI_ReachRCRCEd_CPD_IP,
DDK001,KPI_ReachRCRCEd_CPD_IP,
DCN001,KPI_ReachRCRCEd_CPD_IP,1951
DSV001,KPI_ReachRCRCEd_CPD_IP,
DWS001,KPI_ReachRCRCEd_CPD_IP,56070
DZA001,KPI_ReachRCRCEd_CPD_IP,3068305
DTT001,KPI_ReachRCRCEd_CPD_IP,1667
DCF001,KPI_ReachRCRCEd_CPD_IP,797
DUY001,KPI_ReachRCRCEd_CPD_IP,13
DLU001,KPI_ReachRCRCEd_CPD_IP,12793
DMM001,KPI_ReachRCRCEd_CPD_IP,132564
DNP001,KPI_ReachRCRCEd_CPD_IP,72142
DPY001,KPI_ReachRCRCEd_CPD_IP,123
DSE001,KPI_ReachRCRCEd_CPD_IP,
DEG001,KPI_ReachRCRCEd_CPD_IP,
DDZ001,KPI_ReachRCRCEd_CPD_IP,
DKG001,KPI_ReachRCRCEd_CPD_IP,449897
DTJ001,KPI_ReachRCRCEd_CPD_IP,420
DLB001,KPI_ReachRCRCEd_CPD_IP,
DLS001,KPI_ReachRCRCEd_CPD_IP,334
DAL001,KPI_ReachRCRCEd_CPD_IP,20000
DTZ001,KPI_ReachRCRCEd_CPD_IP,228474
DAE001,KPI_ReachRCRCEd_CPD_IP,
DME001,KPI_ReachRCRCEd_CPD_IP,5546
DMW001,KPI_ReachRCRCEd_CPD_IP,8922631
DNL001,KPI_ReachRCRCEd_CPD_IP,
DTV001,KPI_ReachRCRCEd_CPD_IP,300
DID001,KPI_ReachRCRCEd_CPD_IP,527247
DEE001,KPI_ReachRCRCEd_CPD_IP,
DGQ001,KPI_ReachRCRCEd_CPD_IP,
DGW001,KPI_ReachRCRCEd_CPD_IP,
DTH001,KPI_ReachRCRCEd_CPD_IP,52932
DAG001,KPI_ReachRCRCEd_CPD_IP,
DUA001,KPI_ReachRCRCEd_CPD_IP,
DST001,KPI_ReachRCRCEd_CPD_IP,
DAR001,KPI_ReachRCRCEd_CPD_IP,13999
DMR001,KPI_ReachRCRCEd_CPD_IP,
DKW001,KPI_ReachRCRCEd_CPD_IP,3197
DNI001,KPI_ReachRCRCEd_CPD_IP,
DYE001,KPI_ReachRCRCEd_CPD_IP,23740
DVN001,KPI_ReachRCRCEd_CPD_IP,
DGE001,KPI_ReachRCRCEd_CPD_IP,28800
DRO001,KPI_ReachRCRCEd_CPD_IP,
DMD001,KPI_ReachRCRCEd_CPD_IP,
DTG001,KPI_ReachRCRCEd_CPD_IP,
DPW001,KPI_ReachRCRCEd_CPD_IP,1310
DGT001,KPI_ReachRCRCEd_CPD_IP,
DTM001,KPI_ReachRCRCEd_CPD_IP,107239
DSD001,KPI_ReachRCRCEd_CPD_IP,8816
DCR001,KPI_ReachRCRCEd_CPD_IP,8407
DEC001,KPI_ReachRCRCEd_CPD_IP,
DIE001,KPI_ReachRCRCEd_CPD_IP,1064
DIT001,KPI_ReachRCRCEd_CPD_IP,15481
DVU001,KPI_ReachRCRCEd_CPD_IP,
DKP001,KPI_ReachRCRCEd_CPD_IP,
DMA001,KPI_ReachRCRCEd_CPD_IP,120000
DBJ001,KPI_ReachRCRCEd_CPD_IP,350
DBI001,KPI_ReachRCRCEd_CPD_IP,
DAZ001,KPI_ReachRCRCEd_CPD_IP,13715
DCY001,KPI_ReachRCRCEd_CPD_IP,331
DMY001,KPI_ReachRCRCEd_CPD_IP,
DPK001,KPI_ReachRCRCEd_CPD_IP,
DBB001,KPI_ReachRCRCEd_CPD_IP,
DSC001,KPI_ReachRCRCEd_CPD_IP,
DHT001,KPI_ReachRCRCEd_CPD_IP,
DIN001,KPI_ReachRCRCEd_CPD_IP,543362
DSI001,KPI_ReachRCRCEd_CPD_IP,1225
DBA001,KPI_ReachRCRCEd_CPD_IP,72
DSL001,KPI_ReachRCRCEd_CPD_IP,37101
DPA001,KPI_ReachRCRCEd_CPD_IP,2414
DTO001,KPI_ReachRCRCEd_CPD_IP,1363
DTN001,KPI_ReachRCRCEd_CPD_IP,
DMU001,KPI_ReachRCRCEd_CPD_IP,496
DMN001,KPI_ReachRCRCEd_CPD_IP,500574
DUZ001,KPI_ReachRCRCEd_CPD_IP,105053
DKH001,KPI_ReachRCRCEd_CPD_IP,
DSM001,KPI_ReachRCRCEd_CPD_IP,
DMX001,KPI_ReachRCRCEd_CPD_IP,1428
DGB001,KPI_ReachRCRCEd_CPD_IP,
DSZ001,KPI_ReachRCRCEd_CPD_IP,108
DGN001,KPI_ReachRCRCEd_CPD_IP,
DMT001,KPI_ReachRCRCEd_CPD_IP,
DCL001,KPI_ReachRCRCEd_CPD_IP,
DCV001,KPI_ReachRCRCEd_CPD_IP,509
DKI001,KPI_ReachRCRCEd_CPD_IP,122
DNZ001,KPI_ReachRCRCEd_CPD_IP,
DLV001,KPI_ReachRCRCEd_CPD_IP,
DSK001,KPI_ReachRCRCEd_CPD_IP,9856
DCU001,KPI_ReachRCRCEd_CPD_IP,366843
DGD001,KPI_ReachRCRCEd_CPD_IP,
DJM001,KPI_ReachS_CPD_IP,
DUG001,KPI_ReachS_CPD_IP,582
DGA001,KPI_ReachS_CPD_IP,1200
DMZ001,KPI_ReachS_CPD_IP,106261
DZW001,KPI_ReachS_CPD_IP,
DCG001,KPI_ReachS_CPD_IP,
DLA001,KPI_ReachS_CPD_IP,
DCO001,KPI_ReachS_CPD_IP,18497
DBW001,KPI_ReachS_CPD_IP,
DDE001,KPI_ReachS_CPD_IP,376525
DIL001,KPI_ReachS_CPD_IP,
DSR001,KPI_ReachS_CPD_IP,
DBD001,KPI_ReachS_CPD_IP,37873
DBS001,KPI_ReachS_CPD_IP,9276
DMH001,KPI_ReachS_CPD_IP,1188
DRU001,KPI_ReachS_CPD_IP,
DNA001,KPI_ReachS_CPD_IP,
DCH001,KPI_ReachS_CPD_IP,
DCZ001,KPI_ReachS_CPD_IP,
DPL001,KPI_ReachS_CPD_IP,1064
DRS001,KPI_ReachS_CPD_IP,
DPS001,KPI_ReachS_CPD_IP,1328946
DSS001,KPI_ReachS_CPD_IP,48601
DQA001,KPI_ReachS_CPD_IP,
DLK001,KPI_ReachS_CPD_IP,
DPG001,KPI_ReachS_CPD_IP,5111
DPH001,KPI_ReachS_CPD_IP,13203
DZM001,KPI_ReachS_CPD_IP,8765
DFI001,KPI_ReachS_CPD_IP,
DGR001,KPI_ReachS_CPD_IP,346
DTL001,KPI_ReachS_CPD_IP,
DSA001,KPI_ReachS_CPD_IP,
DTD001,KPI_ReachS_CPD_IP,5647
DES001,KPI_ReachS_CPD_IP,
DHN001,KPI_ReachS_CPD_IP,
DGM001,KPI_ReachS_CPD_IP,984
DPT001,KPI_ReachS_CPD_IP,
DFR001,KPI_ReachS_CPD_IP,10431
DSG001,KPI_ReachS_CPD_IP,114
DGY001,KPI_ReachS_CPD_IP,
DBY001,KPI_ReachS_CPD_IP,188
DBE001,KPI_ReachS_CPD_IP,
DDM001,KPI_ReachS_CPD_IP,40
DMC001,KPI_ReachS_CPD_IP,
DLI001,KPI_ReachS_CPD_IP,
DAF001,KPI_ReachS_CPD_IP,2082
DSB001,KPI_ReachS_CPD_IP,76
DKZ001,KPI_ReachS_CPD_IP,
DIS001,KPI_ReachS_CPD_IP,10302
DRW001,KPI_ReachS_CPD_IP,9946
DGH001,KPI_ReachS_CPD_IP,146
DAU001,KPI_ReachS_CPD_IP,6504
DCD001,KPI_ReachS_CPD_IP,21334
DMK001,KPI_ReachS_CPD_IP,50
DNO001,KPI_ReachS_CPD_IP,
DUS001,KPI_ReachS_CPD_IP,306556
DDO001,KPI_ReachS_CPD_IP,
DAD001,KPI_ReachS_CPD_IP,
DJO001,KPI_ReachS_CPD_IP,
DBH001,KPI_ReachS_CPD_IP,
DTR001,KPI_ReachS_CPD_IP,169960
DML001,KPI_ReachS_CPD_IP,15228
DKN001,KPI_ReachS_CPD_IP,
DSY001,KPI_ReachS_CPD_IP,23230
DFM001,KPI_ReachS_CPD_IP,
DLC001,KPI_ReachS_CPD_IP,150
DJP001,KPI_ReachS_CPD_IP,
DLT001,KPI_ReachS_CPD_IP,
DSN001,KPI_ReachS_CPD_IP,2731
DCI001,KPI_ReachS_CPD_IP,
DHU001,KPI_ReachS_CPD_IP,6141
DHR001,KPI_ReachS_CPD_IP,465
DFJ001,KPI_ReachS_CPD_IP,6360
DIR001,KPI_ReachS_CPD_IP,136646
DKE001,KPI_ReachS_CPD_IP,129426
DDJ001,KPI_ReachS_CPD_IP,12476
DBR001,KPI_ReachS_CPD_IP,
DSO001,KPI_ReachS_CPD_IP,29550
DIQ001,KPI_ReachS_CPD_IP,350
DAT001,KPI_ReachS_CPD_IP,
DKR001,KPI_ReachS_CPD_IP,34392
DLR001,KPI_ReachS_CPD_IP,1250
DVE001,KPI_ReachS_CPD_IP,7000
DAM001,KPI_ReachS_CPD_IP,119421
DBF001,KPI_ReachS_CPD_IP,518238
DBG001,KPI_ReachS_CPD_IP,102380
DDK001,KPI_ReachS_CPD_IP,
DMG001,KPI_ReachS_CPD_IP,48631
DCN001,KPI_ReachS_CPD_IP,15000
DSV001,KPI_ReachS_CPD_IP,
DWS001,KPI_ReachS_CPD_IP,173368
DZA001,KPI_ReachS_CPD_IP,36488
DTT001,KPI_ReachS_CPD_IP,
DCF001,KPI_ReachS_CPD_IP,2702
DUY001,KPI_ReachS_CPD_IP,90
DNG001,KPI_ReachS_CPD_IP,67454
DLU001,KPI_ReachS_CPD_IP,10429
DMM001,KPI_ReachS_CPD_IP,12289
DNP001,KPI_ReachS_CPD_IP,18320
DPY001,KPI_ReachS_CPD_IP,
DSE001,KPI_ReachS_CPD_IP,
DDZ001,KPI_ReachS_CPD_IP,
DKG001,KPI_ReachS_CPD_IP,573
DTJ001,KPI_ReachS_CPD_IP,3504
DLB001,KPI_ReachS_CPD_IP,954
DLS001,KPI_ReachS_CPD_IP,15
DAL001,KPI_ReachS_CPD_IP,2500
DTZ001,KPI_ReachS_CPD_IP,57584
DAE001,KPI_ReachS_CPD_IP,
DMW001,KPI_ReachS_CPD_IP,8236375
DNL001,KPI_ReachS_CPD_IP,12256
DTV001,KPI_ReachS_CPD_IP,134
DID001,KPI_ReachS_CPD_IP,4626
DEE001,KPI_ReachS_CPD_IP,
DGQ001,KPI_ReachS_CPD_IP,
DGW001,KPI_ReachS_CPD_IP,3500
DTH001,KPI_ReachS_CPD_IP,11516
DAG001,KPI_ReachS_CPD_IP,
DUA001,KPI_ReachS_CPD_IP,2068452
DST001,KPI_ReachS_CPD_IP,30
DAR001,KPI_ReachS_CPD_IP,8252
DMR001,KPI_ReachS_CPD_IP,
DKW001,KPI_ReachS_CPD_IP,
DNI001,KPI_ReachS_CPD_IP,16882
DYE001,KPI_ReachS_CPD_IP,229824
DVN001,KPI_ReachS_CPD_IP,1177
DGE001,KPI_ReachS_CPD_IP,1300
DRO001,KPI_ReachS_CPD_IP,6872
DMD001,KPI_ReachS_CPD_IP,3800
DTG001,KPI_ReachS_CPD_IP,2500
DPW001,KPI_ReachS_CPD_IP,13
DGT001,KPI_ReachS_CPD_IP,
DTM001,KPI_ReachS_CPD_IP,
DSD001,KPI_ReachS_CPD_IP,46600
DCR001,KPI_ReachS_CPD_IP,
DEC001,KPI_ReachS_CPD_IP,
DIE001,KPI_ReachS_CPD_IP,10223
DIT001,KPI_ReachS_CPD_IP,
DVU001,KPI_ReachS_CPD_IP,1573
DKP001,KPI_ReachS_CPD_IP,
DBJ001,KPI_ReachS_CPD_IP,46200
DBI001,KPI_ReachS_CPD_IP,31605
DAZ001,KPI_ReachS_CPD_IP,
DCY001,KPI_ReachS_CPD_IP,
DNE001,KPI_ReachS_CPD_IP,420
DMY001,KPI_ReachS_CPD_IP,
DPK001,KPI_ReachS_CPD_IP,
DBB001,KPI_ReachS_CPD_IP,
DSC001,KPI_ReachS_CPD_IP,384
DHT001,KPI_ReachS_CPD_IP,5000
DIN001,KPI_ReachS_CPD_IP,65914
DSI001,KPI_ReachS_CPD_IP,1800
DBA001,KPI_ReachS_CPD_IP,157710
DSL001,KPI_ReachS_CPD_IP,
DPA001,KPI_ReachS_CPD_IP,9300
DTO001,KPI_ReachS_CPD_IP,232
DTN001,KPI_ReachS_CPD_IP,10000
DMU001,KPI_ReachS_CPD_IP,
DMN001,KPI_ReachS_CPD_IP,2635
DKH001,KPI_ReachS_CPD_IP,704
DSM001,KPI_ReachS_CPD_IP,
DMX001,KPI_ReachS_CPD_IP,
DGB001,KPI_ReachS_CPD_IP,
DSZ001,KPI_ReachS_CPD_IP,25
DGN001,KPI_ReachS_CPD_IP,15869
DMT001,KPI_ReachS_CPD_IP,
DCL001,KPI_ReachS_CPD_IP,
DET001,KPI_ReachS_CPD_IP,808286
DCV001,KPI_ReachS_CPD_IP,
DKI001,KPI_ReachS_CPD_IP,77
DNZ001,KPI_ReachS_CPD_IP,24102
DLV001,KPI_ReachS_CPD_IP,
DSK001,KPI_ReachS_CPD_IP,1398
DCU001,KPI_ReachS_CPD_IP,
DGD001,KPI_ReachS_CPD_IP,
DJM001,KPI_ReachSI_CPD_IP,37
DUG001,KPI_ReachSI_CPD_IP,200691
DGA001,KPI_ReachSI_CPD_IP,
DBT001,KPI_ReachSI_CPD_IP,30
DMZ001,KPI_ReachSI_CPD_IP,106348
DZW001,KPI_ReachSI_CPD_IP,932
DCG001,KPI_ReachSI_CPD_IP,150000
DLA001,KPI_ReachSI_CPD_IP,
DCO001,KPI_ReachSI_CPD_IP,1025995
DBW001,KPI_ReachSI_CPD_IP,18766
DDE001,KPI_ReachSI_CPD_IP,
DIL001,KPI_ReachSI_CPD_IP,
DSR001,KPI_ReachSI_CPD_IP,
DBD001,KPI_ReachSI_CPD_IP,188933
DBS001,KPI_ReachSI_CPD_IP,10142
DMH001,KPI_ReachSI_CPD_IP,1568
DRU001,KPI_ReachSI_CPD_IP,24128
DNA001,KPI_ReachSI_CPD_IP,
DCH001,KPI_ReachSI_CPD_IP,
DCZ001,KPI_ReachSI_CPD_IP,28
DPL001,KPI_ReachSI_CPD_IP,1371
DKM001,KPI_ReachSI_CPD_IP,32842
DRS001,KPI_ReachSI_CPD_IP,38098
DPS001,KPI_ReachSI_CPD_IP,616
DSS001,KPI_ReachSI_CPD_IP,220657
DQA001,KPI_ReachSI_CPD_IP,1690
DBZ001,KPI_ReachSI_CPD_IP,222
DLK001,KPI_ReachSI_CPD_IP,
DMV001,KPI_ReachSI_CPD_IP,5610
DPG001,KPI_ReachSI_CPD_IP,827
DPH001,KPI_ReachSI_CPD_IP,349750
DZM001,KPI_ReachSI_CPD_IP,
DBO001,KPI_ReachSI_CPD_IP,4506
DFI001,KPI_ReachSI_CPD_IP,
DGR001,KPI_ReachSI_CPD_IP,91730
DTL001,KPI_ReachSI_CPD_IP,131
DSA001,KPI_ReachSI_CPD_IP,
DTD001,KPI_ReachSI_CPD_IP,48
DES001,KPI_ReachSI_CPD_IP,50239
DHN001,KPI_ReachSI_CPD_IP,11537
DGM001,KPI_ReachSI_CPD_IP,1589
DPT001,KPI_ReachSI_CPD_IP,
DFR001,KPI_ReachSI_CPD_IP,
DSG001,KPI_ReachSI_CPD_IP,103
DGY001,KPI_ReachSI_CPD_IP,1105
DBY001,KPI_ReachSI_CPD_IP,1293
DBE001,KPI_ReachSI_CPD_IP,
DMC001,KPI_ReachSI_CPD_IP,
DCA001,KPI_ReachSI_CPD_IP,
DLI001,KPI_ReachSI_CPD_IP,
DAF001,KPI_ReachSI_CPD_IP,83414
DSB001,KPI_ReachSI_CPD_IP,285
DKZ001,KPI_ReachSI_CPD_IP,
DIS001,KPI_ReachSI_CPD_IP,
DRW001,KPI_ReachSI_CPD_IP,51945
DGH001,KPI_ReachSI_CPD_IP,
DAU001,KPI_ReachSI_CPD_IP,16999
DCD001,KPI_ReachSI_CPD_IP,555863
DMK001,KPI_ReachSI_CPD_IP,1948
DNO001,KPI_ReachSI_CPD_IP,127990
DUS001,KPI_ReachSI_CPD_IP,
DDO001,KPI_ReachSI_CPD_IP,13743
DAD001,KPI_ReachSI_CPD_IP,
DJO001,KPI_ReachSI_CPD_IP,524
DBH001,KPI_ReachSI_CPD_IP,
DTR001,KPI_ReachSI_CPD_IP,179686
DML001,KPI_ReachSI_CPD_IP,42659
DKN001,KPI_ReachSI_CPD_IP,
DSY001,KPI_ReachSI_CPD_IP,652676
DJP001,KPI_ReachSI_CPD_IP,
DLT001,KPI_ReachSI_CPD_IP,9570
DSN001,KPI_ReachSI_CPD_IP,
DCI001,KPI_ReachSI_CPD_IP,1614
DHU001,KPI_ReachSI_CPD_IP,
DHR001,KPI_ReachSI_CPD_IP,30423
DFJ001,KPI_ReachSI_CPD_IP,350
DIR001,KPI_ReachSI_CPD_IP,59187
DKE001,KPI_ReachSI_CPD_IP,589768
DDJ001,KPI_ReachSI_CPD_IP,
DBR001,KPI_ReachSI_CPD_IP,274616
DSO001,KPI_ReachSI_CPD_IP,8700
DIQ001,KPI_ReachSI_CPD_IP,806
DAO001,KPI_ReachSI_CPD_IP,32050
DVC001,KPI_ReachSI_CPD_IP,15
DAT001,KPI_ReachSI_CPD_IP,37670
DKR001,KPI_ReachSI_CPD_IP,
DLR001,KPI_ReachSI_CPD_IP,1902
DLY001,KPI_ReachSI_CPD_IP,3600
DVE001,KPI_ReachSI_CPD_IP,2639
DAM001,KPI_ReachSI_CPD_IP,2501726
DBF001,KPI_ReachSI_CPD_IP,2227754
DBG001,KPI_ReachSI_CPD_IP,171946
DBN001,KPI_ReachSI_CPD_IP,
DDK001,KPI_ReachSI_CPD_IP,
DMG001,KPI_ReachSI_CPD_IP,801
DCN001,KPI_ReachSI_CPD_IP,
DSV001,KPI_ReachSI_CPD_IP,29268
DWS001,KPI_ReachSI_CPD_IP,52399
DZA001,KPI_ReachSI_CPD_IP,74068
DTT001,KPI_ReachSI_CPD_IP,1000
DCF001,KPI_ReachSI_CPD_IP,1561
DUY001,KPI_ReachSI_CPD_IP,28
DLU001,KPI_ReachSI_CPD_IP,1002
DMM001,KPI_ReachSI_CPD_IP,621
DNP001,KPI_ReachSI_CPD_IP,61355
DPY001,KPI_ReachSI_CPD_IP,1848
DSE001,KPI_ReachSI_CPD_IP,
DEG001,KPI_ReachSI_CPD_IP,10000
DDZ001,KPI_ReachSI_CPD_IP,
DKG001,KPI_ReachSI_CPD_IP,192438
DTJ001,KPI_ReachSI_CPD_IP,
DLB001,KPI_ReachSI_CPD_IP,
DLS001,KPI_ReachSI_CPD_IP,12850
DAL001,KPI_ReachSI_CPD_IP,3355
DTZ001,KPI_ReachSI_CPD_IP,1900
DAE001,KPI_ReachSI_CPD_IP,
DME001,KPI_ReachSI_CPD_IP,9942
DMW001,KPI_ReachSI_CPD_IP,8922631
DNL001,KPI_ReachSI_CPD_IP,
DTV001,KPI_ReachSI_CPD_IP,
DID001,KPI_ReachSI_CPD_IP,3231
DEE001,KPI_ReachSI_CPD_IP,
DGQ001,KPI_ReachSI_CPD_IP,
DGW001,KPI_ReachSI_CPD_IP,
DTH001,KPI_ReachSI_CPD_IP,455
DAG001,KPI_ReachSI_CPD_IP,
DUA001,KPI_ReachSI_CPD_IP,41520
DST001,KPI_ReachSI_CPD_IP,
DAR001,KPI_ReachSI_CPD_IP,3404
DMR001,KPI_ReachSI_CPD_IP,
DKW001,KPI_ReachSI_CPD_IP,
DNI001,KPI_ReachSI_CPD_IP,263
DYE001,KPI_ReachSI_CPD_IP,9395
DVN001,KPI_ReachSI_CPD_IP,
DGE001,KPI_ReachSI_CPD_IP,1639
DRO001,KPI_ReachSI_CPD_IP,
DMD001,KPI_ReachSI_CPD_IP,2926
DTG001,KPI_ReachSI_CPD_IP,18670
DPW001,KPI_ReachSI_CPD_IP,679
DGT001,KPI_ReachSI_CPD_IP,388
DTM001,KPI_ReachSI_CPD_IP,5025
DSD001,KPI_ReachSI_CPD_IP,16968
DCR001,KPI_ReachSI_CPD_IP,24
DEC001,KPI_ReachSI_CPD_IP,49334
DIE001,KPI_ReachSI_CPD_IP,
DIT001,KPI_ReachSI_CPD_IP,92112
DCM001,KPI_ReachSI_CPD_IP,117
DVU001,KPI_ReachSI_CPD_IP,1288
DKP001,KPI_ReachSI_CPD_IP,
DBJ001,KPI_ReachSI_CPD_IP,154
DBI001,KPI_ReachSI_CPD_IP,324289
DAZ001,KPI_ReachSI_CPD_IP,
DCY001,KPI_ReachSI_CPD_IP,
DNE001,KPI_ReachSI_CPD_IP,768
DMY001,KPI_ReachSI_CPD_IP,37
DPK001,KPI_ReachSI_CPD_IP,1576
DBB001,KPI_ReachSI_CPD_IP,
DSC001,KPI_ReachSI_CPD_IP,
DHT001,KPI_ReachSI_CPD_IP,
DIN001,KPI_ReachSI_CPD_IP,639
DSI001,KPI_ReachSI_CPD_IP,
DBA001,KPI_ReachSI_CPD_IP,1301
DSL001,KPI_ReachSI_CPD_IP,18344
DPA001,KPI_ReachSI_CPD_IP,67685
DTO001,KPI_ReachSI_CPD_IP,
DTN001,KPI_ReachSI_CPD_IP,2500
DMU001,KPI_ReachSI_CPD_IP,
DMN001,KPI_ReachSI_CPD_IP,27281
DUZ001,KPI_ReachSI_CPD_IP,42800
DKH001,KPI_ReachSI_CPD_IP,1179
DSM001,KPI_ReachSI_CPD_IP,
DMX001,KPI_ReachSI_CPD_IP,167859
DGB001,KPI_ReachSI_CPD_IP,
DSZ001,KPI_ReachSI_CPD_IP,
DGN001,KPI_ReachSI_CPD_IP,47830
DMT001,KPI_ReachSI_CPD_IP,
DCL001,KPI_ReachSI_CPD_IP,
DET001,KPI_ReachSI_CPD_IP,172398
DCV001,KPI_ReachSI_CPD_IP,
DKI001,KPI_ReachSI_CPD_IP,122
DNZ001,KPI_ReachSI_CPD_IP,
DLV001,KPI_ReachSI_CPD_IP,
DSK001,KPI_ReachSI_CPD_IP,8553
DCU001,KPI_ReachSI_CPD_IP,31387
DGD001,KPI_ReachSI_CPD_IP,
DJM001,KPI_ReachWASH_CPD_IP,
DUG001,KPI_ReachWASH_CPD_IP,29060
DGA001,KPI_ReachWASH_CPD_IP,144007
DBT001,KPI_ReachWASH_CPD_IP,1200
DMZ001,KPI_ReachWASH_CPD_IP,544301
DZW001,KPI_ReachWASH_CPD_IP,173500
DCG001,KPI_ReachWASH_CPD_IP,1567321
DLA001,KPI_ReachWASH_CPD_IP,54617
DCO001,KPI_ReachWASH_CPD_IP,71788
DDE001,KPI_ReachWASH_CPD_IP,321883
DIL001,KPI_ReachWASH_CPD_IP,
DSR001,KPI_ReachWASH_CPD_IP,
DBD001,KPI_ReachWASH_CPD_IP,356242
DBS001,KPI_ReachWASH_CPD_IP,5352
DMH001,KPI_ReachWASH_CPD_IP,250
DRU001,KPI_ReachWASH_CPD_IP,44358
DNA001,KPI_ReachWASH_CPD_IP,2425
DCH001,KPI_ReachWASH_CPD_IP,
DCZ001,KPI_ReachWASH_CPD_IP,
DPL001,KPI_ReachWASH_CPD_IP,
DKM001,KPI_ReachWASH_CPD_IP,11350
DRS001,KPI_ReachWASH_CPD_IP,8728
DPS001,KPI_ReachWASH_CPD_IP,68915
DSS001,KPI_ReachWASH_CPD_IP,572039
DQA001,KPI_ReachWASH_CPD_IP,
DLK001,KPI_ReachWASH_CPD_IP,44700
DMV001,KPI_ReachWASH_CPD_IP,13282
DPG001,KPI_ReachWASH_CPD_IP,2543
DPH001,KPI_ReachWASH_CPD_IP,294324
DZM001,KPI_ReachWASH_CPD_IP,670826
DBO001,KPI_ReachWASH_CPD_IP,13086
DFI001,KPI_ReachWASH_CPD_IP,
DGR001,KPI_ReachWASH_CPD_IP,9386
DTL001,KPI_ReachWASH_CPD_IP,5022
DSA001,KPI_ReachWASH_CPD_IP,
DTD001,KPI_ReachWASH_CPD_IP,6607
DES001,KPI_ReachWASH_CPD_IP,
DHN001,KPI_ReachWASH_CPD_IP,991
DGM001,KPI_ReachWASH_CPD_IP,12492
DPT001,KPI_ReachWASH_CPD_IP,
DFR001,KPI_ReachWASH_CPD_IP,
DSG001,KPI_ReachWASH_CPD_IP,
DGY001,KPI_ReachWASH_CPD_IP,271
DBY001,KPI_ReachWASH_CPD_IP,3093
DBE001,KPI_ReachWASH_CPD_IP,
DDM001,KPI_ReachWASH_CPD_IP,215
DMC001,KPI_ReachWASH_CPD_IP,
DCA001,KPI_ReachWASH_CPD_IP,
DLI001,KPI_ReachWASH_CPD_IP,
DAF001,KPI_ReachWASH_CPD_IP,262223
DSB001,KPI_ReachWASH_CPD_IP,
DKZ001,KPI_ReachWASH_CPD_IP,
DIS001,KPI_ReachWASH_CPD_IP,727
DRW001,KPI_ReachWASH_CPD_IP,802740
DGH001,KPI_ReachWASH_CPD_IP,63162
DAU001,KPI_ReachWASH_CPD_IP,
DCD001,KPI_ReachWASH_CPD_IP,712091
DMK001,KPI_ReachWASH_CPD_IP,104
DNO001,KPI_ReachWASH_CPD_IP,
DUS001,KPI_ReachWASH_CPD_IP,
DDO001,KPI_ReachWASH_CPD_IP,73766
DAD001,KPI_ReachWASH_CPD_IP,
DJO001,KPI_ReachWASH_CPD_IP,118199
DBH001,KPI_ReachWASH_CPD_IP,
DTR001,KPI_ReachWASH_CPD_IP,1753182
DML001,KPI_ReachWASH_CPD_IP,14565
DKN001,KPI_ReachWASH_CPD_IP,
DSY001,KPI_ReachWASH_CPD_IP,18769877
DFM001,KPI_ReachWASH_CPD_IP,30634
DLC001,KPI_ReachWASH_CPD_IP,
DJP001,KPI_ReachWASH_CPD_IP,
DLT001,KPI_ReachWASH_CPD_IP,1965
DSN001,KPI_ReachWASH_CPD_IP,217306
DCI001,KPI_ReachWASH_CPD_IP,8775
DHU001,KPI_ReachWASH_CPD_IP,27660
DHR001,KPI_ReachWASH_CPD_IP,84482
DFJ001,KPI_ReachWASH_CPD_IP,6350
DIR001,KPI_ReachWASH_CPD_IP,134948
DKE001,KPI_ReachWASH_CPD_IP,626144
DDJ001,KPI_ReachWASH_CPD_IP,50653
DBR001,KPI_ReachWASH_CPD_IP,1142496
DSO001,KPI_ReachWASH_CPD_IP,37277
DCK001,KPI_ReachWASH_CPD_IP,350
DIQ001,KPI_ReachWASH_CPD_IP,7660254
DAO001,KPI_ReachWASH_CPD_IP,47428
DVC001,KPI_ReachWASH_CPD_IP,22
DPE001,KPI_ReachWASH_CPD_IP,327000
DAT001,KPI_ReachWASH_CPD_IP,
DKR001,KPI_ReachWASH_CPD_IP,27580
DLR001,KPI_ReachWASH_CPD_IP,47171
DLY001,KPI_ReachWASH_CPD_IP,245973
DVE001,KPI_ReachWASH_CPD_IP,49777
DAM001,KPI_ReachWASH_CPD_IP,26200
DBF001,KPI_ReachWASH_CPD_IP,1669215
DBG001,KPI_ReachWASH_CPD_IP,130022
DBN001,KPI_ReachWASH_CPD_IP,
DDK001,KPI_ReachWASH_CPD_IP,
DMG001,KPI_ReachWASH_CPD_IP,85516
DCN001,KPI_ReachWASH_CPD_IP,
DSV001,KPI_ReachWASH_CPD_IP,19217
DWS001,KPI_ReachWASH_CPD_IP,108512
DZA001,KPI_ReachWASH_CPD_IP,215255
DTT001,KPI_ReachWASH_CPD_IP,1569
DCF001,KPI_ReachWASH_CPD_IP,230731
DUY001,KPI_ReachWASH_CPD_IP,5514
DNG001,KPI_ReachWASH_CPD_IP,1521706
DLU001,KPI_ReachWASH_CPD_IP,
DMM001,KPI_ReachWASH_CPD_IP,283356
DNP001,KPI_ReachWASH_CPD_IP,76032
DPY001,KPI_ReachWASH_CPD_IP,7658
DSE001,KPI_ReachWASH_CPD_IP,
DEG001,KPI_ReachWASH_CPD_IP,1072038
DDZ001,KPI_ReachWASH_CPD_IP,
DKG001,KPI_ReachWASH_CPD_IP,37711
DTJ001,KPI_ReachWASH_CPD_IP,74242
DLB001,KPI_ReachWASH_CPD_IP,231530
DLS001,KPI_ReachWASH_CPD_IP,2706
DAL001,KPI_ReachWASH_CPD_IP,1200
DTZ001,KPI_ReachWASH_CPD_IP,3429185
DAE001,KPI_ReachWASH_CPD_IP,
DME001,KPI_ReachWASH_CPD_IP,20141
DMW001,KPI_ReachWASH_CPD_IP,8922631
DNL001,KPI_ReachWASH_CPD_IP,
DTV001,KPI_ReachWASH_CPD_IP,1927
DID001,KPI_ReachWASH_CPD_IP,903225
DEE001,KPI_ReachWASH_CPD_IP,
DGQ001,KPI_ReachWASH_CPD_IP,
DGW001,KPI_ReachWASH_CPD_IP,
DTH001,KPI_ReachWASH_CPD_IP,29318
DAG001,KPI_ReachWASH_CPD_IP,
DUA001,KPI_ReachWASH_CPD_IP,433783
DST001,KPI_ReachWASH_CPD_IP,
DAR001,KPI_ReachWASH_CPD_IP,5050
DMR001,KPI_ReachWASH_CPD_IP,18000
DKW001,KPI_ReachWASH_CPD_IP,
DNI001,KPI_ReachWASH_CPD_IP,66311
DYE001,KPI_ReachWASH_CPD_IP,377530
DVN001,KPI_ReachWASH_CPD_IP,16201
DGE001,KPI_ReachWASH_CPD_IP,30592
DRO001,KPI_ReachWASH_CPD_IP,361100
DMD001,KPI_ReachWASH_CPD_IP,22325
DTG001,KPI_ReachWASH_CPD_IP,108465
DPW001,KPI_ReachWASH_CPD_IP,2389
DGT001,KPI_ReachWASH_CPD_IP,23631
DTM001,KPI_ReachWASH_CPD_IP,76792
DSD001,KPI_ReachWASH_CPD_IP,86250
DCR001,KPI_ReachWASH_CPD_IP,4749
DEC001,KPI_ReachWASH_CPD_IP,79896
DIE001,KPI_ReachWASH_CPD_IP,
DIT001,KPI_ReachWASH_CPD_IP,
DCM001,KPI_ReachWASH_CPD_IP,1523816
DVU001,KPI_ReachWASH_CPD_IP,13722
DKP001,KPI_ReachWASH_CPD_IP,63073
DMA001,KPI_ReachWASH_CPD_IP,957050
DBJ001,KPI_ReachWASH_CPD_IP,463869
DBI001,KPI_ReachWASH_CPD_IP,1226020
DAZ001,KPI_ReachWASH_CPD_IP,1009
DCY001,KPI_ReachWASH_CPD_IP,
DNE001,KPI_ReachWASH_CPD_IP,25557
DMY001,KPI_ReachWASH_CPD_IP,13957
DPK001,KPI_ReachWASH_CPD_IP,6000
DSC001,KPI_ReachWASH_CPD_IP,
DHT001,KPI_ReachWASH_CPD_IP,4689
DIN001,KPI_ReachWASH_CPD_IP,23299
DSI001,KPI_ReachWASH_CPD_IP,12090
DBA001,KPI_ReachWASH_CPD_IP,17905
DSL001,KPI_ReachWASH_CPD_IP,23699
DPA001,KPI_ReachWASH_CPD_IP,34600
DTO001,KPI_ReachWASH_CPD_IP,
DTN001,KPI_ReachWASH_CPD_IP,10000
DMU001,KPI_ReachWASH_CPD_IP,
DMN001,KPI_ReachWASH_CPD_IP,313034
DUZ001,KPI_ReachWASH_CPD_IP,15069
DKH001,KPI_ReachWASH_CPD_IP,2300
DSM001,KPI_ReachWASH_CPD_IP,
DMX001,KPI_ReachWASH_CPD_IP,11568
DGB001,KPI_ReachWASH_CPD_IP,
DSZ001,KPI_ReachWASH_CPD_IP,15810
DGN001,KPI_ReachWASH_CPD_IP,137524
DMT001,KPI_ReachWASH_CPD_IP,
DCL001,KPI_ReachWASH_CPD_IP,
DET001,KPI_ReachWASH_CPD_IP,1496682
DCV001,KPI_ReachWASH_CPD_IP,
DKI001,KPI_ReachWASH_CPD_IP,2464
DNZ001,KPI_ReachWASH_CPD_IP,20000
DLV001,KPI_ReachWASH_CPD_IP,
DSK001,KPI_ReachWASH_CPD_IP,52958
DCU001,KPI_ReachWASH_CPD_IP,25282
DGD001,KPI_ReachWASH_CPD_IP,
DJM001,KPI_TrainFA_Tot_IP,2062
DUG001,KPI_TrainFA_Tot_IP,10360
DGA001,KPI_TrainFA_Tot_IP,938
DBT001,KPI_TrainFA_Tot_IP,1115
DMZ001,KPI_TrainFA_Tot_IP,1874
DZW001,KPI_TrainFA_Tot_IP,22156
DCG001,KPI_TrainFA_Tot_IP,900
DLA001,KPI_TrainFA_Tot_IP,3790
DCO001,KPI_TrainFA_Tot_IP,46
DDE001,KPI_TrainFA_Tot_IP,1800000
DIL001,KPI_TrainFA_Tot_IP,336456
DSR001,KPI_TrainFA_Tot_IP,1048
DBD001,KPI_TrainFA_Tot_IP,57500
DBS001,KPI_TrainFA_Tot_IP,346
DMH001,KPI_TrainFA_Tot_IP,1005
DRU001,KPI_TrainFA_Tot_IP,820000
DNA001,KPI_TrainFA_Tot_IP,410
DCH001,KPI_TrainFA_Tot_IP,110596
DCZ001,KPI_TrainFA_Tot_IP,62922
DPL001,KPI_TrainFA_Tot_IP,12428
DKM001,KPI_TrainFA_Tot_IP,101
DRS001,KPI_TrainFA_Tot_IP,33630
DPS001,KPI_TrainFA_Tot_IP,7353
DSS001,KPI_TrainFA_Tot_IP,2941
DQA001,KPI_TrainFA_Tot_IP,2040
DBZ001,KPI_TrainFA_Tot_IP,1208
DLK001,KPI_TrainFA_Tot_IP,1138
DMV001,KPI_TrainFA_Tot_IP,843
DPG001,KPI_TrainFA_Tot_IP,1428
DPH001,KPI_TrainFA_Tot_IP,162102
DZM001,KPI_TrainFA_Tot_IP,3786
DBO001,KPI_TrainFA_Tot_IP,2248
DFI001,KPI_TrainFA_Tot_IP,94000
DGR001,KPI_TrainFA_Tot_IP,18702
DTL001,KPI_TrainFA_Tot_IP,865
DSA001,KPI_TrainFA_Tot_IP,79345
DTD001,KPI_TrainFA_Tot_IP,1767
DES001,KPI_TrainFA_Tot_IP,112983
DHN001,KPI_TrainFA_Tot_IP,1276
DGM001,KPI_TrainFA_Tot_IP,719
DPT001,KPI_TrainFA_Tot_IP,10810
DFR001,KPI_TrainFA_Tot_IP,71618
DSG001,KPI_TrainFA_Tot_IP,12465
DGY001,KPI_TrainFA_Tot_IP,743
DBY001,KPI_TrainFA_Tot_IP,25832
DBE001,KPI_TrainFA_Tot_IP,105665
DDM001,KPI_TrainFA_Tot_IP,277
DMC001,KPI_TrainFA_Tot_IP,4886
DCA001,KPI_TrainFA_Tot_IP,854142
DLI001,KPI_TrainFA_Tot_IP,1036
DAF001,KPI_TrainFA_Tot_IP,6754
DSB001,KPI_TrainFA_Tot_IP,624
DKZ001,KPI_TrainFA_Tot_IP,26398
DIS001,KPI_TrainFA_Tot_IP,8848
DRW001,KPI_TrainFA_Tot_IP,6815
DGH001,KPI_TrainFA_Tot_IP,2565
DAU001,KPI_TrainFA_Tot_IP,51809
DCD001,KPI_TrainFA_Tot_IP,11324
DMK001,KPI_TrainFA_Tot_IP,27486
DNO001,KPI_TrainFA_Tot_IP,
DUS001,KPI_TrainFA_Tot_IP,4522513
DDO001,KPI_TrainFA_Tot_IP,1020
DAD001,KPI_TrainFA_Tot_IP,3141
DJO001,KPI_TrainFA_Tot_IP,887
DBH001,KPI_TrainFA_Tot_IP,22
DTR001,KPI_TrainFA_Tot_IP,1557068
DML001,KPI_TrainFA_Tot_IP,268
DKN001,KPI_TrainFA_Tot_IP,321
DSY001,KPI_TrainFA_Tot_IP,3645
DFM001,KPI_TrainFA_Tot_IP,137
DLC001,KPI_TrainFA_Tot_IP,568
DJP001,KPI_TrainFA_Tot_IP,509341
DLT001,KPI_TrainFA_Tot_IP,17556
DSN001,KPI_TrainFA_Tot_IP,464
DCI001,KPI_TrainFA_Tot_IP,2905
DHU001,KPI_TrainFA_Tot_IP,85381
DHR001,KPI_TrainFA_Tot_IP,152222
DFJ001,KPI_TrainFA_Tot_IP,796
DIR001,KPI_TrainFA_Tot_IP,1360491
DKE001,KPI_TrainFA_Tot_IP,16965
DDJ001,KPI_TrainFA_Tot_IP,205
DBR001,KPI_TrainFA_Tot_IP,3734
DSO001,KPI_TrainFA_Tot_IP,6637
DCK001,KPI_TrainFA_Tot_IP,474
DIQ001,KPI_TrainFA_Tot_IP,1412518
DAO001,KPI_TrainFA_Tot_IP,38
DVC001,KPI_TrainFA_Tot_IP,621
DAT001,KPI_TrainFA_Tot_IP,275504
DKR001,KPI_TrainFA_Tot_IP,301354
DLR001,KPI_TrainFA_Tot_IP,630
DLY001,KPI_TrainFA_Tot_IP,917
DVE001,KPI_TrainFA_Tot_IP,5832
DAM001,KPI_TrainFA_Tot_IP,4600
DBF001,KPI_TrainFA_Tot_IP,2178
DBG001,KPI_TrainFA_Tot_IP,70235
DBN001,KPI_TrainFA_Tot_IP,
DDK001,KPI_TrainFA_Tot_IP,50000
DMG001,KPI_TrainFA_Tot_IP,2612
DCN001,KPI_TrainFA_Tot_IP,5072215
DSV001,KPI_TrainFA_Tot_IP,4627
DWS001,KPI_TrainFA_Tot_IP,3830
DZA001,KPI_TrainFA_Tot_IP,6699
DTT001,KPI_TrainFA_Tot_IP,2252
DCF001,KPI_TrainFA_Tot_IP,9323
DUY001,KPI_TrainFA_Tot_IP,1659
DNG001,KPI_TrainFA_Tot_IP,34115
DLU001,KPI_TrainFA_Tot_IP,2585
DMM001,KPI_TrainFA_Tot_IP,64907
DNP001,KPI_TrainFA_Tot_IP,15443
DPY001,KPI_TrainFA_Tot_IP,6584
DSE001,KPI_TrainFA_Tot_IP,30355
DEG001,KPI_TrainFA_Tot_IP,12350
DDZ001,KPI_TrainFA_Tot_IP,2942
DKG001,KPI_TrainFA_Tot_IP,58519
DTJ001,KPI_TrainFA_Tot_IP,354
DLB001,KPI_TrainFA_Tot_IP,15652
DLS001,KPI_TrainFA_Tot_IP,490
DAL001,KPI_TrainFA_Tot_IP,77400
DTZ001,KPI_TrainFA_Tot_IP,520
DAE001,KPI_TrainFA_Tot_IP,
DME001,KPI_TrainFA_Tot_IP,4840
DMW001,KPI_TrainFA_Tot_IP,8108
DNL001,KPI_TrainFA_Tot_IP,110000
DTV001,KPI_TrainFA_Tot_IP,30
DID001,KPI_TrainFA_Tot_IP,
DEE001,KPI_TrainFA_Tot_IP,22159
DGQ001,KPI_TrainFA_Tot_IP,
DGW001,KPI_TrainFA_Tot_IP,800
DTH001,KPI_TrainFA_Tot_IP,22196
DAG001,KPI_TrainFA_Tot_IP,276
DUA001,KPI_TrainFA_Tot_IP,158481
DST001,KPI_TrainFA_Tot_IP,26
DAR001,KPI_TrainFA_Tot_IP,35216
DMR001,KPI_TrainFA_Tot_IP,546
DKW001,KPI_TrainFA_Tot_IP,
DNI001,KPI_TrainFA_Tot_IP,399
DYE001,KPI_TrainFA_Tot_IP,1208
DVN001,KPI_TrainFA_Tot_IP,135680
DGE001,KPI_TrainFA_Tot_IP,5559
DRO001,KPI_TrainFA_Tot_IP,76924
DMD001,KPI_TrainFA_Tot_IP,1240
DTG001,KPI_TrainFA_Tot_IP,500
DPW001,KPI_TrainFA_Tot_IP,522
DGT001,KPI_TrainFA_Tot_IP,737
DTM001,KPI_TrainFA_Tot_IP,1809
DSD001,KPI_TrainFA_Tot_IP,223625
DCR001,KPI_TrainFA_Tot_IP,919
DEC001,KPI_TrainFA_Tot_IP,10700
DIE001,KPI_TrainFA_Tot_IP,3612
DIT001,KPI_TrainFA_Tot_IP,40951
DCM001,KPI_TrainFA_Tot_IP,4341
DVU001,KPI_TrainFA_Tot_IP,195
DKP001,KPI_TrainFA_Tot_IP,76975
DMA001,KPI_TrainFA_Tot_IP,60115
DBJ001,KPI_TrainFA_Tot_IP,1882
DBI001,KPI_TrainFA_Tot_IP,9804
DAZ001,KPI_TrainFA_Tot_IP,533
DCY001,KPI_TrainFA_Tot_IP,948
DNE001,KPI_TrainFA_Tot_IP,
DMY001,KPI_TrainFA_Tot_IP,7196
DPK001,KPI_TrainFA_Tot_IP,10200
DBB001,KPI_TrainFA_Tot_IP,689
DSC001,KPI_TrainFA_Tot_IP,545
DHT001,KPI_TrainFA_Tot_IP,
DIN001,KPI_TrainFA_Tot_IP,480
DSI001,KPI_TrainFA_Tot_IP,35738
DBA001,KPI_TrainFA_Tot_IP,46273
DSL001,KPI_TrainFA_Tot_IP,2291
DPA001,KPI_TrainFA_Tot_IP,1447
DTO001,KPI_TrainFA_Tot_IP,1349
DTN001,KPI_TrainFA_Tot_IP,
DMU001,KPI_TrainFA_Tot_IP,682
DMN001,KPI_TrainFA_Tot_IP,34255
DUZ001,KPI_TrainFA_Tot_IP,24802
DKH001,KPI_TrainFA_Tot_IP,10670
DSM001,KPI_TrainFA_Tot_IP,17
DMX001,KPI_TrainFA_Tot_IP,61505
DGB001,KPI_TrainFA_Tot_IP,115068
DSZ001,KPI_TrainFA_Tot_IP,873
DGN001,KPI_TrainFA_Tot_IP,3125
DMT001,KPI_TrainFA_Tot_IP,2957
DCL001,KPI_TrainFA_Tot_IP,4450
DET001,KPI_TrainFA_Tot_IP,13450
DCV001,KPI_TrainFA_Tot_IP,
DKI001,KPI_TrainFA_Tot_IP,1291
DNZ001,KPI_TrainFA_Tot_IP,68915
DLV001,KPI_TrainFA_Tot_IP,6481
DSK001,KPI_TrainFA_Tot_IP,53635
DCU001,KPI_TrainFA_Tot_IP,67937
DGD001,KPI_TrainFA_Tot_IP,208
DJM001,KPI_DonBlood_Tot_IP,
DUG001,KPI_DonBlood_Tot_IP,195709
DGA001,KPI_DonBlood_Tot_IP,
DBT001,KPI_DonBlood_Tot_IP,
DMZ001,KPI_DonBlood_Tot_IP,
DZW001,KPI_DonBlood_Tot_IP,
DCG001,KPI_DonBlood_Tot_IP,2193
DLA001,KPI_DonBlood_Tot_IP,73023
DCO001,KPI_DonBlood_Tot_IP,130326
DBW001,KPI_DonBlood_Tot_IP,681
DDE001,KPI_DonBlood_Tot_IP,1500000
DIL001,KPI_DonBlood_Tot_IP,336456
DBD001,KPI_DonBlood_Tot_IP,76708
DBS001,KPI_DonBlood_Tot_IP,
DMH001,KPI_DonBlood_Tot_IP,47
DRU001,KPI_DonBlood_Tot_IP,97000
DNA001,KPI_DonBlood_Tot_IP,
DCH001,KPI_DonBlood_Tot_IP,219514
DCZ001,KPI_DonBlood_Tot_IP,220400
DPL001,KPI_DonBlood_Tot_IP,
DKM001,KPI_DonBlood_Tot_IP,37
DRS001,KPI_DonBlood_Tot_IP,
DSS001,KPI_DonBlood_Tot_IP,3238
DQA001,KPI_DonBlood_Tot_IP,
DBZ001,KPI_DonBlood_Tot_IP,57
DLK001,KPI_DonBlood_Tot_IP,2780
DMV001,KPI_DonBlood_Tot_IP,
DPG001,KPI_DonBlood_Tot_IP,
DPH001,KPI_DonBlood_Tot_IP,
DZM001,KPI_DonBlood_Tot_IP,
DBO001,KPI_DonBlood_Tot_IP,
DFI001,KPI_DonBlood_Tot_IP,108043
DGR001,KPI_DonBlood_Tot_IP,2560
DTL001,KPI_DonBlood_Tot_IP,
DSA001,KPI_DonBlood_Tot_IP,5147
DTD001,KPI_DonBlood_Tot_IP,815
DES001,KPI_DonBlood_Tot_IP,
DHN001,KPI_DonBlood_Tot_IP,51173
DGM001,KPI_DonBlood_Tot_IP,768
DPT001,KPI_DonBlood_Tot_IP,
DFR001,KPI_DonBlood_Tot_IP,
DSG001,KPI_DonBlood_Tot_IP,77424
DGY001,KPI_DonBlood_Tot_IP,
DBY001,KPI_DonBlood_Tot_IP,2041
DBE001,KPI_DonBlood_Tot_IP,254129
DDM001,KPI_DonBlood_Tot_IP,10
DMC001,KPI_DonBlood_Tot_IP,1500
DCA001,KPI_DonBlood_Tot_IP,
DLI001,KPI_DonBlood_Tot_IP,1088
DAF001,KPI_DonBlood_Tot_IP,
DSB001,KPI_DonBlood_Tot_IP,
DKZ001,KPI_DonBlood_Tot_IP,
DIS001,KPI_DonBlood_Tot_IP,
DRW001,KPI_DonBlood_Tot_IP,
DGH001,KPI_DonBlood_Tot_IP,309
DAU001,KPI_DonBlood_Tot_IP,536966
DCD001,KPI_DonBlood_Tot_IP,124215
DMK001,KPI_DonBlood_Tot_IP,51493
DNO001,KPI_DonBlood_Tot_IP,
DUS001,KPI_DonBlood_Tot_IP,2162332
DDO001,KPI_DonBlood_Tot_IP,2764
DAD001,KPI_DonBlood_Tot_IP,1461
DJO001,KPI_DonBlood_Tot_IP,
DBH001,KPI_DonBlood_Tot_IP,
DTR001,KPI_DonBlood_Tot_IP,2221953
DML001,KPI_DonBlood_Tot_IP,103
DSY001,KPI_DonBlood_Tot_IP,
DLC001,KPI_DonBlood_Tot_IP,
DJP001,KPI_DonBlood_Tot_IP,5009281
DLT001,KPI_DonBlood_Tot_IP,
DSN001,KPI_DonBlood_Tot_IP,70
DCI001,KPI_DonBlood_Tot_IP,1150
DHU001,KPI_DonBlood_Tot_IP,334330
DHR001,KPI_DonBlood_Tot_IP,
DFJ001,KPI_DonBlood_Tot_IP,
DIR001,KPI_DonBlood_Tot_IP,154887
DKE001,KPI_DonBlood_Tot_IP,43940
DDJ001,KPI_DonBlood_Tot_IP,
DBR001,KPI_DonBlood_Tot_IP,
DCK001,KPI_DonBlood_Tot_IP,
DIQ001,KPI_DonBlood_Tot_IP,
DAO001,KPI_DonBlood_Tot_IP,2000
DVC001,KPI_DonBlood_Tot_IP,1
DPE001,KPI_DonBlood_Tot_IP,
DAT001,KPI_DonBlood_Tot_IP,216211
DKR001,KPI_DonBlood_Tot_IP,2541446
DLR001,KPI_DonBlood_Tot_IP,
DLY001,KPI_DonBlood_Tot_IP,2230
DVE001,KPI_DonBlood_Tot_IP,
DAM001,KPI_DonBlood_Tot_IP,
DBF001,KPI_DonBlood_Tot_IP,394
DBG001,KPI_DonBlood_Tot_IP,173177
DBN001,KPI_DonBlood_Tot_IP,
DDK001,KPI_DonBlood_Tot_IP,
DMG001,KPI_DonBlood_Tot_IP,67
DCN001,KPI_DonBlood_Tot_IP,
DSV001,KPI_DonBlood_Tot_IP,15444
DWS001,KPI_DonBlood_Tot_IP,7610
DZA001,KPI_DonBlood_Tot_IP,23
DTT001,KPI_DonBlood_Tot_IP,
DCF001,KPI_DonBlood_Tot_IP,
DUY001,KPI_DonBlood_Tot_IP,
DNG001,KPI_DonBlood_Tot_IP,2062
DLU001,KPI_DonBlood_Tot_IP,15354
DMM001,KPI_DonBlood_Tot_IP,
DNP001,KPI_DonBlood_Tot_IP,366227
DPY001,KPI_DonBlood_Tot_IP,
DSE001,KPI_DonBlood_Tot_IP,
DEG001,KPI_DonBlood_Tot_IP,100560
DDZ001,KPI_DonBlood_Tot_IP,5315
DKG001,KPI_DonBlood_Tot_IP,1234
DTJ001,KPI_DonBlood_Tot_IP,70
DLB001,KPI_DonBlood_Tot_IP,45231
DLS001,KPI_DonBlood_Tot_IP,
DAL001,KPI_DonBlood_Tot_IP,4825
DTZ001,KPI_DonBlood_Tot_IP,14352
DAE001,KPI_DonBlood_Tot_IP,
DME001,KPI_DonBlood_Tot_IP,4400
DMW001,KPI_DonBlood_Tot_IP,5808
DNL001,KPI_DonBlood_Tot_IP,
DTV001,KPI_DonBlood_Tot_IP,
DID001,KPI_DonBlood_Tot_IP,
DEE001,KPI_DonBlood_Tot_IP,
DGQ001,KPI_DonBlood_Tot_IP,
DTH001,KPI_DonBlood_Tot_IP,732585
DAG001,KPI_DonBlood_Tot_IP,49
DUA001,KPI_DonBlood_Tot_IP,1619
DST001,KPI_DonBlood_Tot_IP,1
DAR001,KPI_DonBlood_Tot_IP,2962
DMR001,KPI_DonBlood_Tot_IP,
DKW001,KPI_DonBlood_Tot_IP,
DYE001,KPI_DonBlood_Tot_IP,40
DVN001,KPI_DonBlood_Tot_IP,1555593
DGE001,KPI_DonBlood_Tot_IP,
DRO001,KPI_DonBlood_Tot_IP,
DMD001,KPI_DonBlood_Tot_IP,
DTG001,KPI_DonBlood_Tot_IP,23508
DPW001,KPI_DonBlood_Tot_IP,
DGT001,KPI_DonBlood_Tot_IP,6464
DTM001,KPI_DonBlood_Tot_IP,
DSD001,KPI_DonBlood_Tot_IP,173
DCR001,KPI_DonBlood_Tot_IP,
DEC001,KPI_DonBlood_Tot_IP,251716
DIE001,KPI_DonBlood_Tot_IP,
DIT001,KPI_DonBlood_Tot_IP,
DVU001,KPI_DonBlood_Tot_IP,
DKP001,KPI_DonBlood_Tot_IP,
DBJ001,KPI_DonBlood_Tot_IP,2785
DBI001,KPI_DonBlood_Tot_IP,2224
DAZ001,KPI_DonBlood_Tot_IP,1200
DCY001,KPI_DonBlood_Tot_IP,1228
DNE001,KPI_DonBlood_Tot_IP,
DMY001,KPI_DonBlood_Tot_IP,
DPK001,KPI_DonBlood_Tot_IP,6538
DBB001,KPI_DonBlood_Tot_IP,
DSC001,KPI_DonBlood_Tot_IP,13
DHT001,KPI_DonBlood_Tot_IP,
DIN001,KPI_DonBlood_Tot_IP,15239
DSI001,KPI_DonBlood_Tot_IP,95516
DBA001,KPI_DonBlood_Tot_IP,24252
DSL001,KPI_DonBlood_Tot_IP,2215
DTO001,KPI_DonBlood_Tot_IP,180
DTN001,KPI_DonBlood_Tot_IP,
DMU001,KPI_DonBlood_Tot_IP,
DMN001,KPI_DonBlood_Tot_IP,
DSM001,KPI_DonBlood_Tot_IP,
DMX001,KPI_DonBlood_Tot_IP,11382
DGB001,KPI_DonBlood_Tot_IP,
DSZ001,KPI_DonBlood_Tot_IP,
DGN001,KPI_DonBlood_Tot_IP,4171
DMT001,KPI_DonBlood_Tot_IP,
DCL001,KPI_DonBlood_Tot_IP,
DCV001,KPI_DonBlood_Tot_IP,
DKI001,KPI_DonBlood_Tot_IP,
DNZ001,KPI_DonBlood_Tot_IP,
DLV001,KPI_DonBlood_Tot_IP,6001
DSK001,KPI_DonBlood_Tot_IP,
DCU001,KPI_DonBlood_Tot_IP,9325
DGD001,KPI_DonBlood_Tot_IP,
DJM001,KPI_GB_Tot_IP,14
DUG001,KPI_GB_Tot_IP,13
DGA001,KPI_GB_Tot_IP,
DBT001,KPI_GB_Tot_IP,7
DMZ001,KPI_GB_Tot_IP,13
DZW001,KPI_GB_Tot_IP,10
DCG001,KPI_GB_Tot_IP,5
DLA001,KPI_GB_Tot_IP,2
DCO001,KPI_GB_Tot_IP,13
DBW001,KPI_GB_Tot_IP,10
DDE001,KPI_GB_Tot_IP,13
DIL001,KPI_GB_Tot_IP,12
DSR001,KPI_GB_Tot_IP,11
DBD001,KPI_GB_Tot_IP,15
DBS001,KPI_GB_Tot_IP,22
DMH001,KPI_GB_Tot_IP,8
DRU001,KPI_GB_Tot_IP,17
DNA001,KPI_GB_Tot_IP,14
DCH001,KPI_GB_Tot_IP,11
DCZ001,KPI_GB_Tot_IP,13
DPL001,KPI_GB_Tot_IP,11
DKM001,KPI_GB_Tot_IP,6
DRS001,KPI_GB_Tot_IP,21
DPS001,KPI_GB_Tot_IP,19
DSS001,KPI_GB_Tot_IP,22
DQA001,KPI_GB_Tot_IP,12
DBZ001,KPI_GB_Tot_IP,6
DLK001,KPI_GB_Tot_IP,16
DMV001,KPI_GB_Tot_IP,9
DPG001,KPI_GB_Tot_IP,9
DPH001,KPI_GB_Tot_IP,
DZM001,KPI_GB_Tot_IP,10
DBO001,KPI_GB_Tot_IP,7
DGR001,KPI_GB_Tot_IP,21
DTL001,KPI_GB_Tot_IP,19
DSA001,KPI_GB_Tot_IP,12
DTD001,KPI_GB_Tot_IP,10
DES001,KPI_GB_Tot_IP,47
DHN001,KPI_GB_Tot_IP,18
DGM001,KPI_GB_Tot_IP,17
DPT001,KPI_GB_Tot_IP,9
DFR001,KPI_GB_Tot_IP,23
DSG001,KPI_GB_Tot_IP,18
DGY001,KPI_GB_Tot_IP,5
DBY001,KPI_GB_Tot_IP,27
DBE001,KPI_GB_Tot_IP,31
DDM001,KPI_GB_Tot_IP,10
DMC001,KPI_GB_Tot_IP,17
DCA001,KPI_GB_Tot_IP,15
DLI001,KPI_GB_Tot_IP,6
DSB001,KPI_GB_Tot_IP,10
DKZ001,KPI_GB_Tot_IP,11
DIS001,KPI_GB_Tot_IP,12
DRW001,KPI_GB_Tot_IP,10
DGH001,KPI_GB_Tot_IP,
DAU001,KPI_GB_Tot_IP,14
DCD001,KPI_GB_Tot_IP,10
DMK001,KPI_GB_Tot_IP,13
DNO001,KPI_GB_Tot_IP,17
DUS001,KPI_GB_Tot_IP,14
DDO001,KPI_GB_Tot_IP,12
DAD001,KPI_GB_Tot_IP,10
DJO001,KPI_GB_Tot_IP,8
DBH001,KPI_GB_Tot_IP,9
DTR001,KPI_GB_Tot_IP,16
DML001,KPI_GB_Tot_IP,13
DKN001,KPI_GB_Tot_IP,13
DSY001,KPI_GB_Tot_IP,7
DFM001,KPI_GB_Tot_IP,9
DLC001,KPI_GB_Tot_IP,11
DJP001,KPI_GB_Tot_IP,64
DLT001,KPI_GB_Tot_IP,7
DSN001,KPI_GB_Tot_IP,90
DCI001,KPI_GB_Tot_IP,5
DHU001,KPI_GB_Tot_IP,22
DHR001,KPI_GB_Tot_IP,23
DFJ001,KPI_GB_Tot_IP,8
DIR001,KPI_GB_Tot_IP,18
DKE001,KPI_GB_Tot_IP,17
DDJ001,KPI_GB_Tot_IP,6
DBR001,KPI_GB_Tot_IP,44
DSO001,KPI_GB_Tot_IP,16
DCK001,KPI_GB_Tot_IP,6
DIQ001,KPI_GB_Tot_IP,12
DAO001,KPI_GB_Tot_IP,9
DVC001,KPI_GB_Tot_IP,10
DPE001,KPI_GB_Tot_IP,10
DAT001,KPI_GB_Tot_IP,17
DKR001,KPI_GB_Tot_IP,28
DLR001,KPI_GB_Tot_IP,25
DLY001,KPI_GB_Tot_IP,4
DVE001,KPI_GB_Tot_IP,
DAM001,KPI_GB_Tot_IP,11
DBF001,KPI_GB_Tot_IP,10
DBG001,KPI_GB_Tot_IP,13
DBN001,KPI_GB_Tot_IP,5
DDK001,KPI_GB_Tot_IP,16
DMG001,KPI_GB_Tot_IP,10
DCN001,KPI_GB_Tot_IP,166
DSV001,KPI_GB_Tot_IP,11
DWS001,KPI_GB_Tot_IP,8
DZA001,KPI_GB_Tot_IP,5
DTT001,KPI_GB_Tot_IP,22
DCF001,KPI_GB_Tot_IP,8
DUY001,KPI_GB_Tot_IP,7
DNG001,KPI_GB_Tot_IP,28
DLU001,KPI_GB_Tot_IP,6
DMM001,KPI_GB_Tot_IP,11
DNP001,KPI_GB_Tot_IP,34
DPY001,KPI_GB_Tot_IP,12
DSE001,KPI_GB_Tot_IP,12
DEG001,KPI_GB_Tot_IP,10
DDZ001,KPI_GB_Tot_IP,9
DKG001,KPI_GB_Tot_IP,10
DTJ001,KPI_GB_Tot_IP,21
DLB001,KPI_GB_Tot_IP,99
DLS001,KPI_GB_Tot_IP,10
DAL001,KPI_GB_Tot_IP,14
DTZ001,KPI_GB_Tot_IP,20
DAE001,KPI_GB_Tot_IP,13
DME001,KPI_GB_Tot_IP,15
DMW001,KPI_GB_Tot_IP,21
DNL001,KPI_GB_Tot_IP,9
DTV001,KPI_GB_Tot_IP,8
DID001,KPI_GB_Tot_IP,21
DEE001,KPI_GB_Tot_IP,
DGQ001,KPI_GB_Tot_IP,21
DGW001,KPI_GB_Tot_IP,24
DTH001,KPI_GB_Tot_IP,76
DAG001,KPI_GB_Tot_IP,6
DUA001,KPI_GB_Tot_IP,75
DST001,KPI_GB_Tot_IP,22
DAR001,KPI_GB_Tot_IP,11
DMR001,KPI_GB_Tot_IP,8
DKW001,KPI_GB_Tot_IP,9
DNI001,KPI_GB_Tot_IP,31
DYE001,KPI_GB_Tot_IP,6
DVN001,KPI_GB_Tot_IP,4
DGE001,KPI_GB_Tot_IP,9
DRO001,KPI_GB_Tot_IP,18
DMD001,KPI_GB_Tot_IP,10
DTG001,KPI_GB_Tot_IP,8
DPW001,KPI_GB_Tot_IP,9
DGT001,KPI_GB_Tot_IP,11
DTM001,KPI_GB_Tot_IP,23
DSD001,KPI_GB_Tot_IP,14
DCR001,KPI_GB_Tot_IP,9
DEC001,KPI_GB_Tot_IP,50
DIE001,KPI_GB_Tot_IP,14
DIT001,KPI_GB_Tot_IP,5
DCM001,KPI_GB_Tot_IP,12
DVU001,KPI_GB_Tot_IP,11
DKP001,KPI_GB_Tot_IP,24
DMA001,KPI_GB_Tot_IP,14
DBJ001,KPI_GB_Tot_IP,29
DBI001,KPI_GB_Tot_IP,8
DAZ001,KPI_GB_Tot_IP,17
DCY001,KPI_GB_Tot_IP,9
DNE001,KPI_GB_Tot_IP,16
DMY001,KPI_GB_Tot_IP,18
DPK001,KPI_GB_Tot_IP,22
DBB001,KPI_GB_Tot_IP,9
DSC001,KPI_GB_Tot_IP,9
DHT001,KPI_GB_Tot_IP,12
DIN001,KPI_GB_Tot_IP,12
DSI001,KPI_GB_Tot_IP,18
DBA001,KPI_GB_Tot_IP,10
DSL001,KPI_GB_Tot_IP,9
DPA001,KPI_GB_Tot_IP,11
DTO001,KPI_GB_Tot_IP,6
DTN001,KPI_GB_Tot_IP,16
DMU001,KPI_GB_Tot_IP,8
DMN001,KPI_GB_Tot_IP,18
DUZ001,KPI_GB_Tot_IP,26
DKH001,KPI_GB_Tot_IP,13
DSM001,KPI_GB_Tot_IP,8
DMX001,KPI_GB_Tot_IP,23
DGB001,KPI_GB_Tot_IP,13
DSZ001,KPI_GB_Tot_IP,14
DGN001,KPI_GB_Tot_IP,4
DMT001,KPI_GB_Tot_IP,5
DCL001,KPI_GB_Tot_IP,5
DET001,KPI_GB_Tot_IP,9
DCV001,KPI_GB_Tot_IP,8
DKI001,KPI_GB_Tot_IP,8
DNZ001,KPI_GB_Tot_IP,9
DLV001,KPI_GB_Tot_IP,20
DSK001,KPI_GB_Tot_IP,5
DCU001,KPI_GB_Tot_IP,12
DGD001,KPI_GB_Tot_IP,9
DJM001,KPI_PeopleVol_Tot_IP,5000
DUG001,KPI_PeopleVol_Tot_IP,6275
DGA001,KPI_PeopleVol_Tot_IP,3000
DBT001,KPI_PeopleVol_Tot_IP,6893
DMZ001,KPI_PeopleVol_Tot_IP,6908
DZW001,KPI_PeopleVol_Tot_IP,1440
DCG001,KPI_PeopleVol_Tot_IP,30500
DLA001,KPI_PeopleVol_Tot_IP,446
DCO001,KPI_PeopleVol_Tot_IP,25722
DBW001,KPI_PeopleVol_Tot_IP,13000
DDE001,KPI_PeopleVol_Tot_IP,452840
DIL001,KPI_PeopleVol_Tot_IP,31000
DSR001,KPI_PeopleVol_Tot_IP,111
DBD001,KPI_PeopleVol_Tot_IP,162141
DBS001,KPI_PeopleVol_Tot_IP,461
DMH001,KPI_PeopleVol_Tot_IP,62
DRU001,KPI_PeopleVol_Tot_IP,55000
DNA001,KPI_PeopleVol_Tot_IP,12
DCH001,KPI_PeopleVol_Tot_IP,50380
DCZ001,KPI_PeopleVol_Tot_IP,13711
DPL001,KPI_PeopleVol_Tot_IP,1771
DKM001,KPI_PeopleVol_Tot_IP,3000
DRS001,KPI_PeopleVol_Tot_IP,37178
DPS001,KPI_PeopleVol_Tot_IP,10710
DSS001,KPI_PeopleVol_Tot_IP,19785
DQA001,KPI_PeopleVol_Tot_IP,29721
DBZ001,KPI_PeopleVol_Tot_IP,121
DLK001,KPI_PeopleVol_Tot_IP,1800
DMV001,KPI_PeopleVol_Tot_IP,1206
DPG001,KPI_PeopleVol_Tot_IP,862
DPH001,KPI_PeopleVol_Tot_IP,541000
DZM001,KPI_PeopleVol_Tot_IP,7350
DBO001,KPI_PeopleVol_Tot_IP,1009
DFI001,KPI_PeopleVol_Tot_IP,22231
DGR001,KPI_PeopleVol_Tot_IP,5600
DTL001,KPI_PeopleVol_Tot_IP,731
DSA001,KPI_PeopleVol_Tot_IP,110245
DTD001,KPI_PeopleVol_Tot_IP,57923
DES001,KPI_PeopleVol_Tot_IP,248780
DHN001,KPI_PeopleVol_Tot_IP,6085
DGM001,KPI_PeopleVol_Tot_IP,17240
DPT001,KPI_PeopleVol_Tot_IP,4472
DFR001,KPI_PeopleVol_Tot_IP,75950
DSG001,KPI_PeopleVol_Tot_IP,26864
DGY001,KPI_PeopleVol_Tot_IP,100
DBY001,KPI_PeopleVol_Tot_IP,13330
DBE001,KPI_PeopleVol_Tot_IP,25396
DDM001,KPI_PeopleVol_Tot_IP,318
DMC001,KPI_PeopleVol_Tot_IP,692
DCA001,KPI_PeopleVol_Tot_IP,14531
DLI001,KPI_PeopleVol_Tot_IP,17
DAF001,KPI_PeopleVol_Tot_IP,26568
DSB001,KPI_PeopleVol_Tot_IP,114
DKZ001,KPI_PeopleVol_Tot_IP,7795
DIS001,KPI_PeopleVol_Tot_IP,2435
DRW001,KPI_PeopleVol_Tot_IP,67886
DGH001,KPI_PeopleVol_Tot_IP,66000
DAU001,KPI_PeopleVol_Tot_IP,11485
DCD001,KPI_PeopleVol_Tot_IP,209000
DMK001,KPI_PeopleVol_Tot_IP,4693
DNO001,KPI_PeopleVol_Tot_IP,46507
DUS001,KPI_PeopleVol_Tot_IP,267210
DDO001,KPI_PeopleVol_Tot_IP,11252
DAD001,KPI_PeopleVol_Tot_IP,318
DJO001,KPI_PeopleVol_Tot_IP,770
DBH001,KPI_PeopleVol_Tot_IP,95
DTR001,KPI_PeopleVol_Tot_IP,327114
DML001,KPI_PeopleVol_Tot_IP,9276
DKN001,KPI_PeopleVol_Tot_IP,153
DSY001,KPI_PeopleVol_Tot_IP,9788
DFM001,KPI_PeopleVol_Tot_IP,275
DLC001,KPI_PeopleVol_Tot_IP,280
DJP001,KPI_PeopleVol_Tot_IP,829386
DLT001,KPI_PeopleVol_Tot_IP,12320
DSN001,KPI_PeopleVol_Tot_IP,30030
DCI001,KPI_PeopleVol_Tot_IP,3522
DHU001,KPI_PeopleVol_Tot_IP,10980
DHR001,KPI_PeopleVol_Tot_IP,6665
DFJ001,KPI_PeopleVol_Tot_IP,520
DIR001,KPI_PeopleVol_Tot_IP,1666480
DKE001,KPI_PeopleVol_Tot_IP,227863
DDJ001,KPI_PeopleVol_Tot_IP,1000
DBR001,KPI_PeopleVol_Tot_IP,28604
DSO001,KPI_PeopleVol_Tot_IP,2791
DCK001,KPI_PeopleVol_Tot_IP,149
DIQ001,KPI_PeopleVol_Tot_IP,12037
DAO001,KPI_PeopleVol_Tot_IP,4665
DVC001,KPI_PeopleVol_Tot_IP,200
DPE001,KPI_PeopleVol_Tot_IP,2641
DAT001,KPI_PeopleVol_Tot_IP,75671
DKR001,KPI_PeopleVol_Tot_IP,122041
DLR001,KPI_PeopleVol_Tot_IP,3693
DLY001,KPI_PeopleVol_Tot_IP,3000
DVE001,KPI_PeopleVol_Tot_IP,4160
DAM001,KPI_PeopleVol_Tot_IP,9088
DBF001,KPI_PeopleVol_Tot_IP,45707
DBG001,KPI_PeopleVol_Tot_IP,16546
DBN001,KPI_PeopleVol_Tot_IP,1780
DDK001,KPI_PeopleVol_Tot_IP,42533
DMG001,KPI_PeopleVol_Tot_IP,1431
DCN001,KPI_PeopleVol_Tot_IP,2930054
DSV001,KPI_PeopleVol_Tot_IP,1696
DWS001,KPI_PeopleVol_Tot_IP,5180
DZA001,KPI_PeopleVol_Tot_IP,4220
DTT001,KPI_PeopleVol_Tot_IP,832
DCF001,KPI_PeopleVol_Tot_IP,18285
DUY001,KPI_PeopleVol_Tot_IP,350
DNG001,KPI_PeopleVol_Tot_IP,67000
DLU001,KPI_PeopleVol_Tot_IP,1638
DMM001,KPI_PeopleVol_Tot_IP,6432
DNP001,KPI_PeopleVol_Tot_IP,146524
DPY001,KPI_PeopleVol_Tot_IP,927
DSE001,KPI_PeopleVol_Tot_IP,23000
DEG001,KPI_PeopleVol_Tot_IP,35040
DDZ001,KPI_PeopleVol_Tot_IP,20120
DKG001,KPI_PeopleVol_Tot_IP,4726
DTJ001,KPI_PeopleVol_Tot_IP,10388
DLB001,KPI_PeopleVol_Tot_IP,12902
DLS001,KPI_PeopleVol_Tot_IP,720
DAL001,KPI_PeopleVol_Tot_IP,2750
DTZ001,KPI_PeopleVol_Tot_IP,143264
DAE001,KPI_PeopleVol_Tot_IP,45463
DME001,KPI_PeopleVol_Tot_IP,1493
DMW001,KPI_PeopleVol_Tot_IP,85817
DNL001,KPI_PeopleVol_Tot_IP,7442
DTV001,KPI_PeopleVol_Tot_IP,135
DID001,KPI_PeopleVol_Tot_IP,527247
DEE001,KPI_PeopleVol_Tot_IP,553
DGQ001,KPI_PeopleVol_Tot_IP,500
DGW001,KPI_PeopleVol_Tot_IP,3000
DTH001,KPI_PeopleVol_Tot_IP,64000
DAG001,KPI_PeopleVol_Tot_IP,68
DUA001,KPI_PeopleVol_Tot_IP,7305
DST001,KPI_PeopleVol_Tot_IP,100
DAR001,KPI_PeopleVol_Tot_IP,7872
DMR001,KPI_PeopleVol_Tot_IP,5500
DKW001,KPI_PeopleVol_Tot_IP,2025
DNI001,KPI_PeopleVol_Tot_IP,2000
DYE001,KPI_PeopleVol_Tot_IP,6734
DVN001,KPI_PeopleVol_Tot_IP,308712
DGE001,KPI_PeopleVol_Tot_IP,14280
DRO001,KPI_PeopleVol_Tot_IP,7314
DMD001,KPI_PeopleVol_Tot_IP,1300
DTG001,KPI_PeopleVol_Tot_IP,46937
DPW001,KPI_PeopleVol_Tot_IP,322
DGT001,KPI_PeopleVol_Tot_IP,650
DTM001,KPI_PeopleVol_Tot_IP,4408
DSD001,KPI_PeopleVol_Tot_IP,10000
DCR001,KPI_PeopleVol_Tot_IP,5033
DEC001,KPI_PeopleVol_Tot_IP,7845
DIE001,KPI_PeopleVol_Tot_IP,4664
DIT001,KPI_PeopleVol_Tot_IP,149412
DCM001,KPI_PeopleVol_Tot_IP,75000
DVU001,KPI_PeopleVol_Tot_IP,422
DKP001,KPI_PeopleVol_Tot_IP,359607
DMA001,KPI_PeopleVol_Tot_IP,14100
DBJ001,KPI_PeopleVol_Tot_IP,12600
DBI001,KPI_PeopleVol_Tot_IP,611171
DAZ001,KPI_PeopleVol_Tot_IP,24800
DCY001,KPI_PeopleVol_Tot_IP,1428
DNE001,KPI_PeopleVol_Tot_IP,600
DMY001,KPI_PeopleVol_Tot_IP,79206
DPK001,KPI_PeopleVol_Tot_IP,20688
DBB001,KPI_PeopleVol_Tot_IP,90
DSC001,KPI_PeopleVol_Tot_IP,140
DHT001,KPI_PeopleVol_Tot_IP,9234
DIN001,KPI_PeopleVol_Tot_IP,4010811
DSI001,KPI_PeopleVol_Tot_IP,10513
DBA001,KPI_PeopleVol_Tot_IP,9749
DSL001,KPI_PeopleVol_Tot_IP,9766
DPA001,KPI_PeopleVol_Tot_IP,1300
DTO001,KPI_PeopleVol_Tot_IP,16
DTN001,KPI_PeopleVol_Tot_IP,8000
DMU001,KPI_PeopleVol_Tot_IP,142
DMN001,KPI_PeopleVol_Tot_IP,28590
DUZ001,KPI_PeopleVol_Tot_IP,45220
DKH001,KPI_PeopleVol_Tot_IP,53315
DSM001,KPI_PeopleVol_Tot_IP,45
DMX001,KPI_PeopleVol_Tot_IP,38406
DGB001,KPI_PeopleVol_Tot_IP,17874
DSZ001,KPI_PeopleVol_Tot_IP,5000
DGN001,KPI_PeopleVol_Tot_IP,30000
DMT001,KPI_PeopleVol_Tot_IP,133
DCL001,KPI_PeopleVol_Tot_IP,4450
DET001,KPI_PeopleVol_Tot_IP,25863
DCV001,KPI_PeopleVol_Tot_IP,2185
DKI001,KPI_PeopleVol_Tot_IP,152
DNZ001,KPI_PeopleVol_Tot_IP,6365
DLV001,KPI_PeopleVol_Tot_IP,1000
DSK001,KPI_PeopleVol_Tot_IP,1574
DCU001,KPI_PeopleVol_Tot_IP,31134
DGD001,KPI_PeopleVol_Tot_IP,78
DJM001,KPI_PStaff_Tot_IP,25
DUG001,KPI_PStaff_Tot_IP,244
DGA001,KPI_PStaff_Tot_IP,52
DBT001,KPI_PStaff_Tot_IP,11
DMZ001,KPI_PStaff_Tot_IP,185
DZW001,KPI_PStaff_Tot_IP,150
DCG001,KPI_PStaff_Tot_IP,24
DLA001,KPI_PStaff_Tot_IP,508
DCO001,KPI_PStaff_Tot_IP,2900
DBW001,KPI_PStaff_Tot_IP,64
DDE001,KPI_PStaff_Tot_IP,200541
DIL001,KPI_PStaff_Tot_IP,3000
DSR001,KPI_PStaff_Tot_IP,13
DBD001,KPI_PStaff_Tot_IP,2827
DBS001,KPI_PStaff_Tot_IP,61
DMH001,KPI_PStaff_Tot_IP,10
DRU001,KPI_PStaff_Tot_IP,835
DNA001,KPI_PStaff_Tot_IP,14
DCH001,KPI_PStaff_Tot_IP,5651
DCZ001,KPI_PStaff_Tot_IP,636
DPL001,KPI_PStaff_Tot_IP,6173
DKM001,KPI_PStaff_Tot_IP,21
DRS001,KPI_PStaff_Tot_IP,935
DPS001,KPI_PStaff_Tot_IP,4017
DSS001,KPI_PStaff_Tot_IP,261
DQA001,KPI_PStaff_Tot_IP,1166
DBZ001,KPI_PStaff_Tot_IP,6
DLK001,KPI_PStaff_Tot_IP,249
DMV001,KPI_PStaff_Tot_IP,19
DPG001,KPI_PStaff_Tot_IP,26
DPH001,KPI_PStaff_Tot_IP,1923
DZM001,KPI_PStaff_Tot_IP,92
DBO001,KPI_PStaff_Tot_IP,18
DFI001,KPI_PStaff_Tot_IP,1023
DGR001,KPI_PStaff_Tot_IP,500
DTL001,KPI_PStaff_Tot_IP,137
DSA001,KPI_PStaff_Tot_IP,9713
DTD001,KPI_PStaff_Tot_IP,195
DES001,KPI_PStaff_Tot_IP,14783
DHN001,KPI_PStaff_Tot_IP,504
DGM001,KPI_PStaff_Tot_IP,45
DPT001,KPI_PStaff_Tot_IP,2731
DFR001,KPI_PStaff_Tot_IP,19680
DSG001,KPI_PStaff_Tot_IP,211
DGY001,KPI_PStaff_Tot_IP,11
DBY001,KPI_PStaff_Tot_IP,370
DBE001,KPI_PStaff_Tot_IP,3910
DDM001,KPI_PStaff_Tot_IP,6
DMC001,KPI_PStaff_Tot_IP,72
DCA001,KPI_PStaff_Tot_IP,2847
DLI001,KPI_PStaff_Tot_IP,26
DAF001,KPI_PStaff_Tot_IP,4006
DSB001,KPI_PStaff_Tot_IP,25
DKZ001,KPI_PStaff_Tot_IP,111
DIS001,KPI_PStaff_Tot_IP,112
DRW001,KPI_PStaff_Tot_IP,97
DGH001,KPI_PStaff_Tot_IP,50
DAU001,KPI_PStaff_Tot_IP,5633
DCD001,KPI_PStaff_Tot_IP,113
DMK001,KPI_PStaff_Tot_IP,216
DNO001,KPI_PStaff_Tot_IP,895
DUS001,KPI_PStaff_Tot_IP,17425
DDO001,KPI_PStaff_Tot_IP,1300
DAD001,KPI_PStaff_Tot_IP,58
DJO001,KPI_PStaff_Tot_IP,52
DBH001,KPI_PStaff_Tot_IP,22
DTR001,KPI_PStaff_Tot_IP,12580
DML001,KPI_PStaff_Tot_IP,321
DKN001,KPI_PStaff_Tot_IP,1
DSY001,KPI_PStaff_Tot_IP,5927
DFM001,KPI_PStaff_Tot_IP,9
DLC001,KPI_PStaff_Tot_IP,
DJP001,KPI_PStaff_Tot_IP,67526
DLT001,KPI_PStaff_Tot_IP,160
DSN001,KPI_PStaff_Tot_IP,108
DCI001,KPI_PStaff_Tot_IP,124
DHU001,KPI_PStaff_Tot_IP,973
DHR001,KPI_PStaff_Tot_IP,1427
DFJ001,KPI_PStaff_Tot_IP,28
DIR001,KPI_PStaff_Tot_IP,7454
DKE001,KPI_PStaff_Tot_IP,692
DDJ001,KPI_PStaff_Tot_IP,41
DBR001,KPI_PStaff_Tot_IP,1853
DSO001,KPI_PStaff_Tot_IP,1295
DCK001,KPI_PStaff_Tot_IP,6
DIQ001,KPI_PStaff_Tot_IP,2051
DAO001,KPI_PStaff_Tot_IP,89
DPE001,KPI_PStaff_Tot_IP,152
DAT001,KPI_PStaff_Tot_IP,10287
DKR001,KPI_PStaff_Tot_IP,4853
DLR001,KPI_PStaff_Tot_IP,42
DLY001,KPI_PStaff_Tot_IP,655
DVE001,KPI_PStaff_Tot_IP,683
DAM001,KPI_PStaff_Tot_IP,300
DBF001,KPI_PStaff_Tot_IP,324
DBG001,KPI_PStaff_Tot_IP,543
DBN001,KPI_PStaff_Tot_IP,1
DDK001,KPI_PStaff_Tot_IP,985
DMG001,KPI_PStaff_Tot_IP,115
DCN001,KPI_PStaff_Tot_IP,20857
DSV001,KPI_PStaff_Tot_IP,290
DWS001,KPI_PStaff_Tot_IP,15
DZA001,KPI_PStaff_Tot_IP,268
DTT001,KPI_PStaff_Tot_IP,34
DCF001,KPI_PStaff_Tot_IP,114
DUY001,KPI_PStaff_Tot_IP,52
DNG001,KPI_PStaff_Tot_IP,500
DLU001,KPI_PStaff_Tot_IP,3106
DMM001,KPI_PStaff_Tot_IP,587
DNP001,KPI_PStaff_Tot_IP,323
DPY001,KPI_PStaff_Tot_IP,28
DSE001,KPI_PStaff_Tot_IP,465
DEG001,KPI_PStaff_Tot_IP,473
DDZ001,KPI_PStaff_Tot_IP,131
DKG001,KPI_PStaff_Tot_IP,261
DTJ001,KPI_PStaff_Tot_IP,165
DLB001,KPI_PStaff_Tot_IP,406
DLS001,KPI_PStaff_Tot_IP,66
DAL001,KPI_PStaff_Tot_IP,53
DTZ001,KPI_PStaff_Tot_IP,182
DAE001,KPI_PStaff_Tot_IP,
DME001,KPI_PStaff_Tot_IP,194
DMW001,KPI_PStaff_Tot_IP,310
DNL001,KPI_PStaff_Tot_IP,715
DTV001,KPI_PStaff_Tot_IP,7
DID001,KPI_PStaff_Tot_IP,8190
DEE001,KPI_PStaff_Tot_IP,29
DGQ001,KPI_PStaff_Tot_IP,27
DGW001,KPI_PStaff_Tot_IP,16
DTH001,KPI_PStaff_Tot_IP,11647
DAG001,KPI_PStaff_Tot_IP,7
DUA001,KPI_PStaff_Tot_IP,300
DST001,KPI_PStaff_Tot_IP,22
DAR001,KPI_PStaff_Tot_IP,1930
DMR001,KPI_PStaff_Tot_IP,19
DKW001,KPI_PStaff_Tot_IP,95
DNI001,KPI_PStaff_Tot_IP,294
DYE001,KPI_PStaff_Tot_IP,744
DVN001,KPI_PStaff_Tot_IP,17024
DGE001,KPI_PStaff_Tot_IP,214
DRO001,KPI_PStaff_Tot_IP,533
DMD001,KPI_PStaff_Tot_IP,22
DTG001,KPI_PStaff_Tot_IP,92
DPW001,KPI_PStaff_Tot_IP,15
DGT001,KPI_PStaff_Tot_IP,242
DTM001,KPI_PStaff_Tot_IP,135
DSD001,KPI_PStaff_Tot_IP,733
DCR001,KPI_PStaff_Tot_IP,1316
DEC001,KPI_PStaff_Tot_IP,227
DIE001,KPI_PStaff_Tot_IP,104
DIT001,KPI_PStaff_Tot_IP,941
DCM001,KPI_PStaff_Tot_IP,56
DVU001,KPI_PStaff_Tot_IP,42
DKP001,KPI_PStaff_Tot_IP,220
DMA001,KPI_PStaff_Tot_IP,58
DBJ001,KPI_PStaff_Tot_IP,65
DBI001,KPI_PStaff_Tot_IP,750
DAZ001,KPI_PStaff_Tot_IP,176
DCY001,KPI_PStaff_Tot_IP,35
DNE001,KPI_PStaff_Tot_IP,823
DMY001,KPI_PStaff_Tot_IP,92
DPK001,KPI_PStaff_Tot_IP,1028
DBB001,KPI_PStaff_Tot_IP,7
DSC001,KPI_PStaff_Tot_IP,7
DHT001,KPI_PStaff_Tot_IP,98
DIN001,KPI_PStaff_Tot_IP,2641
DSI001,KPI_PStaff_Tot_IP,27
DBA001,KPI_PStaff_Tot_IP,341
DSL001,KPI_PStaff_Tot_IP,60
DPA001,KPI_PStaff_Tot_IP,132
DTO001,KPI_PStaff_Tot_IP,17
DTN001,KPI_PStaff_Tot_IP,
DMU001,KPI_PStaff_Tot_IP,9
DMN001,KPI_PStaff_Tot_IP,185
DUZ001,KPI_PStaff_Tot_IP,650
DKH001,KPI_PStaff_Tot_IP,359
DSM001,KPI_PStaff_Tot_IP,
DMX001,KPI_PStaff_Tot_IP,6730
DGB001,KPI_PStaff_Tot_IP,4526
DSZ001,KPI_PStaff_Tot_IP,74
DGN001,KPI_PStaff_Tot_IP,121
DMT001,KPI_PStaff_Tot_IP,62
DCL001,KPI_PStaff_Tot_IP,30
DET001,KPI_PStaff_Tot_IP,2201
DCV001,KPI_PStaff_Tot_IP,134
DKI001,KPI_PStaff_Tot_IP,14
DNZ001,KPI_PStaff_Tot_IP,563
DLV001,KPI_PStaff_Tot_IP,2300
DSK001,KPI_PStaff_Tot_IP,449
DCU001,KPI_PStaff_Tot_IP,545
DGD001,KPI_PStaff_Tot_IP,1
DJM001,KPI_noLocalUnits_IP,13
DUG001,KPI_noLocalUnits_IP,51
DGA001,KPI_noLocalUnits_IP,54
DBT001,KPI_noLocalUnits_IP,22
DMZ001,KPI_noLocalUnits_IP,111
DZW001,KPI_noLocalUnits_IP,243
DCG001,KPI_noLocalUnits_IP,6
DLA001,KPI_noLocalUnits_IP,52
DCO001,KPI_noLocalUnits_IP,209
DBW001,KPI_noLocalUnits_IP,46
DDE001,KPI_noLocalUnits_IP,4433
DIL001,KPI_noLocalUnits_IP,200
DBD001,KPI_noLocalUnits_IP,155
DBS001,KPI_noLocalUnits_IP,16
DMH001,KPI_noLocalUnits_IP,4
DRU001,KPI_noLocalUnits_IP,615
DCH001,KPI_noLocalUnits_IP,107
DCZ001,KPI_noLocalUnits_IP,417
DPL001,KPI_noLocalUnits_IP,185
DKM001,KPI_noLocalUnits_IP,224
DRS001,KPI_noLocalUnits_IP,186
DPS001,KPI_noLocalUnits_IP,117
DSS001,KPI_noLocalUnits_IP,120
DQA001,KPI_noLocalUnits_IP,6
DBZ001,KPI_noLocalUnits_IP,7
DLK001,KPI_noLocalUnits_IP,307
DMV001,KPI_noLocalUnits_IP,5
DPG001,KPI_noLocalUnits_IP,13
DPH001,KPI_noLocalUnits_IP,139
DZM001,KPI_noLocalUnits_IP,61
DBO001,KPI_noLocalUnits_IP,30
DFI001,KPI_noLocalUnits_IP,412
DGR001,KPI_noLocalUnits_IP,86
DTL001,KPI_noLocalUnits_IP,14
DSA001,KPI_noLocalUnits_IP,601
DTD001,KPI_noLocalUnits_IP,23
DES001,KPI_noLocalUnits_IP,1263
DHN001,KPI_noLocalUnits_IP,53
DGM001,KPI_noLocalUnits_IP,459
DPT001,KPI_noLocalUnits_IP,158
DFR001,KPI_noLocalUnits_IP,1061
DSG001,KPI_noLocalUnits_IP,14
DGY001,KPI_noLocalUnits_IP,3
DBY001,KPI_noLocalUnits_IP,158
DBE001,KPI_noLocalUnits_IP,314
DDM001,KPI_noLocalUnits_IP,11
DMC001,KPI_noLocalUnits_IP,1
DCA001,KPI_noLocalUnits_IP,140
DLI001,KPI_noLocalUnits_IP,1
DAF001,KPI_noLocalUnits_IP,329
DSB001,KPI_noLocalUnits_IP,7
DKZ001,KPI_noLocalUnits_IP,19
DIS001,KPI_noLocalUnits_IP,39
DRW001,KPI_noLocalUnits_IP,31
DGH001,KPI_noLocalUnits_IP,261
DAU001,KPI_noLocalUnits_IP,829
DCD001,KPI_noLocalUnits_IP,293
DMK001,KPI_noLocalUnits_IP,33
DNO001,KPI_noLocalUnits_IP,379
DUS001,KPI_noLocalUnits_IP,234
DDO001,KPI_noLocalUnits_IP,157
DAD001,KPI_noLocalUnits_IP,1
DJO001,KPI_noLocalUnits_IP,11
DBH001,KPI_noLocalUnits_IP,1
DTR001,KPI_noLocalUnits_IP,1806
DML001,KPI_noLocalUnits_IP,358
DKN001,KPI_noLocalUnits_IP,2
DSY001,KPI_noLocalUnits_IP,109
DFM001,KPI_noLocalUnits_IP,4
DLC001,KPI_noLocalUnits_IP,1
DJP001,KPI_noLocalUnits_IP,419
DLT001,KPI_noLocalUnits_IP,
DSN001,KPI_noLocalUnits_IP,225
DCI001,KPI_noLocalUnits_IP,116
DHU001,KPI_noLocalUnits_IP,1503
DHR001,KPI_noLocalUnits_IP,132
DFJ001,KPI_noLocalUnits_IP,16
DIR001,KPI_noLocalUnits_IP,8584
DKE001,KPI_noLocalUnits_IP,71
DDJ001,KPI_noLocalUnits_IP,6
DBR001,KPI_noLocalUnits_IP,76
DSO001,KPI_noLocalUnits_IP,130
DCK001,KPI_noLocalUnits_IP,12
DIQ001,KPI_noLocalUnits_IP,113
DAO001,KPI_noLocalUnits_IP,19
DVC001,KPI_noLocalUnits_IP,32
DPE001,KPI_noLocalUnits_IP,32
DAT001,KPI_noLocalUnits_IP,132
DKR001,KPI_noLocalUnits_IP,92
DLR001,KPI_noLocalUnits_IP,91
DLY001,KPI_noLocalUnits_IP,41
DVE001,KPI_noLocalUnits_IP,43
DAM001,KPI_noLocalUnits_IP,69
DBF001,KPI_noLocalUnits_IP,45
DBG001,KPI_noLocalUnits_IP,35
DBN001,KPI_noLocalUnits_IP,4
DDK001,KPI_noLocalUnits_IP,202
DMG001,KPI_noLocalUnits_IP,142
DCN001,KPI_noLocalUnits_IP,207200
DSV001,KPI_noLocalUnits_IP,45
DWS001,KPI_noLocalUnits_IP,7
DZA001,KPI_noLocalUnits_IP,43
DTT001,KPI_noLocalUnits_IP,3
DCF001,KPI_noLocalUnits_IP,85
DUY001,KPI_noLocalUnits_IP,16
DNG001,KPI_noLocalUnits_IP,774
DLU001,KPI_noLocalUnits_IP,184
DMM001,KPI_noLocalUnits_IP,274
DNP001,KPI_noLocalUnits_IP,8319
DPY001,KPI_noLocalUnits_IP,21
DSE001,KPI_noLocalUnits_IP,620
DEG001,KPI_noLocalUnits_IP,38
DDZ001,KPI_noLocalUnits_IP,592
DKG001,KPI_noLocalUnits_IP,46
DTJ001,KPI_noLocalUnits_IP,69
DLB001,KPI_noLocalUnits_IP,204
DLS001,KPI_noLocalUnits_IP,96
DAL001,KPI_noLocalUnits_IP,39
DTZ001,KPI_noLocalUnits_IP,1576
DAE001,KPI_noLocalUnits_IP,11
DME001,KPI_noLocalUnits_IP,23
DMW001,KPI_noLocalUnits_IP,1824
DNL001,KPI_noLocalUnits_IP,141
DTV001,KPI_noLocalUnits_IP,8
DID001,KPI_noLocalUnits_IP,531
DEE001,KPI_noLocalUnits_IP,
DGQ001,KPI_noLocalUnits_IP,18
DGW001,KPI_noLocalUnits_IP,54
DTH001,KPI_noLocalUnits_IP,392
DAG001,KPI_noLocalUnits_IP,1
DUA001,KPI_noLocalUnits_IP,186
DST001,KPI_noLocalUnits_IP,5
DAR001,KPI_noLocalUnits_IP,65
DMR001,KPI_noLocalUnits_IP,56
DKW001,KPI_noLocalUnits_IP,1
DNI001,KPI_noLocalUnits_IP,28
DYE001,KPI_noLocalUnits_IP,32
DVN001,KPI_noLocalUnits_IP,14191
DGE001,KPI_noLocalUnits_IP,39
DRO001,KPI_noLocalUnits_IP,604
DMD001,KPI_noLocalUnits_IP,16
DTG001,KPI_noLocalUnits_IP,311
DGT001,KPI_noLocalUnits_IP,21
DTM001,KPI_noLocalUnits_IP,39
DSD001,KPI_noLocalUnits_IP,1311
DCR001,KPI_noLocalUnits_IP,134
DEC001,KPI_noLocalUnits_IP,138
DIE001,KPI_noLocalUnits_IP,
DIT001,KPI_noLocalUnits_IP,733
DCM001,KPI_noLocalUnits_IP,320
DVU001,KPI_noLocalUnits_IP,9
DKP001,KPI_noLocalUnits_IP,209
DMA001,KPI_noLocalUnits_IP,89
DBJ001,KPI_noLocalUnits_IP,103
DBI001,KPI_noLocalUnits_IP,2924
DAZ001,KPI_noLocalUnits_IP,85
DCY001,KPI_noLocalUnits_IP,10
DNE001,KPI_noLocalUnits_IP,71
DMY001,KPI_noLocalUnits_IP,159
DPK001,KPI_noLocalUnits_IP,60
DBB001,KPI_noLocalUnits_IP,1
DSC001,KPI_noLocalUnits_IP,1
DHT001,KPI_noLocalUnits_IP,122
DIN001,KPI_noLocalUnits_IP,1260
DSI001,KPI_noLocalUnits_IP,902
DBA001,KPI_noLocalUnits_IP,165
DSL001,KPI_noLocalUnits_IP,16
DPA001,KPI_noLocalUnits_IP,32
DTO001,KPI_noLocalUnits_IP,4
DTN001,KPI_noLocalUnits_IP,270
DMU001,KPI_noLocalUnits_IP,5
DMN001,KPI_noLocalUnits_IP,703
DUZ001,KPI_noLocalUnits_IP,212
DKH001,KPI_noLocalUnits_IP,1881
DSM001,KPI_noLocalUnits_IP,1
DMX001,KPI_noLocalUnits_IP,553
DGB001,KPI_noLocalUnits_IP,481
DGN001,KPI_noLocalUnits_IP,303
DMT001,KPI_noLocalUnits_IP,1
DCL001,KPI_noLocalUnits_IP,155
DET001,KPI_noLocalUnits_IP,190
DCV001,KPI_noLocalUnits_IP,46
DKI001,KPI_noLocalUnits_IP,5
DNZ001,KPI_noLocalUnits_IP,101
DLV001,KPI_noLocalUnits_IP,93
DSK001,KPI_noLocalUnits_IP,738
DCU001,KPI_noLocalUnits_IP,1721
DGD001,KPI_noLocalUnits_IP,1
DJM001,KPI_IncomeLC_CHF_IP,241765
DUG001,KPI_IncomeLC_CHF_IP,6975858
DGA001,KPI_IncomeLC_CHF_IP,992296
DMZ001,KPI_IncomeLC_CHF_IP,3025806
DZW001,KPI_IncomeLC_CHF_IP,8612824
DCG001,KPI_IncomeLC_CHF_IP,1392253
DLA001,KPI_IncomeLC_CHF_IP,3352381
DCO001,KPI_IncomeLC_CHF_IP,43187434
DBW001,KPI_IncomeLC_CHF_IP,2896250
DDE001,KPI_IncomeLC_CHF_IP,9675707959
DIL001,KPI_IncomeLC_CHF_IP,307966
DSR001,KPI_IncomeLC_CHF_IP,
DBD001,KPI_IncomeLC_CHF_IP,27473789
DBS001,KPI_IncomeLC_CHF_IP,134590
DMH001,KPI_IncomeLC_CHF_IP,351769
DRU001,KPI_IncomeLC_CHF_IP,18700744
DCH001,KPI_IncomeLC_CHF_IP,637927000
DCZ001,KPI_IncomeLC_CHF_IP,5191219
DPL001,KPI_IncomeLC_CHF_IP,68647354
DKM001,KPI_IncomeLC_CHF_IP,926447
DRS001,KPI_IncomeLC_CHF_IP,2432345
DPS001,KPI_IncomeLC_CHF_IP,26065896
DSS001,KPI_IncomeLC_CHF_IP,12265983
DQA001,KPI_IncomeLC_CHF_IP,80036963
DBZ001,KPI_IncomeLC_CHF_IP,196411
DLK001,KPI_IncomeLC_CHF_IP,7013364
DMV001,KPI_IncomeLC_CHF_IP,651418
DPG001,KPI_IncomeLC_CHF_IP,596533
DPH001,KPI_IncomeLC_CHF_IP,27360000
DZM001,KPI_IncomeLC_CHF_IP,3107334
DBO001,KPI_IncomeLC_CHF_IP,557722
DFI001,KPI_IncomeLC_CHF_IP,342637130
DGR001,KPI_IncomeLC_CHF_IP,20125569
DTL001,KPI_IncomeLC_CHF_IP,1725330
DSA001,KPI_IncomeLC_CHF_IP,583569
DTD001,KPI_IncomeLC_CHF_IP,2859912
DES001,KPI_IncomeLC_CHF_IP,934043846
DHN001,KPI_IncomeLC_CHF_IP,18930764
DGM001,KPI_IncomeLC_CHF_IP,480668
DPT001,KPI_IncomeLC_CHF_IP,94848547
DFR001,KPI_IncomeLC_CHF_IP,1567671561
DSG001,KPI_IncomeLC_CHF_IP,15341986
DGY001,KPI_IncomeLC_CHF_IP,
DBY001,KPI_IncomeLC_CHF_IP,5728918
DBE001,KPI_IncomeLC_CHF_IP,527112727
DDM001,KPI_IncomeLC_CHF_IP,415602
DMC001,KPI_IncomeLC_CHF_IP,7314964
DCA001,KPI_IncomeLC_CHF_IP,388210
DLI001,KPI_IncomeLC_CHF_IP,3087120
DAF001,KPI_IncomeLC_CHF_IP,35500403
DSB001,KPI_IncomeLC_CHF_IP,553247
DKZ001,KPI_IncomeLC_CHF_IP,2009443
DIS001,KPI_IncomeLC_CHF_IP,21044542
DRW001,KPI_IncomeLC_CHF_IP,3981675
DGH001,KPI_IncomeLC_CHF_IP,294798
DAU001,KPI_IncomeLC_CHF_IP,629168243
DCD001,KPI_IncomeLC_CHF_IP,8839982
DMK001,KPI_IncomeLC_CHF_IP,4941984
DNO001,KPI_IncomeLC_CHF_IP,341432915
DUS001,KPI_IncomeLC_CHF_IP,2881951419
DDO001,KPI_IncomeLC_CHF_IP,12478739
DAD001,KPI_IncomeLC_CHF_IP,2287843
DJO001,KPI_IncomeLC_CHF_IP,
DBH001,KPI_IncomeLC_CHF_IP,1159019
DTR001,KPI_IncomeLC_CHF_IP,890810940
DML001,KPI_IncomeLC_CHF_IP,8962264
DKN001,KPI_IncomeLC_CHF_IP,40468
DSY001,KPI_IncomeLC_CHF_IP,
DFM001,KPI_IncomeLC_CHF_IP,530810
DLC001,KPI_IncomeLC_CHF_IP,
DJP001,KPI_IncomeLC_CHF_IP,8629994615
DLT001,KPI_IncomeLC_CHF_IP,12605333
DSN001,KPI_IncomeLC_CHF_IP,1331562
DCI001,KPI_IncomeLC_CHF_IP,1313543
DHU001,KPI_IncomeLC_CHF_IP,32170092
DHR001,KPI_IncomeLC_CHF_IP,11649908
DFJ001,KPI_IncomeLC_CHF_IP,1157563
DIR001,KPI_IncomeLC_CHF_IP,136866129
DKE001,KPI_IncomeLC_CHF_IP,63475431
DDJ001,KPI_IncomeLC_CHF_IP,1088554
DBR001,KPI_IncomeLC_CHF_IP,995000
DSO001,KPI_IncomeLC_CHF_IP,19257078
DCK001,KPI_IncomeLC_CHF_IP,207116
DIQ001,KPI_IncomeLC_CHF_IP,25952059
DAO001,KPI_IncomeLC_CHF_IP,458682
DVC001,KPI_IncomeLC_CHF_IP,69790
DPE001,KPI_IncomeLC_CHF_IP,564263
DAT001,KPI_IncomeLC_CHF_IP,62869513
DKR001,KPI_IncomeLC_CHF_IP,510412313
DLR001,KPI_IncomeLC_CHF_IP,1538748
DLY001,KPI_IncomeLC_CHF_IP,4500826
DAM001,KPI_IncomeLC_CHF_IP,11328623
DBF001,KPI_IncomeLC_CHF_IP,21586268
DBG001,KPI_IncomeLC_CHF_IP,17821980
DBN001,KPI_IncomeLC_CHF_IP,
DDK001,KPI_IncomeLC_CHF_IP,270067319
DMG001,KPI_IncomeLC_CHF_IP,2303151
DCN001,KPI_IncomeLC_CHF_IP,2140559725
DSV001,KPI_IncomeLC_CHF_IP,8630276
DWS001,KPI_IncomeLC_CHF_IP,201309
DZA001,KPI_IncomeLC_CHF_IP,5274530
DTT001,KPI_IncomeLC_CHF_IP,820384
DCF001,KPI_IncomeLC_CHF_IP,1069219
DUY001,KPI_IncomeLC_CHF_IP,515000
DNG001,KPI_IncomeLC_CHF_IP,3031970
DLU001,KPI_IncomeLC_CHF_IP,303339682
DMM001,KPI_IncomeLC_CHF_IP,13407416
DNP001,KPI_IncomeLC_CHF_IP,7181848
DPY001,KPI_IncomeLC_CHF_IP,2543199
DSE001,KPI_IncomeLC_CHF_IP,78123602
DEG001,KPI_IncomeLC_CHF_IP,13422893
DDZ001,KPI_IncomeLC_CHF_IP,4361050
DKG001,KPI_IncomeLC_CHF_IP,3607313
DTJ001,KPI_IncomeLC_CHF_IP,2688553
DLB001,KPI_IncomeLC_CHF_IP,306859161
DLS001,KPI_IncomeLC_CHF_IP,1020553
DAL001,KPI_IncomeLC_CHF_IP,2026557
DTZ001,KPI_IncomeLC_CHF_IP,2844048
DAE001,KPI_IncomeLC_CHF_IP,
DME001,KPI_IncomeLC_CHF_IP,3236254
DMW001,KPI_IncomeLC_CHF_IP,6242657
DNL001,KPI_IncomeLC_CHF_IP,180931076
DTV001,KPI_IncomeLC_CHF_IP,99980
DID001,KPI_IncomeLC_CHF_IP,4895000
DEE001,KPI_IncomeLC_CHF_IP,2201802
DGQ001,KPI_IncomeLC_CHF_IP,202408
DGW001,KPI_IncomeLC_CHF_IP,1115052
DTH001,KPI_IncomeLC_CHF_IP,818228754
DAG001,KPI_IncomeLC_CHF_IP,218969
DUA001,KPI_IncomeLC_CHF_IP,209681360
DST001,KPI_IncomeLC_CHF_IP,452678
DAR001,KPI_IncomeLC_CHF_IP,13237137
DMR001,KPI_IncomeLC_CHF_IP,17204
DKW001,KPI_IncomeLC_CHF_IP,370558
DNI001,KPI_IncomeLC_CHF_IP,142186
DYE001,KPI_IncomeLC_CHF_IP,3569510
DVN001,KPI_IncomeLC_CHF_IP,4498493
DGE001,KPI_IncomeLC_CHF_IP,2838442
DRO001,KPI_IncomeLC_CHF_IP,14357230
DMD001,KPI_IncomeLC_CHF_IP,630926
DTG001,KPI_IncomeLC_CHF_IP,3060596
DGT001,KPI_IncomeLC_CHF_IP,7082522
DTM001,KPI_IncomeLC_CHF_IP,2923294
DSD001,KPI_IncomeLC_CHF_IP,125158777
DCR001,KPI_IncomeLC_CHF_IP,40894949
DEC001,KPI_IncomeLC_CHF_IP,22148297
DIE001,KPI_IncomeLC_CHF_IP,19390179
DIT001,KPI_IncomeLC_CHF_IP,147789642
DCM001,KPI_IncomeLC_CHF_IP,2199131
DVU001,KPI_IncomeLC_CHF_IP,
DKP001,KPI_IncomeLC_CHF_IP,1114115
DMA001,KPI_IncomeLC_CHF_IP,1069310
DBJ001,KPI_IncomeLC_CHF_IP,1628063
DBI001,KPI_IncomeLC_CHF_IP,5906441
DAZ001,KPI_IncomeLC_CHF_IP,1853993
DCY001,KPI_IncomeLC_CHF_IP,819533
DNE001,KPI_IncomeLC_CHF_IP,25181528
DMY001,KPI_IncomeLC_CHF_IP,1913464
DPK001,KPI_IncomeLC_CHF_IP,8852876
DBB001,KPI_IncomeLC_CHF_IP,151764
DSC001,KPI_IncomeLC_CHF_IP,
DHT001,KPI_IncomeLC_CHF_IP,
DIN001,KPI_IncomeLC_CHF_IP,2000000
DSI001,KPI_IncomeLC_CHF_IP,11752149
DBA001,KPI_IncomeLC_CHF_IP,2164280
DSL001,KPI_IncomeLC_CHF_IP,1332039
DPA001,KPI_IncomeLC_CHF_IP,3942134
DTO001,KPI_IncomeLC_CHF_IP,1097933
DTN001,KPI_IncomeLC_CHF_IP,
DMU001,KPI_IncomeLC_CHF_IP,176405
DMN001,KPI_IncomeLC_CHF_IP,2675200
DUZ001,KPI_IncomeLC_CHF_IP,890536
DKH001,KPI_IncomeLC_CHF_IP,28475014
DSM001,KPI_IncomeLC_CHF_IP,246233
DMX001,KPI_IncomeLC_CHF_IP,15773884
DGB001,KPI_IncomeLC_CHF_IP,354163143
DSZ001,KPI_IncomeLC_CHF_IP,3215399
DGN001,KPI_IncomeLC_CHF_IP,1743226
DMT001,KPI_IncomeLC_CHF_IP,
DCL001,KPI_IncomeLC_CHF_IP,1185822
DET001,KPI_IncomeLC_CHF_IP,23075524
DCV001,KPI_IncomeLC_CHF_IP,509058
DKI001,KPI_IncomeLC_CHF_IP,163873
DNZ001,KPI_IncomeLC_CHF_IP,43429115
DLV001,KPI_IncomeLC_CHF_IP,27107316
DSK001,KPI_IncomeLC_CHF_IP,13736684
DCU001,KPI_IncomeLC_CHF_IP,433675
DGD001,KPI_IncomeLC_CHF_IP,
DJM001,KPI_expenditureLC_CHF_IP,285349
DUG001,KPI_expenditureLC_CHF_IP,
DGA001,KPI_expenditureLC_CHF_IP,924265
DBT001,KPI_expenditureLC_CHF_IP,313144
DMZ001,KPI_expenditureLC_CHF_IP,2894054
DZW001,KPI_expenditureLC_CHF_IP,6528422
DCG001,KPI_expenditureLC_CHF_IP,1243235
DLA001,KPI_expenditureLC_CHF_IP,1380228
DCO001,KPI_expenditureLC_CHF_IP,43180459
DBW001,KPI_expenditureLC_CHF_IP,3464326
DDE001,KPI_expenditureLC_CHF_IP,9675707959
DIL001,KPI_expenditureLC_CHF_IP,311473
DSR001,KPI_expenditureLC_CHF_IP,
DBD001,KPI_expenditureLC_CHF_IP,25938103
DBS001,KPI_expenditureLC_CHF_IP,93804
DMH001,KPI_expenditureLC_CHF_IP,310962
DRU001,KPI_expenditureLC_CHF_IP,19602024
DNA001,KPI_expenditureLC_CHF_IP,1168516
DCH001,KPI_expenditureLC_CHF_IP,669606000
DCZ001,KPI_expenditureLC_CHF_IP,5278053
DPL001,KPI_expenditureLC_CHF_IP,65150399
DKM001,KPI_expenditureLC_CHF_IP,953247
DRS001,KPI_expenditureLC_CHF_IP,2431557
DPS001,KPI_expenditureLC_CHF_IP,19721992
DSS001,KPI_expenditureLC_CHF_IP,14804634
DQA001,KPI_expenditureLC_CHF_IP,45741315
DBZ001,KPI_expenditureLC_CHF_IP,222421
DLK001,KPI_expenditureLC_CHF_IP,6513691
DMV001,KPI_expenditureLC_CHF_IP,713426
DPG001,KPI_expenditureLC_CHF_IP,624194
DPH001,KPI_expenditureLC_CHF_IP,
DZM001,KPI_expenditureLC_CHF_IP,2757021
DBO001,KPI_expenditureLC_CHF_IP,647869
DFI001,KPI_expenditureLC_CHF_IP,337822264
DGR001,KPI_expenditureLC_CHF_IP,17866296
DTL001,KPI_expenditureLC_CHF_IP,1673644
DSA001,KPI_expenditureLC_CHF_IP,
DTD001,KPI_expenditureLC_CHF_IP,2823284
DES001,KPI_expenditureLC_CHF_IP,926031009
DHN001,KPI_expenditureLC_CHF_IP,17571616
DGM001,KPI_expenditureLC_CHF_IP,660994
DPT001,KPI_expenditureLC_CHF_IP,91621609
DFR001,KPI_expenditureLC_CHF_IP,1570604496
DSG001,KPI_expenditureLC_CHF_IP,13057125
DBY001,KPI_expenditureLC_CHF_IP,6102617
DBE001,KPI_expenditureLC_CHF_IP,565952190
DDM001,KPI_expenditureLC_CHF_IP,625977
DMC001,KPI_expenditureLC_CHF_IP,7869112
DCA001,KPI_expenditureLC_CHF_IP,388910
DLI001,KPI_expenditureLC_CHF_IP,3279712
DAF001,KPI_expenditureLC_CHF_IP,31184908
DSB001,KPI_expenditureLC_CHF_IP,545754
DKZ001,KPI_expenditureLC_CHF_IP,1990756
DIS001,KPI_expenditureLC_CHF_IP,17920615
DRW001,KPI_expenditureLC_CHF_IP,3356591
DGH001,KPI_expenditureLC_CHF_IP,289031
DAU001,KPI_expenditureLC_CHF_IP,625478571
DCD001,KPI_expenditureLC_CHF_IP,8114751
DMK001,KPI_expenditureLC_CHF_IP,4177054
DNO001,KPI_expenditureLC_CHF_IP,323941311
DUS001,KPI_expenditureLC_CHF_IP,2661603713
DDO001,KPI_expenditureLC_CHF_IP,12183432
DAD001,KPI_expenditureLC_CHF_IP,2150182
DJO001,KPI_expenditureLC_CHF_IP,
DBH001,KPI_expenditureLC_CHF_IP,1267532
DTR001,KPI_expenditureLC_CHF_IP,718695059
DML001,KPI_expenditureLC_CHF_IP,9215641
DKN001,KPI_expenditureLC_CHF_IP,37906
DSY001,KPI_expenditureLC_CHF_IP,3054814
DFM001,KPI_expenditureLC_CHF_IP,317224
DLC001,KPI_expenditureLC_CHF_IP,
DJP001,KPI_expenditureLC_CHF_IP,8425477104
DLT001,KPI_expenditureLC_CHF_IP,8610064
DSN001,KPI_expenditureLC_CHF_IP,1270940
DCI001,KPI_expenditureLC_CHF_IP,1824277
DHU001,KPI_expenditureLC_CHF_IP,30855587
DHR001,KPI_expenditureLC_CHF_IP,9339384
DFJ001,KPI_expenditureLC_CHF_IP,1147532
DIR001,KPI_expenditureLC_CHF_IP,136866129
DKE001,KPI_expenditureLC_CHF_IP,64392781
DDJ001,KPI_expenditureLC_CHF_IP,1088554
DBR001,KPI_expenditureLC_CHF_IP,72740
DSO001,KPI_expenditureLC_CHF_IP,18882152
DCK001,KPI_expenditureLC_CHF_IP,175124
DIQ001,KPI_expenditureLC_CHF_IP,22314543
DAO001,KPI_expenditureLC_CHF_IP,418745
DVC001,KPI_expenditureLC_CHF_IP,73373
DPE001,KPI_expenditureLC_CHF_IP,1394199
DAT001,KPI_expenditureLC_CHF_IP,62858685
DKR001,KPI_expenditureLC_CHF_IP,488524720
DLR001,KPI_expenditureLC_CHF_IP,1394315
DLY001,KPI_expenditureLC_CHF_IP,1505545
DAM001,KPI_expenditureLC_CHF_IP,11328623
DBF001,KPI_expenditureLC_CHF_IP,20047594
DBG001,KPI_expenditureLC_CHF_IP,19029888
DBN001,KPI_expenditureLC_CHF_IP,
DDK001,KPI_expenditureLC_CHF_IP,253585152
DMG001,KPI_expenditureLC_CHF_IP,2051903
DCN001,KPI_expenditureLC_CHF_IP,1980218561
DSV001,KPI_expenditureLC_CHF_IP,8759455
DWS001,KPI_expenditureLC_CHF_IP,254679
DZA001,KPI_expenditureLC_CHF_IP,5217479
DTT001,KPI_expenditureLC_CHF_IP,899106
DCF001,KPI_expenditureLC_CHF_IP,1130369
DUY001,KPI_expenditureLC_CHF_IP,437390
DNG001,KPI_expenditureLC_CHF_IP,2384266
DLU001,KPI_expenditureLC_CHF_IP,304337671
DMM001,KPI_expenditureLC_CHF_IP,7549632
DNP001,KPI_expenditureLC_CHF_IP,6159065
DPY001,KPI_expenditureLC_CHF_IP,2327177
DSE001,KPI_expenditureLC_CHF_IP,79918812
DEG001,KPI_expenditureLC_CHF_IP,13066080
DDZ001,KPI_expenditureLC_CHF_IP,2442992
DKG001,KPI_expenditureLC_CHF_IP,208253
DTJ001,KPI_expenditureLC_CHF_IP,2415829
DLB001,KPI_expenditureLC_CHF_IP,390652834
DLS001,KPI_expenditureLC_CHF_IP,1837194
DAL001,KPI_expenditureLC_CHF_IP,1791474
DTZ001,KPI_expenditureLC_CHF_IP,2463469
DAE001,KPI_expenditureLC_CHF_IP,
DME001,KPI_expenditureLC_CHF_IP,3232294
DMW001,KPI_expenditureLC_CHF_IP,5541153
DNL001,KPI_expenditureLC_CHF_IP,176711199
DTV001,KPI_expenditureLC_CHF_IP,117830
DID001,KPI_expenditureLC_CHF_IP,4675000
DEE001,KPI_expenditureLC_CHF_IP,
DGQ001,KPI_expenditureLC_CHF_IP,120063
DGW001,KPI_expenditureLC_CHF_IP,464519
DTH001,KPI_expenditureLC_CHF_IP,719312781
DAG001,KPI_expenditureLC_CHF_IP,144204
DUA001,KPI_expenditureLC_CHF_IP,172256316
DST001,KPI_expenditureLC_CHF_IP,415491
DAR001,KPI_expenditureLC_CHF_IP,14737855
DMR001,KPI_expenditureLC_CHF_IP,12449
DKW001,KPI_expenditureLC_CHF_IP,106444
DNI001,KPI_expenditureLC_CHF_IP,133854
DYE001,KPI_expenditureLC_CHF_IP,3333259
DVN001,KPI_expenditureLC_CHF_IP,
DGE001,KPI_expenditureLC_CHF_IP,2464191
DRO001,KPI_expenditureLC_CHF_IP,15084914
DMD001,KPI_expenditureLC_CHF_IP,751202
DTG001,KPI_expenditureLC_CHF_IP,3135350
DPW001,KPI_expenditureLC_CHF_IP,686539
DGT001,KPI_expenditureLC_CHF_IP,6157309
DTM001,KPI_expenditureLC_CHF_IP,2717860
DSD001,KPI_expenditureLC_CHF_IP,53977983
DCR001,KPI_expenditureLC_CHF_IP,42479649
DEC001,KPI_expenditureLC_CHF_IP,24424666
DIE001,KPI_expenditureLC_CHF_IP,22014608
DIT001,KPI_expenditureLC_CHF_IP,146125216
DCM001,KPI_expenditureLC_CHF_IP,
DVU001,KPI_expenditureLC_CHF_IP,
DKP001,KPI_expenditureLC_CHF_IP,1107293
DMA001,KPI_expenditureLC_CHF_IP,575318
DBJ001,KPI_expenditureLC_CHF_IP,1530332
DBI001,KPI_expenditureLC_CHF_IP,5115564
DAZ001,KPI_expenditureLC_CHF_IP,1776514
DCY001,KPI_expenditureLC_CHF_IP,874557
DNE001,KPI_expenditureLC_CHF_IP,12144780
DMY001,KPI_expenditureLC_CHF_IP,1825016
DPK001,KPI_expenditureLC_CHF_IP,2348876
DBB001,KPI_expenditureLC_CHF_IP,132362
DSC001,KPI_expenditureLC_CHF_IP,
DHT001,KPI_expenditureLC_CHF_IP,
DIN001,KPI_expenditureLC_CHF_IP,13661588
DSI001,KPI_expenditureLC_CHF_IP,11233359
DBA001,KPI_expenditureLC_CHF_IP,2164280
DSL001,KPI_expenditureLC_CHF_IP,1443073
DPA001,KPI_expenditureLC_CHF_IP,4002961
DTO001,KPI_expenditureLC_CHF_IP,1022696
DTN001,KPI_expenditureLC_CHF_IP,
DMU001,KPI_expenditureLC_CHF_IP,122837
DMN001,KPI_expenditureLC_CHF_IP,2675200
DUZ001,KPI_expenditureLC_CHF_IP,888501
DKH001,KPI_expenditureLC_CHF_IP,23016648
DSM001,KPI_expenditureLC_CHF_IP,285377
DMX001,KPI_expenditureLC_CHF_IP,14780135
DGB001,KPI_expenditureLC_CHF_IP,345721418
DSZ001,KPI_expenditureLC_CHF_IP,2937300
DGN001,KPI_expenditureLC_CHF_IP,1690481
DMT001,KPI_expenditureLC_CHF_IP,
DCL001,KPI_expenditureLC_CHF_IP,906300
DET001,KPI_expenditureLC_CHF_IP,18170803
DCV001,KPI_expenditureLC_CHF_IP,509058
DKI001,KPI_expenditureLC_CHF_IP,156009
DNZ001,KPI_expenditureLC_CHF_IP,36061429
DLV001,KPI_expenditureLC_CHF_IP,25360004
DSK001,KPI_expenditureLC_CHF_IP,13605723
DCU001,KPI_expenditureLC_CHF_IP,433675
DGD001,KPI_expenditureLC_CHF_IP,
