DSE001,KPI_Climate_CPD_IP,
DIR001,KPI_Climate_CPD_IP,569106
DBD001,KPI_Climate_CPD_IP,39728
DPA001,KPI_Climate_CPD_IP,240
DSO001,KPI_Climate_CPD_IP,9286
DTM001,KPI_Climate_CPD_IP,57420
DGT001,KPI_Climate_CPD_IP,
DSD001,KPI_Climate_CPD_IP,132850
DHU001,KPI_Climate_CPD_IP,
DSZ001,KPI_Climate_CPD_IP,9051
DTV001,KPI_Climate_CPD_IP,
DDJ001,KPI_Climate_CPD_IP,2500
DGR001,KPI_Climate_CPD_IP,16386
DCF001,KPI_Climate_CPD_IP,
DID001,KPI_Climate_CPD_IP,55
DKH001,KPI_Climate_CPD_IP,
DBY001,KPI_Climate_CPD_IP,9913
DMU001,KPI_Climate_CPD_IP,116
DBI001,KPI_Climate_CPD_IP,92610
DTR001,KPI_Climate_CPD_IP,15143
DZW001,KPI_Climate_CPD_IP,14688
DLK001,KPI_Climate_CPD_IP,126810
DSB001,KPI_Climate_CPD_IP,
DBE001,KPI_Climate_CPD_IP,
DFI001,KPI_Climate_CPD_IP,
DTH001,KPI_Climate_CPD_IP,4625
DAR001,KPI_Climate_CPD_IP,800
DNA001,KPI_Climate_CPD_IP,
DSV001,KPI_Climate_CPD_IP,479
DZM001,KPI_Climate_CPD_IP,51363
DMC001,KPI_Climate_CPD_IP,
DBA001,KPI_Climate_CPD_IP,30
DBS001,KPI_Climate_CPD_IP,
DLS001,KPI_Climate_CPD_IP,12876
DEG001,KPI_Climate_CPD_IP,
DNE001,KPI_Climate_CPD_IP,1261
DGH001,KPI_Climate_CPD_IP,361233
DLT001,KPI_Climate_CPD_IP,
DMD001,KPI_Climate_CPD_IP,
DMY001,KPI_Climate_CPD_IP,
DCR001,KPI_Climate_CPD_IP,
DGY001,KPI_Climate_CPD_IP,
DRS001,KPI_Climate_CPD_IP,
DJO001,KPI_Climate_CPD_IP,60000
DIE001,KPI_Climate_CPD_IP,
DTN001,KPI_Climate_CPD_IP,
DBJ001,KPI_Climate_CPD_IP,243047
DMT001,KPI_Climate_CPD_IP,
DGQ001,KPI_Climate_CPD_IP,
DAM001,KPI_Climate_CPD_IP,
DMX001,KPI_Climate_CPD_IP,
DNI001,KPI_Climate_CPD_IP,727
DIN001,KPI_Climate_CPD_IP,10000
DLB001,KPI_Climate_CPD_IP,120303
DMV001,KPI_Climate_CPD_IP,38725
DRW001,KPI_Climate_CPD_IP,1138987
DHT001,KPI_Climate_CPD_IP,
DAT001,KPI_Climate_CPD_IP,
DSI001,KPI_Climate_CPD_IP,
DUA001,KPI_Climate_CPD_IP,
DUS001,KPI_Climate_CPD_IP,
DBG001,KPI_Climate_CPD_IP,
DKI001,KPI_Climate_CPD_IP,138
DMR001,KPI_Climate_CPD_IP,4800
DUZ001,KPI_Climate_CPD_IP,1000
DCV001,KPI_Climate_CPD_IP,41102
DJM001,KPI_Climate_CPD_IP,104
DST001,KPI_Climate_CPD_IP,
DME001,KPI_Climate_CPD_IP,38790
DCI001,KPI_Climate_CPD_IP,12351
DDZ001,KPI_Climate_CPD_IP,
DSN001,KPI_Climate_CPD_IP,
DIS001,KPI_Climate_CPD_IP,
DBR001,KPI_Climate_CPD_IP,661
DAD001,KPI_Climate_CPD_IP,
DPT001,KPI_Climate_CPD_IP,
DNO001,KPI_Climate_CPD_IP,
DAO001,KPI_Climate_CPD_IP,
DKG001,KPI_Climate_CPD_IP,18647
DRU001,KPI_Climate_CPD_IP,
DSK001,KPI_Climate_CPD_IP,
DCZ001,KPI_Climate_CPD_IP,
DGM001,KPI_Climate_CPD_IP,2268
DKN001,KPI_Climate_CPD_IP,150
DCN001,KPI_Climate_CPD_IP,
DTO001,KPI_Climate_CPD_IP,
DET001,KPI_Climate_CPD_IP,727600
DRO001,KPI_Climate_CPD_IP,5412
DVN001,KPI_Climate_CPD_IP,
DCU001,KPI_Climate_CPD_IP,7789
DMH001,KPI_Climate_CPD_IP,1568
DSA001,KPI_Climate_CPD_IP,
DMM001,KPI_Climate_CPD_IP,13380
DLC001,KPI_Climate_CPD_IP,
DML001,KPI_Climate_CPD_IP,7842
DVE001,KPI_Climate_CPD_IP,
DPW001,KPI_Climate_CPD_IP,2004
DMA001,KPI_Climate_CPD_IP,70000
DTT001,KPI_Climate_CPD_IP,
DDE001,KPI_Climate_CPD_IP,
DTL001,KPI_Climate_CPD_IP,4972
DPK001,KPI_Climate_CPD_IP,25522
DAF001,KPI_Climate_CPD_IP,1569
DPL001,KPI_Climate_CPD_IP,
DBW001,KPI_Climate_CPD_IP,565
DJP001,KPI_Climate_CPD_IP,
DAZ001,KPI_Climate_CPD_IP,
DEC001,KPI_Climate_CPD_IP,405
DAE001,KPI_Climate_CPD_IP,
DQA001,KPI_Climate_CPD_IP,
DKP001,KPI_Climate_CPD_IP,25229
DDO001,KPI_Climate_CPD_IP,
DLA001,KPI_Climate_CPD_IP,
DBO001,KPI_Climate_CPD_IP,
DGA001,KPI_Climate_CPD_IP,23000
DKE001,KPI_Climate_CPD_IP,
DBT001,KPI_Climate_CPD_IP,7
DCG001,KPI_Climate_CPD_IP,100874
DNL001,KPI_Climate_CPD_IP,
DBF001,KPI_Climate_CPD_IP,277380
DMZ001,KPI_Climate_CPD_IP,
DSL001,KPI_Climate_CPD_IP,54882
DZA001,KPI_Climate_CPD_IP,169689
DPY001,KPI_Climate_CPD_IP,
DSG001,KPI_Climate_CPD_IP,
DKZ001,KPI_Climate_CPD_IP,
DHR001,KPI_Climate_CPD_IP,24956
DMN001,KPI_Climate_CPD_IP,195846
DES001,KPI_Climate_CPD_IP,64263
DCY001,KPI_Climate_CPD_IP,
DSC001,KPI_Climate_CPD_IP,
DAG001,KPI_Climate_CPD_IP,
DLR001,KPI_Climate_CPD_IP,10185
DKR001,KPI_Climate_CPD_IP,48753
DGE001,KPI_Climate_CPD_IP,
DTZ001,KPI_Climate_CPD_IP,
DDM001,KPI_Climate_CPD_IP,19
DFJ001,KPI_Climate_CPD_IP,
DAU001,KPI_Climate_CPD_IP,400000
DEE001,KPI_Climate_CPD_IP,
DPS001,KPI_Climate_CPD_IP,32077
DSM001,KPI_Climate_CPD_IP,
DCL001,KPI_Climate_CPD_IP,
DNZ001,KPI_Climate_CPD_IP,
DPG001,KPI_Climate_CPD_IP,564
DGB001,KPI_Climate_CPD_IP,
DNP001,KPI_Climate_CPD_IP,2283
DTJ001,KPI_Climate_CPD_IP,420
DYE001,KPI_Climate_CPD_IP,22
DBH001,KPI_Climate_CPD_IP,
DTG001,KPI_Climate_CPD_IP,92202
DLU001,KPI_Climate_CPD_IP,
DUG001,KPI_Climate_CPD_IP,141628
DSR001,KPI_Climate_CPD_IP,
DFR001,KPI_Climate_CPD_IP,
DGD001,KPI_Climate_CPD_IP,2
DMW001,KPI_Climate_CPD_IP,8675729
DLV001,KPI_Climate_CPD_IP,
DMK001,KPI_Climate_CPD_IP,9000
DPH001,KPI_Climate_CPD_IP,44018
DKW001,KPI_Climate_CPD_IP,
DBB001,KPI_Climate_CPD_IP,
DUY001,KPI_Climate_CPD_IP,
DWS001,KPI_Climate_CPD_IP,79629
DGN001,KPI_Climate_CPD_IP,48553
DIT001,KPI_Climate_CPD_IP,1656
DIL001,KPI_Climate_CPD_IP,
DCA001,KPI_Climate_CPD_IP,12851
DLY001,KPI_Climate_CPD_IP,
DCH001,KPI_Climate_CPD_IP,
DIQ001,KPI_Climate_CPD_IP,29406
DSY001,KPI_Climate_CPD_IP,37908
DVU001,KPI_Climate_CPD_IP,
DHN001,KPI_Climate_CPD_IP,4375
DFM001,KPI_Climate_CPD_IP,
DCD001,KPI_Climate_CPD_IP,155240
DLI001,KPI_Climate_CPD_IP,
DMG001,KPI_Climate_CPD_IP,364
DBN001,KPI_Climate_CPD_IP,
DGW001,KPI_Climate_CPD_IP,
DDK001,KPI_Climate_CPD_IP,
DSS001,KPI_Climate_CPD_IP,123
DTD001,KPI_Climate_CPD_IP,
DCO001,KPI_Climate_CPD_IP,168621
DSE001,KPI_ClimateHeat_CPD_IP,
DIR001,KPI_ClimateHeat_CPD_IP,59517
DBD001,KPI_ClimateHeat_CPD_IP,169313
DTM001,KPI_ClimateHeat_CPD_IP,43523
DGT001,KPI_ClimateHeat_CPD_IP,
DHU001,KPI_ClimateHeat_CPD_IP,
DSZ001,KPI_ClimateHeat_CPD_IP,7542
DTV001,KPI_ClimateHeat_CPD_IP,
DDJ001,KPI_ClimateHeat_CPD_IP,17
DAL001,KPI_ClimateHeat_CPD_IP,15000
DGR001,KPI_ClimateHeat_CPD_IP,12624
DID001,KPI_ClimateHeat_CPD_IP,258
DKH001,KPI_ClimateHeat_CPD_IP,
DBY001,KPI_ClimateHeat_CPD_IP,30000
DMU001,KPI_ClimateHeat_CPD_IP,
DTR001,KPI_ClimateHeat_CPD_IP,15143
DZW001,KPI_ClimateHeat_CPD_IP,
DLK001,KPI_ClimateHeat_CPD_IP,
DSB001,KPI_ClimateHeat_CPD_IP,
DBE001,KPI_ClimateHeat_CPD_IP,
DFI001,KPI_ClimateHeat_CPD_IP,
DTH001,KPI_ClimateHeat_CPD_IP,
DAR001,KPI_ClimateHeat_CPD_IP,200
DNA001,KPI_ClimateHeat_CPD_IP,
DSV001,KPI_ClimateHeat_CPD_IP,
DZM001,KPI_ClimateHeat_CPD_IP,
DMC001,KPI_ClimateHeat_CPD_IP,150
DBA001,KPI_ClimateHeat_CPD_IP,300
DBS001,KPI_ClimateHeat_CPD_IP,
DLS001,KPI_ClimateHeat_CPD_IP,
DEG001,KPI_ClimateHeat_CPD_IP,
DNE001,KPI_ClimateHeat_CPD_IP,1261
DGH001,KPI_ClimateHeat_CPD_IP,
DLT001,KPI_ClimateHeat_CPD_IP,749
DMD001,KPI_ClimateHeat_CPD_IP,3000
DMY001,KPI_ClimateHeat_CPD_IP,
DCR001,KPI_ClimateHeat_CPD_IP,
DGY001,KPI_ClimateHeat_CPD_IP,
DRS001,KPI_ClimateHeat_CPD_IP,5100
DJO001,KPI_ClimateHeat_CPD_IP,60000
DIE001,KPI_ClimateHeat_CPD_IP,
DTN001,KPI_ClimateHeat_CPD_IP,
DBJ001,KPI_ClimateHeat_CPD_IP,
DMT001,KPI_ClimateHeat_CPD_IP,
DGQ001,KPI_ClimateHeat_CPD_IP,
DAM001,KPI_ClimateHeat_CPD_IP,
DMX001,KPI_ClimateHeat_CPD_IP,
DNI001,KPI_ClimateHeat_CPD_IP,
DIN001,KPI_ClimateHeat_CPD_IP,
DLB001,KPI_ClimateHeat_CPD_IP,116010
DRW001,KPI_ClimateHeat_CPD_IP,
DHT001,KPI_ClimateHeat_CPD_IP,
DAT001,KPI_ClimateHeat_CPD_IP,657
DSI001,KPI_ClimateHeat_CPD_IP,
DUA001,KPI_ClimateHeat_CPD_IP,
DUS001,KPI_ClimateHeat_CPD_IP,
DBG001,KPI_ClimateHeat_CPD_IP,
DKI001,KPI_ClimateHeat_CPD_IP,
DMR001,KPI_ClimateHeat_CPD_IP,
DCV001,KPI_ClimateHeat_CPD_IP,
DJM001,KPI_ClimateHeat_CPD_IP,
DKM001,KPI_ClimateHeat_CPD_IP,
DST001,KPI_ClimateHeat_CPD_IP,
DME001,KPI_ClimateHeat_CPD_IP,12357
DCI001,KPI_ClimateHeat_CPD_IP,
DDZ001,KPI_ClimateHeat_CPD_IP,590000
DSN001,KPI_ClimateHeat_CPD_IP,
DIS001,KPI_ClimateHeat_CPD_IP,
DBR001,KPI_ClimateHeat_CPD_IP,
DAD001,KPI_ClimateHeat_CPD_IP,
DPT001,KPI_ClimateHeat_CPD_IP,
DNO001,KPI_ClimateHeat_CPD_IP,
DAO001,KPI_ClimateHeat_CPD_IP,
DKG001,KPI_ClimateHeat_CPD_IP,1064382
DRU001,KPI_ClimateHeat_CPD_IP,
DSK001,KPI_ClimateHeat_CPD_IP,
DCZ001,KPI_ClimateHeat_CPD_IP,40
DGM001,KPI_ClimateHeat_CPD_IP,
DKN001,KPI_ClimateHeat_CPD_IP,577
DCN001,KPI_ClimateHeat_CPD_IP,
DTO001,KPI_ClimateHeat_CPD_IP,
DET001,KPI_ClimateHeat_CPD_IP,104804
DRO001,KPI_ClimateHeat_CPD_IP,
DVN001,KPI_ClimateHeat_CPD_IP,
DCU001,KPI_ClimateHeat_CPD_IP,
DMH001,KPI_ClimateHeat_CPD_IP,
DSA001,KPI_ClimateHeat_CPD_IP,
DMM001,KPI_ClimateHeat_CPD_IP,
DLC001,KPI_ClimateHeat_CPD_IP,
DML001,KPI_ClimateHeat_CPD_IP,3841
DVE001,KPI_ClimateHeat_CPD_IP,
DPW001,KPI_ClimateHeat_CPD_IP,
DMA001,KPI_ClimateHeat_CPD_IP,23000
DTT001,KPI_ClimateHeat_CPD_IP,
DDE001,KPI_ClimateHeat_CPD_IP,
DTL001,KPI_ClimateHeat_CPD_IP,68
DPK001,KPI_ClimateHeat_CPD_IP,6119
DAF001,KPI_ClimateHeat_CPD_IP,720
DPL001,KPI_ClimateHeat_CPD_IP,
DBW001,KPI_ClimateHeat_CPD_IP,
DJP001,KPI_ClimateHeat_CPD_IP,
DAZ001,KPI_ClimateHeat_CPD_IP,
DEC001,KPI_ClimateHeat_CPD_IP,
DAE001,KPI_ClimateHeat_CPD_IP,
DQA001,KPI_ClimateHeat_CPD_IP,
DKP001,KPI_ClimateHeat_CPD_IP,
DDO001,KPI_ClimateHeat_CPD_IP,
DLA001,KPI_ClimateHeat_CPD_IP,
DGA001,KPI_ClimateHeat_CPD_IP,
DKE001,KPI_ClimateHeat_CPD_IP,
DCG001,KPI_ClimateHeat_CPD_IP,2047
DNL001,KPI_ClimateHeat_CPD_IP,316940
DBF001,KPI_ClimateHeat_CPD_IP,974467
DMZ001,KPI_ClimateHeat_CPD_IP,
DSL001,KPI_ClimateHeat_CPD_IP,
DZA001,KPI_ClimateHeat_CPD_IP,129916
DPY001,KPI_ClimateHeat_CPD_IP,
DSG001,KPI_ClimateHeat_CPD_IP,
DKZ001,KPI_ClimateHeat_CPD_IP,
DHR001,KPI_ClimateHeat_CPD_IP,19033
DMN001,KPI_ClimateHeat_CPD_IP,
DES001,KPI_ClimateHeat_CPD_IP,
DCY001,KPI_ClimateHeat_CPD_IP,
DSC001,KPI_ClimateHeat_CPD_IP,
DAG001,KPI_ClimateHeat_CPD_IP,
DLR001,KPI_ClimateHeat_CPD_IP,
DKR001,KPI_ClimateHeat_CPD_IP,18860
DGE001,KPI_ClimateHeat_CPD_IP,290719
DPE001,KPI_ClimateHeat_CPD_IP,
DTZ001,KPI_ClimateHeat_CPD_IP,1968
DDM001,KPI_ClimateHeat_CPD_IP,220
DFJ001,KPI_ClimateHeat_CPD_IP,
DAU001,KPI_ClimateHeat_CPD_IP,400000
DEE001,KPI_ClimateHeat_CPD_IP,
DSM001,KPI_ClimateHeat_CPD_IP,
DCL001,KPI_ClimateHeat_CPD_IP,
DNZ001,KPI_ClimateHeat_CPD_IP,
DPG001,KPI_ClimateHeat_CPD_IP,
DGB001,KPI_ClimateHeat_CPD_IP,
DNP001,KPI_ClimateHeat_CPD_IP,77903
DTJ001,KPI_ClimateHeat_CPD_IP,
DYE001,KPI_ClimateHeat_CPD_IP,
DBH001,KPI_ClimateHeat_CPD_IP,
DTG001,KPI_ClimateHeat_CPD_IP,
DLU001,KPI_ClimateHeat_CPD_IP,256
DUG001,KPI_ClimateHeat_CPD_IP,
DSR001,KPI_ClimateHeat_CPD_IP,
DFR001,KPI_ClimateHeat_CPD_IP,
DGD001,KPI_ClimateHeat_CPD_IP,
DMW001,KPI_ClimateHeat_CPD_IP,8675729
DLV001,KPI_ClimateHeat_CPD_IP,
DMK001,KPI_ClimateHeat_CPD_IP,3000
DPH001,KPI_ClimateHeat_CPD_IP,
DKW001,KPI_ClimateHeat_CPD_IP,
DBB001,KPI_ClimateHeat_CPD_IP,
DUY001,KPI_ClimateHeat_CPD_IP,
DWS001,KPI_ClimateHeat_CPD_IP,160200
DGN001,KPI_ClimateHeat_CPD_IP,
DIT001,KPI_ClimateHeat_CPD_IP,
DIL001,KPI_ClimateHeat_CPD_IP,
DCA001,KPI_ClimateHeat_CPD_IP,
DLY001,KPI_ClimateHeat_CPD_IP,100
DCH001,KPI_ClimateHeat_CPD_IP,
DIQ001,KPI_ClimateHeat_CPD_IP,
DSY001,KPI_ClimateHeat_CPD_IP,51596
DVU001,KPI_ClimateHeat_CPD_IP,831
DHN001,KPI_ClimateHeat_CPD_IP,278
DFM001,KPI_ClimateHeat_CPD_IP,
DLI001,KPI_ClimateHeat_CPD_IP,
DMG001,KPI_ClimateHeat_CPD_IP,33327
DBN001,KPI_ClimateHeat_CPD_IP,
DGW001,KPI_ClimateHeat_CPD_IP,
DDK001,KPI_ClimateHeat_CPD_IP,
DNG001,KPI_ClimateHeat_CPD_IP,3240
DSS001,KPI_ClimateHeat_CPD_IP,123
DTD001,KPI_ClimateHeat_CPD_IP,
DCO001,KPI_ClimateHeat_CPD_IP,168621
DSE001,KPI_ReachCTP_CPD_IP,
DBD001,KPI_ReachCTP_CPD_IP,201446
DPA001,KPI_ReachCTP_CPD_IP,359
DSO001,KPI_ReachCTP_CPD_IP,40212
DTM001,KPI_ReachCTP_CPD_IP,
DGT001,KPI_ReachCTP_CPD_IP,1580
DSD001,KPI_ReachCTP_CPD_IP,7200
DHU001,KPI_ReachCTP_CPD_IP,9185
DSZ001,KPI_ReachCTP_CPD_IP,39688
DTV001,KPI_ReachCTP_CPD_IP,
DDJ001,KPI_ReachCTP_CPD_IP,7302
DAL001,KPI_ReachCTP_CPD_IP,2500
DGR001,KPI_ReachCTP_CPD_IP,100
DCF001,KPI_ReachCTP_CPD_IP,
DID001,KPI_ReachCTP_CPD_IP,19320
DKH001,KPI_ReachCTP_CPD_IP,1996
DBY001,KPI_ReachCTP_CPD_IP,2608
DMU001,KPI_ReachCTP_CPD_IP,33
DBI001,KPI_ReachCTP_CPD_IP,61396
DTR001,KPI_ReachCTP_CPD_IP,5146042
DZW001,KPI_ReachCTP_CPD_IP,20000
DLK001,KPI_ReachCTP_CPD_IP,119500
DSB001,KPI_ReachCTP_CPD_IP,
DBE001,KPI_ReachCTP_CPD_IP,
DFI001,KPI_ReachCTP_CPD_IP,95455
DTH001,KPI_ReachCTP_CPD_IP,
DAR001,KPI_ReachCTP_CPD_IP,
DNA001,KPI_ReachCTP_CPD_IP,6705
DSV001,KPI_ReachCTP_CPD_IP,7996
DZM001,KPI_ReachCTP_CPD_IP,8363
DMC001,KPI_ReachCTP_CPD_IP,
DBA001,KPI_ReachCTP_CPD_IP,5456
DBS001,KPI_ReachCTP_CPD_IP,3058
DEG001,KPI_ReachCTP_CPD_IP,4411
DNE001,KPI_ReachCTP_CPD_IP,127064
DGH001,KPI_ReachCTP_CPD_IP,
DLT001,KPI_ReachCTP_CPD_IP,3256
DMD001,KPI_ReachCTP_CPD_IP,45628
DMY001,KPI_ReachCTP_CPD_IP,12707
DCR001,KPI_ReachCTP_CPD_IP,1200
DGY001,KPI_ReachCTP_CPD_IP,
DRS001,KPI_ReachCTP_CPD_IP,989
DJO001,KPI_ReachCTP_CPD_IP,46485
DIE001,KPI_ReachCTP_CPD_IP,2434
DTN001,KPI_ReachCTP_CPD_IP,
DBJ001,KPI_ReachCTP_CPD_IP,
DMT001,KPI_ReachCTP_CPD_IP,
DGQ001,KPI_ReachCTP_CPD_IP,
DAM001,KPI_ReachCTP_CPD_IP,119421
DMX001,KPI_ReachCTP_CPD_IP,
DNI001,KPI_ReachCTP_CPD_IP,2296
DIN001,KPI_ReachCTP_CPD_IP,66785
DLB001,KPI_ReachCTP_CPD_IP,3319
DRW001,KPI_ReachCTP_CPD_IP,25735
DHT001,KPI_ReachCTP_CPD_IP,
DAT001,KPI_ReachCTP_CPD_IP,
DSI001,KPI_ReachCTP_CPD_IP,41744
DUA001,KPI_ReachCTP_CPD_IP,238801
DUS001,KPI_ReachCTP_CPD_IP,293185
DBG001,KPI_ReachCTP_CPD_IP,43362
DKI001,KPI_ReachCTP_CPD_IP,
DMR001,KPI_ReachCTP_CPD_IP,9600
DUZ001,KPI_ReachCTP_CPD_IP,11691
DCV001,KPI_ReachCTP_CPD_IP,
DJM001,KPI_ReachCTP_CPD_IP,
DST001,KPI_ReachCTP_CPD_IP,
DME001,KPI_ReachCTP_CPD_IP,2554
DCI001,KPI_ReachCTP_CPD_IP,
DDZ001,KPI_ReachCTP_CPD_IP,
DSN001,KPI_ReachCTP_CPD_IP,1048
DIS001,KPI_ReachCTP_CPD_IP,
DBR001,KPI_ReachCTP_CPD_IP,5424
DAD001,KPI_ReachCTP_CPD_IP,
DPT001,KPI_ReachCTP_CPD_IP,8214
DNO001,KPI_ReachCTP_CPD_IP,
DAO001,KPI_ReachCTP_CPD_IP,3252
DVC001,KPI_ReachCTP_CPD_IP,7
DKG001,KPI_ReachCTP_CPD_IP,35560
DRU001,KPI_ReachCTP_CPD_IP,82990
DSK001,KPI_ReachCTP_CPD_IP,2862
DCZ001,KPI_ReachCTP_CPD_IP,
DGM001,KPI_ReachCTP_CPD_IP,807
DKN001,KPI_ReachCTP_CPD_IP,
DCN001,KPI_ReachCTP_CPD_IP,8830
DTO001,KPI_ReachCTP_CPD_IP,3165
DET001,KPI_ReachCTP_CPD_IP,298735
DRO001,KPI_ReachCTP_CPD_IP,
DVN001,KPI_ReachCTP_CPD_IP,11230918
DCU001,KPI_ReachCTP_CPD_IP,
DMH001,KPI_ReachCTP_CPD_IP,
DSA001,KPI_ReachCTP_CPD_IP,
DMM001,KPI_ReachCTP_CPD_IP,77321
DLC001,KPI_ReachCTP_CPD_IP,450
DML001,KPI_ReachCTP_CPD_IP,87174
DVE001,KPI_ReachCTP_CPD_IP,
DPW001,KPI_ReachCTP_CPD_IP,1987
DMA001,KPI_ReachCTP_CPD_IP,
DTT001,KPI_ReachCTP_CPD_IP,689
DDE001,KPI_ReachCTP_CPD_IP,
DTL001,KPI_ReachCTP_CPD_IP,
DPK001,KPI_ReachCTP_CPD_IP,25144
DAF001,KPI_ReachCTP_CPD_IP,1256094
DPL001,KPI_ReachCTP_CPD_IP,9505
DJP001,KPI_ReachCTP_CPD_IP,
DAZ001,KPI_ReachCTP_CPD_IP,1200
DEC001,KPI_ReachCTP_CPD_IP,22969
DAE001,KPI_ReachCTP_CPD_IP,
DQA001,KPI_ReachCTP_CPD_IP,2380
DKP001,KPI_ReachCTP_CPD_IP,
DDO001,KPI_ReachCTP_CPD_IP,19238
DLA001,KPI_ReachCTP_CPD_IP,20930
DBO001,KPI_ReachCTP_CPD_IP,5696
DGA001,KPI_ReachCTP_CPD_IP,1200
DKE001,KPI_ReachCTP_CPD_IP,243821
DCG001,KPI_ReachCTP_CPD_IP,16700
DNL001,KPI_ReachCTP_CPD_IP,28000
DBF001,KPI_ReachCTP_CPD_IP,559768
DMZ001,KPI_ReachCTP_CPD_IP,
DSL001,KPI_ReachCTP_CPD_IP,11500
DZA001,KPI_ReachCTP_CPD_IP,9798
DPY001,KPI_ReachCTP_CPD_IP,4608
DSG001,KPI_ReachCTP_CPD_IP,
DBZ001,KPI_ReachCTP_CPD_IP,40
DKZ001,KPI_ReachCTP_CPD_IP,2558
DHR001,KPI_ReachCTP_CPD_IP,3498
DMN001,KPI_ReachCTP_CPD_IP,58590
DES001,KPI_ReachCTP_CPD_IP,
DCY001,KPI_ReachCTP_CPD_IP,
DSC001,KPI_ReachCTP_CPD_IP,117
DAG001,KPI_ReachCTP_CPD_IP,
DLR001,KPI_ReachCTP_CPD_IP,18431
DKR001,KPI_ReachCTP_CPD_IP,1254
DGE001,KPI_ReachCTP_CPD_IP,9931
DPE001,KPI_ReachCTP_CPD_IP,484
DTZ001,KPI_ReachCTP_CPD_IP,
DDM001,KPI_ReachCTP_CPD_IP,28
DFJ001,KPI_ReachCTP_CPD_IP,
DAU001,KPI_ReachCTP_CPD_IP,6727
DEE001,KPI_ReachCTP_CPD_IP,1935
DPS001,KPI_ReachCTP_CPD_IP,81643
DSM001,KPI_ReachCTP_CPD_IP,
DCL001,KPI_ReachCTP_CPD_IP,4250
DNZ001,KPI_ReachCTP_CPD_IP,3500
DPG001,KPI_ReachCTP_CPD_IP,
DGB001,KPI_ReachCTP_CPD_IP,20014
DNP001,KPI_ReachCTP_CPD_IP,41665
DTJ001,KPI_ReachCTP_CPD_IP,14840
DYE001,KPI_ReachCTP_CPD_IP,522291
DBH001,KPI_ReachCTP_CPD_IP,3417
DTG001,KPI_ReachCTP_CPD_IP,
DLU001,KPI_ReachCTP_CPD_IP,295
DUG001,KPI_ReachCTP_CPD_IP,1158145
DSR001,KPI_ReachCTP_CPD_IP,
DFR001,KPI_ReachCTP_CPD_IP,
DGD001,KPI_ReachCTP_CPD_IP,
DMW001,KPI_ReachCTP_CPD_IP,77041
DLV001,KPI_ReachCTP_CPD_IP,1500
DMK001,KPI_ReachCTP_CPD_IP,314
DPH001,KPI_ReachCTP_CPD_IP,10174
DKW001,KPI_ReachCTP_CPD_IP,
DBB001,KPI_ReachCTP_CPD_IP,
DUY001,KPI_ReachCTP_CPD_IP,565
DWS001,KPI_ReachCTP_CPD_IP,
DGN001,KPI_ReachCTP_CPD_IP,83350
DIT001,KPI_ReachCTP_CPD_IP,
DIL001,KPI_ReachCTP_CPD_IP,
DCM001,KPI_ReachCTP_CPD_IP,651506
DCA001,KPI_ReachCTP_CPD_IP,106987
DLY001,KPI_ReachCTP_CPD_IP,13543
DCH001,KPI_ReachCTP_CPD_IP,2987
DIQ001,KPI_ReachCTP_CPD_IP,125720
DSY001,KPI_ReachCTP_CPD_IP,639215
DVU001,KPI_ReachCTP_CPD_IP,7589
DHN001,KPI_ReachCTP_CPD_IP,30871
DFM001,KPI_ReachCTP_CPD_IP,
DCD001,KPI_ReachCTP_CPD_IP,8500
DLI001,KPI_ReachCTP_CPD_IP,
DMG001,KPI_ReachCTP_CPD_IP,60453
DBN001,KPI_ReachCTP_CPD_IP,
DGW001,KPI_ReachCTP_CPD_IP,
DDK001,KPI_ReachCTP_CPD_IP,80838
DNG001,KPI_ReachCTP_CPD_IP,172613
DSS001,KPI_ReachCTP_CPD_IP,26584
DTD001,KPI_ReachCTP_CPD_IP,179131
DCO001,KPI_ReachCTP_CPD_IP,26568
DSE001,KPI_ReachDRER_CPD_IP,
DIR001,KPI_ReachDRER_CPD_IP,602120
DBD001,KPI_ReachDRER_CPD_IP,3416132
DPA001,KPI_ReachDRER_CPD_IP,240
DSO001,KPI_ReachDRER_CPD_IP,186408
DTM001,KPI_ReachDRER_CPD_IP,162
DGT001,KPI_ReachDRER_CPD_IP,7960
DSD001,KPI_ReachDRER_CPD_IP,262238
DHU001,KPI_ReachDRER_CPD_IP,
DSZ001,KPI_ReachDRER_CPD_IP,6172
DTV001,KPI_ReachDRER_CPD_IP,11000
DDJ001,KPI_ReachDRER_CPD_IP,
DGR001,KPI_ReachDRER_CPD_IP,15630
DCF001,KPI_ReachDRER_CPD_IP,11426
DID001,KPI_ReachDRER_CPD_IP,5743705
DKH001,KPI_ReachDRER_CPD_IP,456424
DBY001,KPI_ReachDRER_CPD_IP,50225
DMU001,KPI_ReachDRER_CPD_IP,
DBI001,KPI_ReachDRER_CPD_IP,275642
DTR001,KPI_ReachDRER_CPD_IP,2766923
DZW001,KPI_ReachDRER_CPD_IP,191000
DLK001,KPI_ReachDRER_CPD_IP,967651
DSB001,KPI_ReachDRER_CPD_IP,33522
DBE001,KPI_ReachDRER_CPD_IP,
DFI001,KPI_ReachDRER_CPD_IP,
DTH001,KPI_ReachDRER_CPD_IP,666730
DAR001,KPI_ReachDRER_CPD_IP,7750
DNA001,KPI_ReachDRER_CPD_IP,4597
DSV001,KPI_ReachDRER_CPD_IP,16786
DZM001,KPI_ReachDRER_CPD_IP,59727
DMC001,KPI_ReachDRER_CPD_IP,4886
DBA001,KPI_ReachDRER_CPD_IP,6700
DBS001,KPI_ReachDRER_CPD_IP,
DLS001,KPI_ReachDRER_CPD_IP,225
DEG001,KPI_ReachDRER_CPD_IP,1017321
DNE001,KPI_ReachDRER_CPD_IP,4527
DGH001,KPI_ReachDRER_CPD_IP,
DLT001,KPI_ReachDRER_CPD_IP,
DMD001,KPI_ReachDRER_CPD_IP,
DMY001,KPI_ReachDRER_CPD_IP,12707
DCR001,KPI_ReachDRER_CPD_IP,
DGY001,KPI_ReachDRER_CPD_IP,
DRS001,KPI_ReachDRER_CPD_IP,7197
DJO001,KPI_ReachDRER_CPD_IP,82023
DIE001,KPI_ReachDRER_CPD_IP,
DTN001,KPI_ReachDRER_CPD_IP,
DBJ001,KPI_ReachDRER_CPD_IP,95802
DMT001,KPI_ReachDRER_CPD_IP,
DCK001,KPI_ReachDRER_CPD_IP,9300
DGQ001,KPI_ReachDRER_CPD_IP,
DAM001,KPI_ReachDRER_CPD_IP,277636
DMX001,KPI_ReachDRER_CPD_IP,
DNI001,KPI_ReachDRER_CPD_IP,123964
DIN001,KPI_ReachDRER_CPD_IP,1581266
DLB001,KPI_ReachDRER_CPD_IP,44255
DMV001,KPI_ReachDRER_CPD_IP,16486
DRW001,KPI_ReachDRER_CPD_IP,173954
DAT001,KPI_ReachDRER_CPD_IP,
DSI001,KPI_ReachDRER_CPD_IP,10430
DUA001,KPI_ReachDRER_CPD_IP,5908007
DUS001,KPI_ReachDRER_CPD_IP,
DBG001,KPI_ReachDRER_CPD_IP,169601
DKI001,KPI_ReachDRER_CPD_IP,3962
DMR001,KPI_ReachDRER_CPD_IP,10800
DUZ001,KPI_ReachDRER_CPD_IP,11691
DCV001,KPI_ReachDRER_CPD_IP,44285
DJM001,KPI_ReachDRER_CPD_IP,
DKM001,KPI_ReachDRER_CPD_IP,315870
DST001,KPI_ReachDRER_CPD_IP,1
DME001,KPI_ReachDRER_CPD_IP,33882
DCI001,KPI_ReachDRER_CPD_IP,956
DDZ001,KPI_ReachDRER_CPD_IP,20000
DSN001,KPI_ReachDRER_CPD_IP,2109
DIS001,KPI_ReachDRER_CPD_IP,36892
DBR001,KPI_ReachDRER_CPD_IP,49714
DAD001,KPI_ReachDRER_CPD_IP,
DPT001,KPI_ReachDRER_CPD_IP,
DNO001,KPI_ReachDRER_CPD_IP,1770
DVC001,KPI_ReachDRER_CPD_IP,74
DKG001,KPI_ReachDRER_CPD_IP,88409
DRU001,KPI_ReachDRER_CPD_IP,7741
DSK001,KPI_ReachDRER_CPD_IP,24414
DCZ001,KPI_ReachDRER_CPD_IP,25660
DGM001,KPI_ReachDRER_CPD_IP,4390
DKN001,KPI_ReachDRER_CPD_IP,5
DCN001,KPI_ReachDRER_CPD_IP,18699265
DTO001,KPI_ReachDRER_CPD_IP,58
DET001,KPI_ReachDRER_CPD_IP,1325476
DRO001,KPI_ReachDRER_CPD_IP,43728
DVN001,KPI_ReachDRER_CPD_IP,394505
DCU001,KPI_ReachDRER_CPD_IP,86270
DMH001,KPI_ReachDRER_CPD_IP,264
DSA001,KPI_ReachDRER_CPD_IP,524721
DMM001,KPI_ReachDRER_CPD_IP,294102
DLC001,KPI_ReachDRER_CPD_IP,
DML001,KPI_ReachDRER_CPD_IP,4527
DVE001,KPI_ReachDRER_CPD_IP,11497
DPW001,KPI_ReachDRER_CPD_IP,893
DMA001,KPI_ReachDRER_CPD_IP,420000
DTT001,KPI_ReachDRER_CPD_IP,4510
DDE001,KPI_ReachDRER_CPD_IP,
DTL001,KPI_ReachDRER_CPD_IP,3710
DPK001,KPI_ReachDRER_CPD_IP,430650
DAF001,KPI_ReachDRER_CPD_IP,71059
DPL001,KPI_ReachDRER_CPD_IP,
DBW001,KPI_ReachDRER_CPD_IP,565
DJP001,KPI_ReachDRER_CPD_IP,7667
DAZ001,KPI_ReachDRER_CPD_IP,
DEC001,KPI_ReachDRER_CPD_IP,
DAE001,KPI_ReachDRER_CPD_IP,
DQA001,KPI_ReachDRER_CPD_IP,
DKP001,KPI_ReachDRER_CPD_IP,
DDO001,KPI_ReachDRER_CPD_IP,8408852
DLA001,KPI_ReachDRER_CPD_IP,20930
DBO001,KPI_ReachDRER_CPD_IP,7200
DGA001,KPI_ReachDRER_CPD_IP,
DKE001,KPI_ReachDRER_CPD_IP,5018826
DBT001,KPI_ReachDRER_CPD_IP,12000
DCG001,KPI_ReachDRER_CPD_IP,680
DNL001,KPI_ReachDRER_CPD_IP,2874230
DBF001,KPI_ReachDRER_CPD_IP,1527651
DMZ001,KPI_ReachDRER_CPD_IP,244217
DSL001,KPI_ReachDRER_CPD_IP,47876
DZA001,KPI_ReachDRER_CPD_IP,124836
DPY001,KPI_ReachDRER_CPD_IP,
DSG001,KPI_ReachDRER_CPD_IP,
DBZ001,KPI_ReachDRER_CPD_IP,40
DKZ001,KPI_ReachDRER_CPD_IP,3146
DHR001,KPI_ReachDRER_CPD_IP,27835
DMN001,KPI_ReachDRER_CPD_IP,58590
DES001,KPI_ReachDRER_CPD_IP,229181
DCY001,KPI_ReachDRER_CPD_IP,3220
DSC001,KPI_ReachDRER_CPD_IP,
DAG001,KPI_ReachDRER_CPD_IP,
DLR001,KPI_ReachDRER_CPD_IP,43062
DKR001,KPI_ReachDRER_CPD_IP,1971619
DGE001,KPI_ReachDRER_CPD_IP,9923
DTZ001,KPI_ReachDRER_CPD_IP,1732653
DDM001,KPI_ReachDRER_CPD_IP,55
DFJ001,KPI_ReachDRER_CPD_IP,6119
DAU001,KPI_ReachDRER_CPD_IP,167065
DEE001,KPI_ReachDRER_CPD_IP,
DPS001,KPI_ReachDRER_CPD_IP,64424
DSM001,KPI_ReachDRER_CPD_IP,
DCL001,KPI_ReachDRER_CPD_IP,
DNZ001,KPI_ReachDRER_CPD_IP,62275
DPG001,KPI_ReachDRER_CPD_IP,16902
DGB001,KPI_ReachDRER_CPD_IP,31265
DNP001,KPI_ReachDRER_CPD_IP,499458
DTJ001,KPI_ReachDRER_CPD_IP,2070
DYE001,KPI_ReachDRER_CPD_IP,1023511
DBH001,KPI_ReachDRER_CPD_IP,44
DTG001,KPI_ReachDRER_CPD_IP,1172714
DLU001,KPI_ReachDRER_CPD_IP,46
DUG001,KPI_ReachDRER_CPD_IP,461697
DSR001,KPI_ReachDRER_CPD_IP,
DFR001,KPI_ReachDRER_CPD_IP,64430
DGD001,KPI_ReachDRER_CPD_IP,
DMW001,KPI_ReachDRER_CPD_IP,8236375
DLV001,KPI_ReachDRER_CPD_IP,6895
DMK001,KPI_ReachDRER_CPD_IP,979
DPH001,KPI_ReachDRER_CPD_IP,
DKW001,KPI_ReachDRER_CPD_IP,
DBB001,KPI_ReachDRER_CPD_IP,150
DUY001,KPI_ReachDRER_CPD_IP,
DWS001,KPI_ReachDRER_CPD_IP,23536
DGN001,KPI_ReachDRER_CPD_IP,82633
DIT001,KPI_ReachDRER_CPD_IP,90731
DIL001,KPI_ReachDRER_CPD_IP,1447561
DCM001,KPI_ReachDRER_CPD_IP,1568143
DCA001,KPI_ReachDRER_CPD_IP,2487
DLY001,KPI_ReachDRER_CPD_IP,63252
DCH001,KPI_ReachDRER_CPD_IP,
DIQ001,KPI_ReachDRER_CPD_IP,176897
DSY001,KPI_ReachDRER_CPD_IP,4932396
DVU001,KPI_ReachDRER_CPD_IP,15890
DHN001,KPI_ReachDRER_CPD_IP,2891
DFM001,KPI_ReachDRER_CPD_IP,13000
DCD001,KPI_ReachDRER_CPD_IP,648795
DLI001,KPI_ReachDRER_CPD_IP,
DMG001,KPI_ReachDRER_CPD_IP,894956
DBN001,KPI_ReachDRER_CPD_IP,
DGW001,KPI_ReachDRER_CPD_IP,4000
DDK001,KPI_ReachDRER_CPD_IP,5360
DNG001,KPI_ReachDRER_CPD_IP,12342576
DSS001,KPI_ReachDRER_CPD_IP,36753
DTD001,KPI_ReachDRER_CPD_IP,114714
DCO001,KPI_ReachDRER_CPD_IP,787208
DIR001,KPI_ReachDRR_CPD_IP,11226054
DBD001,KPI_ReachDRR_CPD_IP,2119377
DPA001,KPI_ReachDRR_CPD_IP,2362
DSO001,KPI_ReachDRR_CPD_IP,201601
DTM001,KPI_ReachDRR_CPD_IP,59972
DGT001,KPI_ReachDRR_CPD_IP,
DSD001,KPI_ReachDRR_CPD_IP,2494100
DHU001,KPI_ReachDRR_CPD_IP,
DSZ001,KPI_ReachDRR_CPD_IP,467
DTV001,KPI_ReachDRR_CPD_IP,1000
DDJ001,KPI_ReachDRR_CPD_IP,
DAL001,KPI_ReachDRR_CPD_IP,25000
DGR001,KPI_ReachDRR_CPD_IP,18878
DCF001,KPI_ReachDRR_CPD_IP,10645
DID001,KPI_ReachDRR_CPD_IP,176020
DKH001,KPI_ReachDRR_CPD_IP,187367
DBY001,KPI_ReachDRR_CPD_IP,35700
DMU001,KPI_ReachDRR_CPD_IP,984
DBI001,KPI_ReachDRR_CPD_IP,1470471
DTR001,KPI_ReachDRR_CPD_IP,156972
DZW001,KPI_ReachDRR_CPD_IP,44283
DLK001,KPI_ReachDRR_CPD_IP,1386000
DSB001,KPI_ReachDRR_CPD_IP,746
DBE001,KPI_ReachDRR_CPD_IP,
DFI001,KPI_ReachDRR_CPD_IP,
DTH001,KPI_ReachDRR_CPD_IP,15379
DAR001,KPI_ReachDRR_CPD_IP,8252
DNA001,KPI_ReachDRR_CPD_IP,
DSV001,KPI_ReachDRR_CPD_IP,33409
DZM001,KPI_ReachDRR_CPD_IP,59727
DMC001,KPI_ReachDRR_CPD_IP,4886
DBA001,KPI_ReachDRR_CPD_IP,1354
DBS001,KPI_ReachDRR_CPD_IP,30100
DLS001,KPI_ReachDRR_CPD_IP,9594
DEG001,KPI_ReachDRR_CPD_IP,2572
DNE001,KPI_ReachDRR_CPD_IP,213750
DGH001,KPI_ReachDRR_CPD_IP,101042
DLT001,KPI_ReachDRR_CPD_IP,
DMD001,KPI_ReachDRR_CPD_IP,
DMY001,KPI_ReachDRR_CPD_IP,
DCR001,KPI_ReachDRR_CPD_IP,
DGY001,KPI_ReachDRR_CPD_IP,1000
DRS001,KPI_ReachDRR_CPD_IP,85621
DJO001,KPI_ReachDRR_CPD_IP,
DIE001,KPI_ReachDRR_CPD_IP,
DTN001,KPI_ReachDRR_CPD_IP,
DBJ001,KPI_ReachDRR_CPD_IP,335951
DMT001,KPI_ReachDRR_CPD_IP,
DCK001,KPI_ReachDRR_CPD_IP,6500
DGQ001,KPI_ReachDRR_CPD_IP,
DAM001,KPI_ReachDRR_CPD_IP,22600
DMX001,KPI_ReachDRR_CPD_IP,95836
DNI001,KPI_ReachDRR_CPD_IP,1709
DIN001,KPI_ReachDRR_CPD_IP,363884
DLB001,KPI_ReachDRR_CPD_IP,222654
DMV001,KPI_ReachDRR_CPD_IP,43550
DRW001,KPI_ReachDRR_CPD_IP,3762007
DHT001,KPI_ReachDRR_CPD_IP,42433
DAT001,KPI_ReachDRR_CPD_IP,
DSI001,KPI_ReachDRR_CPD_IP,
DUA001,KPI_ReachDRR_CPD_IP,5341
DUS001,KPI_ReachDRR_CPD_IP,548384
DBG001,KPI_ReachDRR_CPD_IP,163353
DKI001,KPI_ReachDRR_CPD_IP,709
DMR001,KPI_ReachDRR_CPD_IP,405389
DUZ001,KPI_ReachDRR_CPD_IP,84681
DCV001,KPI_ReachDRR_CPD_IP,9000
DJM001,KPI_ReachDRR_CPD_IP,19
DKM001,KPI_ReachDRR_CPD_IP,245768
DST001,KPI_ReachDRR_CPD_IP,
DME001,KPI_ReachDRR_CPD_IP,670
DCI001,KPI_ReachDRR_CPD_IP,86
DDZ001,KPI_ReachDRR_CPD_IP,8700000
DSN001,KPI_ReachDRR_CPD_IP,1777
DIS001,KPI_ReachDRR_CPD_IP,7978
DBR001,KPI_ReachDRR_CPD_IP,708
DAD001,KPI_ReachDRR_CPD_IP,
DPT001,KPI_ReachDRR_CPD_IP,
DNO001,KPI_ReachDRR_CPD_IP,
DAO001,KPI_ReachDRR_CPD_IP,179310
DVC001,KPI_ReachDRR_CPD_IP,
DKG001,KPI_ReachDRR_CPD_IP,91985
DRU001,KPI_ReachDRR_CPD_IP,
DCZ001,KPI_ReachDRR_CPD_IP,75384
DGM001,KPI_ReachDRR_CPD_IP,9286
DKN001,KPI_ReachDRR_CPD_IP,125
DCN001,KPI_ReachDRR_CPD_IP,
DTO001,KPI_ReachDRR_CPD_IP,91
DET001,KPI_ReachDRR_CPD_IP,104804
DRO001,KPI_ReachDRR_CPD_IP,46356
DVN001,KPI_ReachDRR_CPD_IP,8880
DCU001,KPI_ReachDRR_CPD_IP,4687572
DMH001,KPI_ReachDRR_CPD_IP,1188
DSA001,KPI_ReachDRR_CPD_IP,61535
DMM001,KPI_ReachDRR_CPD_IP,22029
DLC001,KPI_ReachDRR_CPD_IP,
DML001,KPI_ReachDRR_CPD_IP,71936
DVE001,KPI_ReachDRR_CPD_IP,7861
DPW001,KPI_ReachDRR_CPD_IP,164
DMA001,KPI_ReachDRR_CPD_IP,65000
DTT001,KPI_ReachDRR_CPD_IP,3528
DDE001,KPI_ReachDRR_CPD_IP,454686
DTL001,KPI_ReachDRR_CPD_IP,1729
DPK001,KPI_ReachDRR_CPD_IP,85329
DAF001,KPI_ReachDRR_CPD_IP,110386
DPL001,KPI_ReachDRR_CPD_IP,
DBW001,KPI_ReachDRR_CPD_IP,565
DJP001,KPI_ReachDRR_CPD_IP,34117
DAZ001,KPI_ReachDRR_CPD_IP,14216
DEC001,KPI_ReachDRR_CPD_IP,25161
DAE001,KPI_ReachDRR_CPD_IP,
DQA001,KPI_ReachDRR_CPD_IP,1925
DKP001,KPI_ReachDRR_CPD_IP,25229
DDO001,KPI_ReachDRR_CPD_IP,1033398
DLA001,KPI_ReachDRR_CPD_IP,
DBO001,KPI_ReachDRR_CPD_IP,16548
DGA001,KPI_ReachDRR_CPD_IP,
DKE001,KPI_ReachDRR_CPD_IP,1260854
DBT001,KPI_ReachDRR_CPD_IP,12000
DCG001,KPI_ReachDRR_CPD_IP,176590
DNL001,KPI_ReachDRR_CPD_IP,
DBF001,KPI_ReachDRR_CPD_IP,1680920
DMZ001,KPI_ReachDRR_CPD_IP,189736
DSL001,KPI_ReachDRR_CPD_IP,100031
DZA001,KPI_ReachDRR_CPD_IP,128468
DPY001,KPI_ReachDRR_CPD_IP,10700
DSG001,KPI_ReachDRR_CPD_IP,
DKZ001,KPI_ReachDRR_CPD_IP,81705
DHR001,KPI_ReachDRR_CPD_IP,25367
DMN001,KPI_ReachDRR_CPD_IP,195846
DES001,KPI_ReachDRR_CPD_IP,
DCY001,KPI_ReachDRR_CPD_IP,85
DSC001,KPI_ReachDRR_CPD_IP,25
DAG001,KPI_ReachDRR_CPD_IP,
DLR001,KPI_ReachDRR_CPD_IP,12956
DKR001,KPI_ReachDRR_CPD_IP,489330
DGE001,KPI_ReachDRR_CPD_IP,3930
DTZ001,KPI_ReachDRR_CPD_IP,145673
DDM001,KPI_ReachDRR_CPD_IP,55
DFJ001,KPI_ReachDRR_CPD_IP,402825
DAU001,KPI_ReachDRR_CPD_IP,444316
DEE001,KPI_ReachDRR_CPD_IP,
DPS001,KPI_ReachDRR_CPD_IP,119196
DSM001,KPI_ReachDRR_CPD_IP,
DCL001,KPI_ReachDRR_CPD_IP,3000
DNZ001,KPI_ReachDRR_CPD_IP,64606
DPG001,KPI_ReachDRR_CPD_IP,1099
DGB001,KPI_ReachDRR_CPD_IP,
DNP001,KPI_ReachDRR_CPD_IP,3037776
DTJ001,KPI_ReachDRR_CPD_IP,96075
DYE001,KPI_ReachDRR_CPD_IP,96205
DBH001,KPI_ReachDRR_CPD_IP,
DTG001,KPI_ReachDRR_CPD_IP,122714
DUG001,KPI_ReachDRR_CPD_IP,1439668
DSR001,KPI_ReachDRR_CPD_IP,
DFR001,KPI_ReachDRR_CPD_IP,
DGD001,KPI_ReachDRR_CPD_IP,26
DMW001,KPI_ReachDRR_CPD_IP,8236375
DLV001,KPI_ReachDRR_CPD_IP,
DMK001,KPI_ReachDRR_CPD_IP,23760
DPH001,KPI_ReachDRR_CPD_IP,
DKW001,KPI_ReachDRR_CPD_IP,
DBB001,KPI_ReachDRR_CPD_IP,27
DUY001,KPI_ReachDRR_CPD_IP,
DWS001,KPI_ReachDRR_CPD_IP,160200
DGN001,KPI_ReachDRR_CPD_IP,73412
DIT001,KPI_ReachDRR_CPD_IP,3600
DIL001,KPI_ReachDRR_CPD_IP,410000
DCM001,KPI_ReachDRR_CPD_IP,606327
DCA001,KPI_ReachDRR_CPD_IP,2025741
DLY001,KPI_ReachDRR_CPD_IP,20440
DCH001,KPI_ReachDRR_CPD_IP,
DIQ001,KPI_ReachDRR_CPD_IP,12045
DSY001,KPI_ReachDRR_CPD_IP,273832
DVU001,KPI_ReachDRR_CPD_IP,1722
DHN001,KPI_ReachDRR_CPD_IP,6181
DFM001,KPI_ReachDRR_CPD_IP,
DCD001,KPI_ReachDRR_CPD_IP,672671
DLI001,KPI_ReachDRR_CPD_IP,
DMG001,KPI_ReachDRR_CPD_IP,36173
DBN001,KPI_ReachDRR_CPD_IP,
DGW001,KPI_ReachDRR_CPD_IP,63350
DDK001,KPI_ReachDRR_CPD_IP,
DNG001,KPI_ReachDRR_CPD_IP,620407
DSS001,KPI_ReachDRR_CPD_IP,21479
DTD001,KPI_ReachDRR_CPD_IP,8487
DCO001,KPI_ReachDRR_CPD_IP,219581
DSE001,KPI_ReachH_CPD_IP,
DIR001,KPI_ReachH_CPD_IP,6033767
DBD001,KPI_ReachH_CPD_IP,1013059
DPA001,KPI_ReachH_CPD_IP,75261
DSO001,KPI_ReachH_CPD_IP,1246240
DTM001,KPI_ReachH_CPD_IP,76792
DGT001,KPI_ReachH_CPD_IP,147419
DSD001,KPI_ReachH_CPD_IP,242150
DHU001,KPI_ReachH_CPD_IP,
DSZ001,KPI_ReachH_CPD_IP,136570
DTV001,KPI_ReachH_CPD_IP,1168
DDJ001,KPI_ReachH_CPD_IP,104171
DGR001,KPI_ReachH_CPD_IP,12626
DCF001,KPI_ReachH_CPD_IP,14799
DID001,KPI_ReachH_CPD_IP,974351
DKH001,KPI_ReachH_CPD_IP,50747
DBY001,KPI_ReachH_CPD_IP,105
DMU001,KPI_ReachH_CPD_IP,
DBI001,KPI_ReachH_CPD_IP,4102199
DTR001,KPI_ReachH_CPD_IP,10494107
DZW001,KPI_ReachH_CPD_IP,203421
DLK001,KPI_ReachH_CPD_IP,283500
DSB001,KPI_ReachH_CPD_IP,70213
DBE001,KPI_ReachH_CPD_IP,
DFI001,KPI_ReachH_CPD_IP,9797
DTH001,KPI_ReachH_CPD_IP,4646119
DAR001,KPI_ReachH_CPD_IP,20077
DNA001,KPI_ReachH_CPD_IP,22781
DSV001,KPI_ReachH_CPD_IP,36849
DZM001,KPI_ReachH_CPD_IP,1546998
DMC001,KPI_ReachH_CPD_IP,5500
DBA001,KPI_ReachH_CPD_IP,15084
DBS001,KPI_ReachH_CPD_IP,358
DLS001,KPI_ReachH_CPD_IP,80560
DEG001,KPI_ReachH_CPD_IP,240909
DNE001,KPI_ReachH_CPD_IP,3501947
DGH001,KPI_ReachH_CPD_IP,36894
DLT001,KPI_ReachH_CPD_IP,44
DMD001,KPI_ReachH_CPD_IP,8480
DMY001,KPI_ReachH_CPD_IP,27975
DCR001,KPI_ReachH_CPD_IP,
DGY001,KPI_ReachH_CPD_IP,225
DRS001,KPI_ReachH_CPD_IP,180084
DJO001,KPI_ReachH_CPD_IP,52500
DIE001,KPI_ReachH_CPD_IP,1499
DTN001,KPI_ReachH_CPD_IP,22024
DBJ001,KPI_ReachH_CPD_IP,860198
DMT001,KPI_ReachH_CPD_IP,7218
DCK001,KPI_ReachH_CPD_IP,
DGQ001,KPI_ReachH_CPD_IP,
DAM001,KPI_ReachH_CPD_IP,1425140
DMX001,KPI_ReachH_CPD_IP,6797801
DNI001,KPI_ReachH_CPD_IP,37547
DIN001,KPI_ReachH_CPD_IP,13500
DLB001,KPI_ReachH_CPD_IP,1852911
DMV001,KPI_ReachH_CPD_IP,38920
DRW001,KPI_ReachH_CPD_IP,5785014
DHT001,KPI_ReachH_CPD_IP,4689
DAT001,KPI_ReachH_CPD_IP,3152520
DSI001,KPI_ReachH_CPD_IP,5500
DUA001,KPI_ReachH_CPD_IP,6216818
DUS001,KPI_ReachH_CPD_IP,8451230
DBG001,KPI_ReachH_CPD_IP,318405
DKI001,KPI_ReachH_CPD_IP,2063
DMR001,KPI_ReachH_CPD_IP,
DUZ001,KPI_ReachH_CPD_IP,946813
DCV001,KPI_ReachH_CPD_IP,
DJM001,KPI_ReachH_CPD_IP,
DKM001,KPI_ReachH_CPD_IP,7009
DST001,KPI_ReachH_CPD_IP,1
DME001,KPI_ReachH_CPD_IP,17302
DCI001,KPI_ReachH_CPD_IP,11045
DDZ001,KPI_ReachH_CPD_IP,63000
DSN001,KPI_ReachH_CPD_IP,21497
DIS001,KPI_ReachH_CPD_IP,727
DBR001,KPI_ReachH_CPD_IP,1074032
DAD001,KPI_ReachH_CPD_IP,
DPT001,KPI_ReachH_CPD_IP,1125
DNO001,KPI_ReachH_CPD_IP,757
DAO001,KPI_ReachH_CPD_IP,65237
DVC001,KPI_ReachH_CPD_IP,1268
DKG001,KPI_ReachH_CPD_IP,190028
DRU001,KPI_ReachH_CPD_IP,1393226
DSK001,KPI_ReachH_CPD_IP,23526
DCZ001,KPI_ReachH_CPD_IP,58484
DGM001,KPI_ReachH_CPD_IP,324794
DKN001,KPI_ReachH_CPD_IP,800
DCN001,KPI_ReachH_CPD_IP,
DTO001,KPI_ReachH_CPD_IP,1801
DET001,KPI_ReachH_CPD_IP,707500
DRO001,KPI_ReachH_CPD_IP,270504
DVN001,KPI_ReachH_CPD_IP,3662664
DCU001,KPI_ReachH_CPD_IP,1028436
DMH001,KPI_ReachH_CPD_IP,1361
DSA001,KPI_ReachH_CPD_IP,1047272
DMM001,KPI_ReachH_CPD_IP,49005
DLC001,KPI_ReachH_CPD_IP,
DML001,KPI_ReachH_CPD_IP,16630
DVE001,KPI_ReachH_CPD_IP,203332
DPW001,KPI_ReachH_CPD_IP,1338
DMA001,KPI_ReachH_CPD_IP,618343
DTT001,KPI_ReachH_CPD_IP,631
DDE001,KPI_ReachH_CPD_IP,2499887
DTL001,KPI_ReachH_CPD_IP,108179
DPK001,KPI_ReachH_CPD_IP,293293
DAF001,KPI_ReachH_CPD_IP,3179848
DPL001,KPI_ReachH_CPD_IP,172470
DBW001,KPI_ReachH_CPD_IP,1314395
DJP001,KPI_ReachH_CPD_IP,25370000
DAZ001,KPI_ReachH_CPD_IP,1247
DEC001,KPI_ReachH_CPD_IP,386021
DAE001,KPI_ReachH_CPD_IP,
DQA001,KPI_ReachH_CPD_IP,1955386
DKP001,KPI_ReachH_CPD_IP,1800000
DDO001,KPI_ReachH_CPD_IP,1151258
DLA001,KPI_ReachH_CPD_IP,
DBO001,KPI_ReachH_CPD_IP,106236
DGA001,KPI_ReachH_CPD_IP,191808
DKE001,KPI_ReachH_CPD_IP,3229265
DCG001,KPI_ReachH_CPD_IP,3462500
DNL001,KPI_ReachH_CPD_IP,779941
DBF001,KPI_ReachH_CPD_IP,4004512
DMZ001,KPI_ReachH_CPD_IP,1166598
DSL001,KPI_ReachH_CPD_IP,25166
DZA001,KPI_ReachH_CPD_IP,940501
DPY001,KPI_ReachH_CPD_IP,5403
DSG001,KPI_ReachH_CPD_IP,92322
DBZ001,KPI_ReachH_CPD_IP,211
DKZ001,KPI_ReachH_CPD_IP,47992
DHR001,KPI_ReachH_CPD_IP,404598
DMN001,KPI_ReachH_CPD_IP,52740
DES001,KPI_ReachH_CPD_IP,1136285
DCY001,KPI_ReachH_CPD_IP,4051
DSC001,KPI_ReachH_CPD_IP,
DAG001,KPI_ReachH_CPD_IP,
DLR001,KPI_ReachH_CPD_IP,179949
DKR001,KPI_ReachH_CPD_IP,1424893
DGE001,KPI_ReachH_CPD_IP,522118
DPE001,KPI_ReachH_CPD_IP,9346
DTZ001,KPI_ReachH_CPD_IP,5494005
DDM001,KPI_ReachH_CPD_IP,196
DFJ001,KPI_ReachH_CPD_IP,1373
DAU001,KPI_ReachH_CPD_IP,682268
DEE001,KPI_ReachH_CPD_IP,
DPS001,KPI_ReachH_CPD_IP,8003569
DSM001,KPI_ReachH_CPD_IP,
DCL001,KPI_ReachH_CPD_IP,10800
DNZ001,KPI_ReachH_CPD_IP,
DPG001,KPI_ReachH_CPD_IP,3296
DGB001,KPI_ReachH_CPD_IP,85574
DNP001,KPI_ReachH_CPD_IP,3438577
DTJ001,KPI_ReachH_CPD_IP,245793
DYE001,KPI_ReachH_CPD_IP,1943202
DBH001,KPI_ReachH_CPD_IP,1000
DTG001,KPI_ReachH_CPD_IP,2412086
DLU001,KPI_ReachH_CPD_IP,21285
DUG001,KPI_ReachH_CPD_IP,13099225
DSR001,KPI_ReachH_CPD_IP,
DFR001,KPI_ReachH_CPD_IP,
DGD001,KPI_ReachH_CPD_IP,
DMW001,KPI_ReachH_CPD_IP,8922631
DLV001,KPI_ReachH_CPD_IP,3470
DMK001,KPI_ReachH_CPD_IP,31769
DPH001,KPI_ReachH_CPD_IP,156625
DKW001,KPI_ReachH_CPD_IP,
DBB001,KPI_ReachH_CPD_IP,
DUY001,KPI_ReachH_CPD_IP,
DWS001,KPI_ReachH_CPD_IP,84095
DGN001,KPI_ReachH_CPD_IP,4341053
DIT001,KPI_ReachH_CPD_IP,51430
DIL001,KPI_ReachH_CPD_IP,1452845
DCM001,KPI_ReachH_CPD_IP,2175609
DCA001,KPI_ReachH_CPD_IP,173635
DLY001,KPI_ReachH_CPD_IP,20849
DCH001,KPI_ReachH_CPD_IP,
DIQ001,KPI_ReachH_CPD_IP,241010
DSY001,KPI_ReachH_CPD_IP,3700000
DVU001,KPI_ReachH_CPD_IP,10672
DHN001,KPI_ReachH_CPD_IP,471732
DFM001,KPI_ReachH_CPD_IP,
DCD001,KPI_ReachH_CPD_IP,6231093
DLI001,KPI_ReachH_CPD_IP,350
DMG001,KPI_ReachH_CPD_IP,625733
DBN001,KPI_ReachH_CPD_IP,
DGW001,KPI_ReachH_CPD_IP,
DDK001,KPI_ReachH_CPD_IP,18221
DNG001,KPI_ReachH_CPD_IP,10697092
DSS001,KPI_ReachH_CPD_IP,696419
DTD001,KPI_ReachH_CPD_IP,50823
DCO001,KPI_ReachH_CPD_IP,1590217
DSE001,KPI_ReachHI_CPD_IP,
DBD001,KPI_ReachHI_CPD_IP,26764
DSO001,KPI_ReachHI_CPD_IP,165791
DTM001,KPI_ReachHI_CPD_IP,
DGT001,KPI_ReachHI_CPD_IP,
DSD001,KPI_ReachHI_CPD_IP,31779
DHU001,KPI_ReachHI_CPD_IP,
DSZ001,KPI_ReachHI_CPD_IP,13934
DTV001,KPI_ReachHI_CPD_IP,
DDJ001,KPI_ReachHI_CPD_IP,
DGR001,KPI_ReachHI_CPD_IP,1959
DCF001,KPI_ReachHI_CPD_IP,21524
DID001,KPI_ReachHI_CPD_IP,3626
DKH001,KPI_ReachHI_CPD_IP,
DBY001,KPI_ReachHI_CPD_IP,59978
DMU001,KPI_ReachHI_CPD_IP,
DBI001,KPI_ReachHI_CPD_IP,20098
DZW001,KPI_ReachHI_CPD_IP,32421
DLK001,KPI_ReachHI_CPD_IP,16079
DSB001,KPI_ReachHI_CPD_IP,
DBE001,KPI_ReachHI_CPD_IP,
DFI001,KPI_ReachHI_CPD_IP,
DTH001,KPI_ReachHI_CPD_IP,495845
DAR001,KPI_ReachHI_CPD_IP,12798
DNA001,KPI_ReachHI_CPD_IP,
DSV001,KPI_ReachHI_CPD_IP,
DZM001,KPI_ReachHI_CPD_IP,654979
DMC001,KPI_ReachHI_CPD_IP,
DBA001,KPI_ReachHI_CPD_IP,4500
DBS001,KPI_ReachHI_CPD_IP,30000
DLS001,KPI_ReachHI_CPD_IP,1194
DEG001,KPI_ReachHI_CPD_IP,
DNE001,KPI_ReachHI_CPD_IP,9245
DGH001,KPI_ReachHI_CPD_IP,
DLT001,KPI_ReachHI_CPD_IP,
DMD001,KPI_ReachHI_CPD_IP,
DMY001,KPI_ReachHI_CPD_IP,11415
DCR001,KPI_ReachHI_CPD_IP,
DGY001,KPI_ReachHI_CPD_IP,
DRS001,KPI_ReachHI_CPD_IP,
DJO001,KPI_ReachHI_CPD_IP,
DIE001,KPI_ReachHI_CPD_IP,
DTN001,KPI_ReachHI_CPD_IP,
DBJ001,KPI_ReachHI_CPD_IP,
DMT001,KPI_ReachHI_CPD_IP,
DGQ001,KPI_ReachHI_CPD_IP,
DAM001,KPI_ReachHI_CPD_IP,60000
DMX001,KPI_ReachHI_CPD_IP,400
DNI001,KPI_ReachHI_CPD_IP,2859264
DIN001,KPI_ReachHI_CPD_IP,
DLB001,KPI_ReachHI_CPD_IP,260284
DRW001,KPI_ReachHI_CPD_IP,3030000
DHT001,KPI_ReachHI_CPD_IP,4689
DAT001,KPI_ReachHI_CPD_IP,
DSI001,KPI_ReachHI_CPD_IP,
DUA001,KPI_ReachHI_CPD_IP,
DUS001,KPI_ReachHI_CPD_IP,
DKI001,KPI_ReachHI_CPD_IP,
DMR001,KPI_ReachHI_CPD_IP,
DCV001,KPI_ReachHI_CPD_IP,
DJM001,KPI_ReachHI_CPD_IP,
DKM001,KPI_ReachHI_CPD_IP,11582
DST001,KPI_ReachHI_CPD_IP,
DCI001,KPI_ReachHI_CPD_IP,1925
DDZ001,KPI_ReachHI_CPD_IP,109000
DSN001,KPI_ReachHI_CPD_IP,
DIS001,KPI_ReachHI_CPD_IP,
DBR001,KPI_ReachHI_CPD_IP,169324
DAD001,KPI_ReachHI_CPD_IP,
DPT001,KPI_ReachHI_CPD_IP,
DNO001,KPI_ReachHI_CPD_IP,
DAO001,KPI_ReachHI_CPD_IP,
DVC001,KPI_ReachHI_CPD_IP,
DKG001,KPI_ReachHI_CPD_IP,104480
DRU001,KPI_ReachHI_CPD_IP,
DSK001,KPI_ReachHI_CPD_IP,
DCZ001,KPI_ReachHI_CPD_IP,
DGM001,KPI_ReachHI_CPD_IP,
DKN001,KPI_ReachHI_CPD_IP,
DCN001,KPI_ReachHI_CPD_IP,
DTO001,KPI_ReachHI_CPD_IP,
DET001,KPI_ReachHI_CPD_IP,451558
DRO001,KPI_ReachHI_CPD_IP,
DVN001,KPI_ReachHI_CPD_IP,
DCU001,KPI_ReachHI_CPD_IP,
DMH001,KPI_ReachHI_CPD_IP,33
DSA001,KPI_ReachHI_CPD_IP,
DMM001,KPI_ReachHI_CPD_IP,
DLC001,KPI_ReachHI_CPD_IP,
DML001,KPI_ReachHI_CPD_IP,240612
DVE001,KPI_ReachHI_CPD_IP,
DPW001,KPI_ReachHI_CPD_IP,
DMA001,KPI_ReachHI_CPD_IP,30000
DTT001,KPI_ReachHI_CPD_IP,
DDE001,KPI_ReachHI_CPD_IP,
DTL001,KPI_ReachHI_CPD_IP,7099
DPK001,KPI_ReachHI_CPD_IP,29999
DAF001,KPI_ReachHI_CPD_IP,134089
DPL001,KPI_ReachHI_CPD_IP,
DBW001,KPI_ReachHI_CPD_IP,1306328
DJP001,KPI_ReachHI_CPD_IP,
DAZ001,KPI_ReachHI_CPD_IP,
DEC001,KPI_ReachHI_CPD_IP,159267
DAE001,KPI_ReachHI_CPD_IP,
DQA001,KPI_ReachHI_CPD_IP,
DKP001,KPI_ReachHI_CPD_IP,
DDO001,KPI_ReachHI_CPD_IP,5036
DLA001,KPI_ReachHI_CPD_IP,
DBO001,KPI_ReachHI_CPD_IP,20430
DGA001,KPI_ReachHI_CPD_IP,
DKE001,KPI_ReachHI_CPD_IP,359888
DCG001,KPI_ReachHI_CPD_IP,78000
DNL001,KPI_ReachHI_CPD_IP,
DBF001,KPI_ReachHI_CPD_IP,868906
DMZ001,KPI_ReachHI_CPD_IP,359530
DSL001,KPI_ReachHI_CPD_IP,38847
DZA001,KPI_ReachHI_CPD_IP,946430
DPY001,KPI_ReachHI_CPD_IP,
DSG001,KPI_ReachHI_CPD_IP,
DKZ001,KPI_ReachHI_CPD_IP,
DHR001,KPI_ReachHI_CPD_IP,
DMN001,KPI_ReachHI_CPD_IP,
DES001,KPI_ReachHI_CPD_IP,
DCY001,KPI_ReachHI_CPD_IP,
DSC001,KPI_ReachHI_CPD_IP,
DAG001,KPI_ReachHI_CPD_IP,
DLR001,KPI_ReachHI_CPD_IP,
DKR001,KPI_ReachHI_CPD_IP,13942
DGE001,KPI_ReachHI_CPD_IP,110091
DPE001,KPI_ReachHI_CPD_IP,1296865
DTZ001,KPI_ReachHI_CPD_IP,13202712
DFJ001,KPI_ReachHI_CPD_IP,
DAU001,KPI_ReachHI_CPD_IP,
DEE001,KPI_ReachHI_CPD_IP,
DSM001,KPI_ReachHI_CPD_IP,
DCL001,KPI_ReachHI_CPD_IP,
DNZ001,KPI_ReachHI_CPD_IP,
DPG001,KPI_ReachHI_CPD_IP,8734
DGB001,KPI_ReachHI_CPD_IP,
DNP001,KPI_ReachHI_CPD_IP,
DTJ001,KPI_ReachHI_CPD_IP,1133151
DYE001,KPI_ReachHI_CPD_IP,47228
DBH001,KPI_ReachHI_CPD_IP,
DTG001,KPI_ReachHI_CPD_IP,141114
DLU001,KPI_ReachHI_CPD_IP,
DSR001,KPI_ReachHI_CPD_IP,
DFR001,KPI_ReachHI_CPD_IP,
DGD001,KPI_ReachHI_CPD_IP,
DMW001,KPI_ReachHI_CPD_IP,8448920
DLV001,KPI_ReachHI_CPD_IP,
DMK001,KPI_ReachHI_CPD_IP,
DPH001,KPI_ReachHI_CPD_IP,
DKW001,KPI_ReachHI_CPD_IP,
DUY001,KPI_ReachHI_CPD_IP,
DWS001,KPI_ReachHI_CPD_IP,107528
DGN001,KPI_ReachHI_CPD_IP,6467395
DIT001,KPI_ReachHI_CPD_IP,
DIL001,KPI_ReachHI_CPD_IP,
DCA001,KPI_ReachHI_CPD_IP,152885
DLY001,KPI_ReachHI_CPD_IP,
DCH001,KPI_ReachHI_CPD_IP,
DIQ001,KPI_ReachHI_CPD_IP,
DSY001,KPI_ReachHI_CPD_IP,
DVU001,KPI_ReachHI_CPD_IP,
DHN001,KPI_ReachHI_CPD_IP,
DFM001,KPI_ReachHI_CPD_IP,
DCD001,KPI_ReachHI_CPD_IP,859065
DLI001,KPI_ReachHI_CPD_IP,
DMG001,KPI_ReachHI_CPD_IP,260998
DBN001,KPI_ReachHI_CPD_IP,
DGW001,KPI_ReachHI_CPD_IP,
DDK001,KPI_ReachHI_CPD_IP,
DNG001,KPI_ReachHI_CPD_IP,6021630
DSS001,KPI_ReachHI_CPD_IP,20180
DTD001,KPI_ReachHI_CPD_IP,13828
DCO001,KPI_ReachHI_CPD_IP,
DSE001,KPI_ReachHPM_CPD_IP,575
DIR001,KPI_ReachHPM_CPD_IP,25332
DBD001,KPI_ReachHPM_CPD_IP,152752
DPA001,KPI_ReachHPM_CPD_IP,1423
DSO001,KPI_ReachHPM_CPD_IP,980
DTM001,KPI_ReachHPM_CPD_IP,5035
DGT001,KPI_ReachHPM_CPD_IP,23629
DSD001,KPI_ReachHPM_CPD_IP,140900
DHU001,KPI_ReachHPM_CPD_IP,11679
DSZ001,KPI_ReachHPM_CPD_IP,186
DTV001,KPI_ReachHPM_CPD_IP,
DDJ001,KPI_ReachHPM_CPD_IP,
DAL001,KPI_ReachHPM_CPD_IP,2000
DGR001,KPI_ReachHPM_CPD_IP,9669
DCF001,KPI_ReachHPM_CPD_IP,1191
DID001,KPI_ReachHPM_CPD_IP,440692
DKH001,KPI_ReachHPM_CPD_IP,
DBY001,KPI_ReachHPM_CPD_IP,335
DMU001,KPI_ReachHPM_CPD_IP,119
DBI001,KPI_ReachHPM_CPD_IP,215345
DTR001,KPI_ReachHPM_CPD_IP,106240
DZW001,KPI_ReachHPM_CPD_IP,
DLK001,KPI_ReachHPM_CPD_IP,
DSB001,KPI_ReachHPM_CPD_IP,
DBE001,KPI_ReachHPM_CPD_IP,
DFI001,KPI_ReachHPM_CPD_IP,109
DTH001,KPI_ReachHPM_CPD_IP,107
DAR001,KPI_ReachHPM_CPD_IP,20018
DNA001,KPI_ReachHPM_CPD_IP,
DSV001,KPI_ReachHPM_CPD_IP,7266
DZM001,KPI_ReachHPM_CPD_IP,908
DMC001,KPI_ReachHPM_CPD_IP,
DBA001,KPI_ReachHPM_CPD_IP,54748
DBS001,KPI_ReachHPM_CPD_IP,40
DLS001,KPI_ReachHPM_CPD_IP,5480
DEG001,KPI_ReachHPM_CPD_IP,
DNE001,KPI_ReachHPM_CPD_IP,32350
DGH001,KPI_ReachHPM_CPD_IP,
DLT001,KPI_ReachHPM_CPD_IP,2757
DMD001,KPI_ReachHPM_CPD_IP,15312
DMY001,KPI_ReachHPM_CPD_IP,17853
DCR001,KPI_ReachHPM_CPD_IP,
DGY001,KPI_ReachHPM_CPD_IP,
DRS001,KPI_ReachHPM_CPD_IP,51
DJO001,KPI_ReachHPM_CPD_IP,
DIE001,KPI_ReachHPM_CPD_IP,66
DTN001,KPI_ReachHPM_CPD_IP,
DBJ001,KPI_ReachHPM_CPD_IP,58002
DMT001,KPI_ReachHPM_CPD_IP,
DGQ001,KPI_ReachHPM_CPD_IP,
DAM001,KPI_ReachHPM_CPD_IP,89549
DMX001,KPI_ReachHPM_CPD_IP,4592
DNI001,KPI_ReachHPM_CPD_IP,2167
DIN001,KPI_ReachHPM_CPD_IP,
DLB001,KPI_ReachHPM_CPD_IP,24957
DMV001,KPI_ReachHPM_CPD_IP,8868
DRW001,KPI_ReachHPM_CPD_IP,233738
DHT001,KPI_ReachHPM_CPD_IP,
DAT001,KPI_ReachHPM_CPD_IP,40488
DSI001,KPI_ReachHPM_CPD_IP,2041
DUA001,KPI_ReachHPM_CPD_IP,322851
DUS001,KPI_ReachHPM_CPD_IP,60013
DBG001,KPI_ReachHPM_CPD_IP,20306
DKI001,KPI_ReachHPM_CPD_IP,
DMR001,KPI_ReachHPM_CPD_IP,
DCV001,KPI_ReachHPM_CPD_IP,
DJM001,KPI_ReachHPM_CPD_IP,
DKM001,KPI_ReachHPM_CPD_IP,666
DST001,KPI_ReachHPM_CPD_IP,
DME001,KPI_ReachHPM_CPD_IP,7488
DCI001,KPI_ReachHPM_CPD_IP,46
DDZ001,KPI_ReachHPM_CPD_IP,
DSN001,KPI_ReachHPM_CPD_IP,7600
DIS001,KPI_ReachHPM_CPD_IP,27095
DBR001,KPI_ReachHPM_CPD_IP,14855
DAD001,KPI_ReachHPM_CPD_IP,
DPT001,KPI_ReachHPM_CPD_IP,910
DNO001,KPI_ReachHPM_CPD_IP,103357
DAO001,KPI_ReachHPM_CPD_IP,
DVC001,KPI_ReachHPM_CPD_IP,30
DKG001,KPI_ReachHPM_CPD_IP,6792
DRU001,KPI_ReachHPM_CPD_IP,163291
DSK001,KPI_ReachHPM_CPD_IP,32530
DCZ001,KPI_ReachHPM_CPD_IP,27612
DGM001,KPI_ReachHPM_CPD_IP,21151
DKN001,KPI_ReachHPM_CPD_IP,25
DCN001,KPI_ReachHPM_CPD_IP,
DTO001,KPI_ReachHPM_CPD_IP,
DET001,KPI_ReachHPM_CPD_IP,172398
DRO001,KPI_ReachHPM_CPD_IP,23492
DVN001,KPI_ReachHPM_CPD_IP,
DCU001,KPI_ReachHPM_CPD_IP,62864
DMH001,KPI_ReachHPM_CPD_IP,
DSA001,KPI_ReachHPM_CPD_IP,15044
DMM001,KPI_ReachHPM_CPD_IP,720
DLC001,KPI_ReachHPM_CPD_IP,
DML001,KPI_ReachHPM_CPD_IP,35411
DVE001,KPI_ReachHPM_CPD_IP,27332
DPW001,KPI_ReachHPM_CPD_IP,183
DMA001,KPI_ReachHPM_CPD_IP,15000
DTT001,KPI_ReachHPM_CPD_IP,79
DDE001,KPI_ReachHPM_CPD_IP,
DTL001,KPI_ReachHPM_CPD_IP,
DPK001,KPI_ReachHPM_CPD_IP,6945
DAF001,KPI_ReachHPM_CPD_IP,91250
DPL001,KPI_ReachHPM_CPD_IP,20720
DBW001,KPI_ReachHPM_CPD_IP,
DJP001,KPI_ReachHPM_CPD_IP,
DAZ001,KPI_ReachHPM_CPD_IP,341
DEC001,KPI_ReachHPM_CPD_IP,30054
DAE001,KPI_ReachHPM_CPD_IP,
DQA001,KPI_ReachHPM_CPD_IP,
DKP001,KPI_ReachHPM_CPD_IP,
DDO001,KPI_ReachHPM_CPD_IP,3664
DLA001,KPI_ReachHPM_CPD_IP,38
DBO001,KPI_ReachHPM_CPD_IP,3480
DGA001,KPI_ReachHPM_CPD_IP,2070
DKE001,KPI_ReachHPM_CPD_IP,3964
DCG001,KPI_ReachHPM_CPD_IP,95841
DNL001,KPI_ReachHPM_CPD_IP,1084
DBF001,KPI_ReachHPM_CPD_IP,346023
DMZ001,KPI_ReachHPM_CPD_IP,16997
DSL001,KPI_ReachHPM_CPD_IP,6499
DZA001,KPI_ReachHPM_CPD_IP,869267
DPY001,KPI_ReachHPM_CPD_IP,2406
DSG001,KPI_ReachHPM_CPD_IP,
DKZ001,KPI_ReachHPM_CPD_IP,63
DHR001,KPI_ReachHPM_CPD_IP,12577
DMN001,KPI_ReachHPM_CPD_IP,22696
DES001,KPI_ReachHPM_CPD_IP,7215
DCY001,KPI_ReachHPM_CPD_IP,723
DSC001,KPI_ReachHPM_CPD_IP,
DAG001,KPI_ReachHPM_CPD_IP,
DLR001,KPI_ReachHPM_CPD_IP,345
DKR001,KPI_ReachHPM_CPD_IP,9091
DGE001,KPI_ReachHPM_CPD_IP,62648
DPE001,KPI_ReachHPM_CPD_IP,342
DTZ001,KPI_ReachHPM_CPD_IP,7314
DFJ001,KPI_ReachHPM_CPD_IP,
DAU001,KPI_ReachHPM_CPD_IP,88493
DEE001,KPI_ReachHPM_CPD_IP,687
DPS001,KPI_ReachHPM_CPD_IP,406010
DSM001,KPI_ReachHPM_CPD_IP,
DCL001,KPI_ReachHPM_CPD_IP,7650
DNZ001,KPI_ReachHPM_CPD_IP,4229
DPG001,KPI_ReachHPM_CPD_IP,18
DGB001,KPI_ReachHPM_CPD_IP,10027
DNP001,KPI_ReachHPM_CPD_IP,6900
DTJ001,KPI_ReachHPM_CPD_IP,268
DYE001,KPI_ReachHPM_CPD_IP,27712
DBH001,KPI_ReachHPM_CPD_IP,1000
DTG001,KPI_ReachHPM_CPD_IP,
DLU001,KPI_ReachHPM_CPD_IP,4040
DUG001,KPI_ReachHPM_CPD_IP,149
DSR001,KPI_ReachHPM_CPD_IP,
DFR001,KPI_ReachHPM_CPD_IP,
DGD001,KPI_ReachHPM_CPD_IP,
DMW001,KPI_ReachHPM_CPD_IP,8922631
DLV001,KPI_ReachHPM_CPD_IP,
DMK001,KPI_ReachHPM_CPD_IP,1515
DPH001,KPI_ReachHPM_CPD_IP,14607
DKW001,KPI_ReachHPM_CPD_IP,
DBB001,KPI_ReachHPM_CPD_IP,
DUY001,KPI_ReachHPM_CPD_IP,
DWS001,KPI_ReachHPM_CPD_IP,29080
DGN001,KPI_ReachHPM_CPD_IP,120167
DIT001,KPI_ReachHPM_CPD_IP,4466
DIL001,KPI_ReachHPM_CPD_IP,
DCA001,KPI_ReachHPM_CPD_IP,65066
DLY001,KPI_ReachHPM_CPD_IP,7000
DCH001,KPI_ReachHPM_CPD_IP,
DIQ001,KPI_ReachHPM_CPD_IP,683321
DSY001,KPI_ReachHPM_CPD_IP,652676
DVU001,KPI_ReachHPM_CPD_IP,
DHN001,KPI_ReachHPM_CPD_IP,3442
DFM001,KPI_ReachHPM_CPD_IP,
DCD001,KPI_ReachHPM_CPD_IP,92861
DLI001,KPI_ReachHPM_CPD_IP,
DBN001,KPI_ReachHPM_CPD_IP,
DGW001,KPI_ReachHPM_CPD_IP,
DDK001,KPI_ReachHPM_CPD_IP,921819
DSS001,KPI_ReachHPM_CPD_IP,158149
DTD001,KPI_ReachHPM_CPD_IP,25712
DCO001,KPI_ReachHPM_CPD_IP,10663
DIR001,KPI_ReachL_CPD_IP,3564352
DBD001,KPI_ReachL_CPD_IP,47112
DPA001,KPI_ReachL_CPD_IP,1753
DSO001,KPI_ReachL_CPD_IP,875
DTM001,KPI_ReachL_CPD_IP,7539
DGT001,KPI_ReachL_CPD_IP,544
DSD001,KPI_ReachL_CPD_IP,2494100
DHU001,KPI_ReachL_CPD_IP,
DSZ001,KPI_ReachL_CPD_IP,13445
DTV001,KPI_ReachL_CPD_IP,
DDJ001,KPI_ReachL_CPD_IP,
DAL001,KPI_ReachL_CPD_IP,20000
DGR001,KPI_ReachL_CPD_IP,2925
DCF001,KPI_ReachL_CPD_IP,1032
DID001,KPI_ReachL_CPD_IP,533
DKH001,KPI_ReachL_CPD_IP,704
DBY001,KPI_ReachL_CPD_IP,2510
DMU001,KPI_ReachL_CPD_IP,
DBI001,KPI_ReachL_CPD_IP,361202
DTR001,KPI_ReachL_CPD_IP,15062103
DZW001,KPI_ReachL_CPD_IP,9595
DLK001,KPI_ReachL_CPD_IP,
DSB001,KPI_ReachL_CPD_IP,
DBE001,KPI_ReachL_CPD_IP,
DFI001,KPI_ReachL_CPD_IP,
DTH001,KPI_ReachL_CPD_IP,
DAR001,KPI_ReachL_CPD_IP,1500
DNA001,KPI_ReachL_CPD_IP,1346
DSV001,KPI_ReachL_CPD_IP,181
DZM001,KPI_ReachL_CPD_IP,8364
DMC001,KPI_ReachL_CPD_IP,
DBA001,KPI_ReachL_CPD_IP,29375
DBS001,KPI_ReachL_CPD_IP,12232
DLS001,KPI_ReachL_CPD_IP,8005
DEG001,KPI_ReachL_CPD_IP,141
DNE001,KPI_ReachL_CPD_IP,3797
DGH001,KPI_ReachL_CPD_IP,
DLT001,KPI_ReachL_CPD_IP,1767
DMD001,KPI_ReachL_CPD_IP,
DMY001,KPI_ReachL_CPD_IP,12707
DCR001,KPI_ReachL_CPD_IP,2455
DGY001,KPI_ReachL_CPD_IP,47
DRS001,KPI_ReachL_CPD_IP,1606
DJO001,KPI_ReachL_CPD_IP,8852
DIE001,KPI_ReachL_CPD_IP,
DTN001,KPI_ReachL_CPD_IP,10000
DBJ001,KPI_ReachL_CPD_IP,7980
DMT001,KPI_ReachL_CPD_IP,
DCK001,KPI_ReachL_CPD_IP,
DGQ001,KPI_ReachL_CPD_IP,
DAM001,KPI_ReachL_CPD_IP,70649
DMX001,KPI_ReachL_CPD_IP,1145042
DNI001,KPI_ReachL_CPD_IP,90311
DIN001,KPI_ReachL_CPD_IP,37952
DLB001,KPI_ReachL_CPD_IP,257
DMV001,KPI_ReachL_CPD_IP,2616
DRW001,KPI_ReachL_CPD_IP,65002
DHT001,KPI_ReachL_CPD_IP,
DAT001,KPI_ReachL_CPD_IP,133
DSI001,KPI_ReachL_CPD_IP,121296
DUA001,KPI_ReachL_CPD_IP,104521
DUS001,KPI_ReachL_CPD_IP,293185
DBG001,KPI_ReachL_CPD_IP,247838
DKI001,KPI_ReachL_CPD_IP,
DMR001,KPI_ReachL_CPD_IP,10800
DUZ001,KPI_ReachL_CPD_IP,25370
DCV001,KPI_ReachL_CPD_IP,24112
DJM001,KPI_ReachL_CPD_IP,250
DKM001,KPI_ReachL_CPD_IP,412
DST001,KPI_ReachL_CPD_IP,
DME001,KPI_ReachL_CPD_IP,26394
DCI001,KPI_ReachL_CPD_IP,956
DDZ001,KPI_ReachL_CPD_IP,2500
DSN001,KPI_ReachL_CPD_IP,637
DIS001,KPI_ReachL_CPD_IP,
DBR001,KPI_ReachL_CPD_IP,306586
DAD001,KPI_ReachL_CPD_IP,
DPT001,KPI_ReachL_CPD_IP,58588
DNO001,KPI_ReachL_CPD_IP,
DAO001,KPI_ReachL_CPD_IP,22878
DVC001,KPI_ReachL_CPD_IP,315
DKG001,KPI_ReachL_CPD_IP,1769
DRU001,KPI_ReachL_CPD_IP,6348
DSK001,KPI_ReachL_CPD_IP,11606
DCZ001,KPI_ReachL_CPD_IP,
DGM001,KPI_ReachL_CPD_IP,3709
DKN001,KPI_ReachL_CPD_IP,
DCN001,KPI_ReachL_CPD_IP,
DTO001,KPI_ReachL_CPD_IP,548
DET001,KPI_ReachL_CPD_IP,6760
DRO001,KPI_ReachL_CPD_IP,293420
DVN001,KPI_ReachL_CPD_IP,3919927
DCU001,KPI_ReachL_CPD_IP,
DMH001,KPI_ReachL_CPD_IP,250
DSA001,KPI_ReachL_CPD_IP,
DMM001,KPI_ReachL_CPD_IP,9943
DLC001,KPI_ReachL_CPD_IP,450
DML001,KPI_ReachL_CPD_IP,2744
DVE001,KPI_ReachL_CPD_IP,
DPW001,KPI_ReachL_CPD_IP,
DMA001,KPI_ReachL_CPD_IP,666000
DTT001,KPI_ReachL_CPD_IP,15
DDE001,KPI_ReachL_CPD_IP,1145637
DTL001,KPI_ReachL_CPD_IP,127
DPK001,KPI_ReachL_CPD_IP,2400
DAF001,KPI_ReachL_CPD_IP,7398
DPL001,KPI_ReachL_CPD_IP,1676
DBW001,KPI_ReachL_CPD_IP,1774
DJP001,KPI_ReachL_CPD_IP,
DAZ001,KPI_ReachL_CPD_IP,
DEC001,KPI_ReachL_CPD_IP,4008
DAE001,KPI_ReachL_CPD_IP,
DQA001,KPI_ReachL_CPD_IP,1543
DKP001,KPI_ReachL_CPD_IP,18921
DDO001,KPI_ReachL_CPD_IP,19238
DLA001,KPI_ReachL_CPD_IP,2216
DGA001,KPI_ReachL_CPD_IP,1600
DKE001,KPI_ReachL_CPD_IP,1483574
DCG001,KPI_ReachL_CPD_IP,1700
DNL001,KPI_ReachL_CPD_IP,
DBF001,KPI_ReachL_CPD_IP,995361
DMZ001,KPI_ReachL_CPD_IP,35508
DSL001,KPI_ReachL_CPD_IP,11479
DZA001,KPI_ReachL_CPD_IP,668890
DPY001,KPI_ReachL_CPD_IP,
DSG001,KPI_ReachL_CPD_IP,1900
DBZ001,KPI_ReachL_CPD_IP,102
DKZ001,KPI_ReachL_CPD_IP,
DHR001,KPI_ReachL_CPD_IP,109128
DMN001,KPI_ReachL_CPD_IP,32832
DES001,KPI_ReachL_CPD_IP,
DCY001,KPI_ReachL_CPD_IP,28571
DSC001,KPI_ReachL_CPD_IP,
DAG001,KPI_ReachL_CPD_IP,
DLR001,KPI_ReachL_CPD_IP,18431
DKR001,KPI_ReachL_CPD_IP,
DGE001,KPI_ReachL_CPD_IP,19150
DPE001,KPI_ReachL_CPD_IP,291000
DTZ001,KPI_ReachL_CPD_IP,14370
DDM001,KPI_ReachL_CPD_IP,33
DFJ001,KPI_ReachL_CPD_IP,
DAU001,KPI_ReachL_CPD_IP,129451
DEE001,KPI_ReachL_CPD_IP,
DPS001,KPI_ReachL_CPD_IP,1326839
DSM001,KPI_ReachL_CPD_IP,
DCL001,KPI_ReachL_CPD_IP,500
DNZ001,KPI_ReachL_CPD_IP,27956
DPG001,KPI_ReachL_CPD_IP,
DGB001,KPI_ReachL_CPD_IP,
DNP001,KPI_ReachL_CPD_IP,12220
DTJ001,KPI_ReachL_CPD_IP,2445
DYE001,KPI_ReachL_CPD_IP,586852
DBH001,KPI_ReachL_CPD_IP,3417
DTG001,KPI_ReachL_CPD_IP,18490
DLU001,KPI_ReachL_CPD_IP,12994
DUG001,KPI_ReachL_CPD_IP,5558
DSR001,KPI_ReachL_CPD_IP,
DFR001,KPI_ReachL_CPD_IP,
DGD001,KPI_ReachL_CPD_IP,
DMW001,KPI_ReachL_CPD_IP,1775824
DLV001,KPI_ReachL_CPD_IP,
DMK001,KPI_ReachL_CPD_IP,296
DPH001,KPI_ReachL_CPD_IP,10174
DKW001,KPI_ReachL_CPD_IP,4376
DBB001,KPI_ReachL_CPD_IP,48
DUY001,KPI_ReachL_CPD_IP,1250
DWS001,KPI_ReachL_CPD_IP,173368
DGN001,KPI_ReachL_CPD_IP,47828
DIT001,KPI_ReachL_CPD_IP,2273080
DIL001,KPI_ReachL_CPD_IP,7900
DCM001,KPI_ReachL_CPD_IP,651006
DCA001,KPI_ReachL_CPD_IP,262
DLY001,KPI_ReachL_CPD_IP,46574
DCH001,KPI_ReachL_CPD_IP,
DIQ001,KPI_ReachL_CPD_IP,3410
DSY001,KPI_ReachL_CPD_IP,29465
DHN001,KPI_ReachL_CPD_IP,455
DFM001,KPI_ReachL_CPD_IP,
DCD001,KPI_ReachL_CPD_IP,198681
DLI001,KPI_ReachL_CPD_IP,
DMG001,KPI_ReachL_CPD_IP,5885
DBN001,KPI_ReachL_CPD_IP,
DGW001,KPI_ReachL_CPD_IP,
DDK001,KPI_ReachL_CPD_IP,
DNG001,KPI_ReachL_CPD_IP,58752
DSS001,KPI_ReachL_CPD_IP,36753
DTD001,KPI_ReachL_CPD_IP,1712
DCO001,KPI_ReachL_CPD_IP,912
DSE001,KPI_ReachLTSPD_CPD_IP,
DIR001,KPI_ReachLTSPD_CPD_IP,49017
DBD001,KPI_ReachLTSPD_CPD_IP,926493
DSO001,KPI_ReachLTSPD_CPD_IP,
DTM001,KPI_ReachLTSPD_CPD_IP,
DGT001,KPI_ReachLTSPD_CPD_IP,14
DSD001,KPI_ReachLTSPD_CPD_IP,2124000
DHU001,KPI_ReachLTSPD_CPD_IP,
DSZ001,KPI_ReachLTSPD_CPD_IP,
DTV001,KPI_ReachLTSPD_CPD_IP,1000
DDJ001,KPI_ReachLTSPD_CPD_IP,
DGR001,KPI_ReachLTSPD_CPD_IP,208489
DID001,KPI_ReachLTSPD_CPD_IP,1234451
DKH001,KPI_ReachLTSPD_CPD_IP,522931
DBY001,KPI_ReachLTSPD_CPD_IP,427783
DMU001,KPI_ReachLTSPD_CPD_IP,
DBI001,KPI_ReachLTSPD_CPD_IP,718246
DTR001,KPI_ReachLTSPD_CPD_IP,38079228
DZW001,KPI_ReachLTSPD_CPD_IP,20000
DLK001,KPI_ReachLTSPD_CPD_IP,139100
DSB001,KPI_ReachLTSPD_CPD_IP,78224
DBE001,KPI_ReachLTSPD_CPD_IP,
DFI001,KPI_ReachLTSPD_CPD_IP,
DTH001,KPI_ReachLTSPD_CPD_IP,4646119
DAR001,KPI_ReachLTSPD_CPD_IP,25481
DNA001,KPI_ReachLTSPD_CPD_IP,990
DSV001,KPI_ReachLTSPD_CPD_IP,
DZM001,KPI_ReachLTSPD_CPD_IP,
DMC001,KPI_ReachLTSPD_CPD_IP,
DBA001,KPI_ReachLTSPD_CPD_IP,58314
DBS001,KPI_ReachLTSPD_CPD_IP,
DLS001,KPI_ReachLTSPD_CPD_IP,334
DEG001,KPI_ReachLTSPD_CPD_IP,46704
DNE001,KPI_ReachLTSPD_CPD_IP,
DGH001,KPI_ReachLTSPD_CPD_IP,
DLT001,KPI_ReachLTSPD_CPD_IP,
DMD001,KPI_ReachLTSPD_CPD_IP,
DMY001,KPI_ReachLTSPD_CPD_IP,18438
DCR001,KPI_ReachLTSPD_CPD_IP,
DGY001,KPI_ReachLTSPD_CPD_IP,1554
DRS001,KPI_ReachLTSPD_CPD_IP,138197
DJO001,KPI_ReachLTSPD_CPD_IP,
DIE001,KPI_ReachLTSPD_CPD_IP,6275
DTN001,KPI_ReachLTSPD_CPD_IP,
DBJ001,KPI_ReachLTSPD_CPD_IP,779404
DMT001,KPI_ReachLTSPD_CPD_IP,
DCK001,KPI_ReachLTSPD_CPD_IP,424
DGQ001,KPI_ReachLTSPD_CPD_IP,
DAM001,KPI_ReachLTSPD_CPD_IP,139110
DMX001,KPI_ReachLTSPD_CPD_IP,26534
DNI001,KPI_ReachLTSPD_CPD_IP,293898
DIN001,KPI_ReachLTSPD_CPD_IP,5370211
DLB001,KPI_ReachLTSPD_CPD_IP,708290
DMV001,KPI_ReachLTSPD_CPD_IP,41722
DRW001,KPI_ReachLTSPD_CPD_IP,877648
DHT001,KPI_ReachLTSPD_CPD_IP,
DAT001,KPI_ReachLTSPD_CPD_IP,477273
DSI001,KPI_ReachLTSPD_CPD_IP,4978
DUA001,KPI_ReachLTSPD_CPD_IP,5074
DUS001,KPI_ReachLTSPD_CPD_IP,8996899
DBG001,KPI_ReachLTSPD_CPD_IP,747187
DKI001,KPI_ReachLTSPD_CPD_IP,3897
DMR001,KPI_ReachLTSPD_CPD_IP,5400
DCV001,KPI_ReachLTSPD_CPD_IP,4313
DJM001,KPI_ReachLTSPD_CPD_IP,
DKM001,KPI_ReachLTSPD_CPD_IP,1369
DST001,KPI_ReachLTSPD_CPD_IP,
DME001,KPI_ReachLTSPD_CPD_IP,65526
DCI001,KPI_ReachLTSPD_CPD_IP,
DDZ001,KPI_ReachLTSPD_CPD_IP,
DSN001,KPI_ReachLTSPD_CPD_IP,1510
DIS001,KPI_ReachLTSPD_CPD_IP,11302
DBR001,KPI_ReachLTSPD_CPD_IP,73366
DAD001,KPI_ReachLTSPD_CPD_IP,442
DPT001,KPI_ReachLTSPD_CPD_IP,85310
DNO001,KPI_ReachLTSPD_CPD_IP,26798
DVC001,KPI_ReachLTSPD_CPD_IP,30
DKG001,KPI_ReachLTSPD_CPD_IP,16798
DRU001,KPI_ReachLTSPD_CPD_IP,660412
DSK001,KPI_ReachLTSPD_CPD_IP,280084
DCZ001,KPI_ReachLTSPD_CPD_IP,297828
DGM001,KPI_ReachLTSPD_CPD_IP,
DKN001,KPI_ReachLTSPD_CPD_IP,
DCN001,KPI_ReachLTSPD_CPD_IP,38668441
DTO001,KPI_ReachLTSPD_CPD_IP,1349
DET001,KPI_ReachLTSPD_CPD_IP,3650916
DRO001,KPI_ReachLTSPD_CPD_IP,57396
DVN001,KPI_ReachLTSPD_CPD_IP,3658933
DCU001,KPI_ReachLTSPD_CPD_IP,749732
DMH001,KPI_ReachLTSPD_CPD_IP,1188
DSA001,KPI_ReachLTSPD_CPD_IP,
DMM001,KPI_ReachLTSPD_CPD_IP,523294
DLC001,KPI_ReachLTSPD_CPD_IP,
DML001,KPI_ReachLTSPD_CPD_IP,
DVE001,KPI_ReachLTSPD_CPD_IP,16278
DPW001,KPI_ReachLTSPD_CPD_IP,16020
DMA001,KPI_ReachLTSPD_CPD_IP,3100
DTT001,KPI_ReachLTSPD_CPD_IP,46
DDE001,KPI_ReachLTSPD_CPD_IP,
DTL001,KPI_ReachLTSPD_CPD_IP,108179
DPK001,KPI_ReachLTSPD_CPD_IP,31068
DAF001,KPI_ReachLTSPD_CPD_IP,3547473
DPL001,KPI_ReachLTSPD_CPD_IP,83644
DBW001,KPI_ReachLTSPD_CPD_IP,2258
DJP001,KPI_ReachLTSPD_CPD_IP,8721547
DAZ001,KPI_ReachLTSPD_CPD_IP,
DEC001,KPI_ReachLTSPD_CPD_IP,
DAE001,KPI_ReachLTSPD_CPD_IP,
DQA001,KPI_ReachLTSPD_CPD_IP,
DKP001,KPI_ReachLTSPD_CPD_IP,63073
DDO001,KPI_ReachLTSPD_CPD_IP,2404905
DLA001,KPI_ReachLTSPD_CPD_IP,61962
DBO001,KPI_ReachLTSPD_CPD_IP,4506
DGA001,KPI_ReachLTSPD_CPD_IP,
DKE001,KPI_ReachLTSPD_CPD_IP,3033962
DBT001,KPI_ReachLTSPD_CPD_IP,
DCG001,KPI_ReachLTSPD_CPD_IP,54932
DNL001,KPI_ReachLTSPD_CPD_IP,99786
DBF001,KPI_ReachLTSPD_CPD_IP,1716282
DMZ001,KPI_ReachLTSPD_CPD_IP,353751
DSL001,KPI_ReachLTSPD_CPD_IP,82790
DZA001,KPI_ReachLTSPD_CPD_IP,39863
DPY001,KPI_ReachLTSPD_CPD_IP,1671
DSG001,KPI_ReachLTSPD_CPD_IP,96811
DBZ001,KPI_ReachLTSPD_CPD_IP,66
DKZ001,KPI_ReachLTSPD_CPD_IP,794519
DHR001,KPI_ReachLTSPD_CPD_IP,686130
DMN001,KPI_ReachLTSPD_CPD_IP,1716727
DES001,KPI_ReachLTSPD_CPD_IP,
DCY001,KPI_ReachLTSPD_CPD_IP,39146
DSC001,KPI_ReachLTSPD_CPD_IP,
DAG001,KPI_ReachLTSPD_CPD_IP,
DLR001,KPI_ReachLTSPD_CPD_IP,81703
DKR001,KPI_ReachLTSPD_CPD_IP,489330
DGE001,KPI_ReachLTSPD_CPD_IP,78553
DTZ001,KPI_ReachLTSPD_CPD_IP,226457
DDM001,KPI_ReachLTSPD_CPD_IP,173
DFJ001,KPI_ReachLTSPD_CPD_IP,403476
DAU001,KPI_ReachLTSPD_CPD_IP,444316
DEE001,KPI_ReachLTSPD_CPD_IP,
DPS001,KPI_ReachLTSPD_CPD_IP,9399379
DSM001,KPI_ReachLTSPD_CPD_IP,
DCL001,KPI_ReachLTSPD_CPD_IP,
DNZ001,KPI_ReachLTSPD_CPD_IP,146727
DPG001,KPI_ReachLTSPD_CPD_IP,1428
DGB001,KPI_ReachLTSPD_CPD_IP,
DNP001,KPI_ReachLTSPD_CPD_IP,4170215
DTJ001,KPI_ReachLTSPD_CPD_IP,
DYE001,KPI_ReachLTSPD_CPD_IP,2451376
DBH001,KPI_ReachLTSPD_CPD_IP,3417
DTG001,KPI_ReachLTSPD_CPD_IP,2333324
DLU001,KPI_ReachLTSPD_CPD_IP,54320
DUG001,KPI_ReachLTSPD_CPD_IP,
DSR001,KPI_ReachLTSPD_CPD_IP,
DFR001,KPI_ReachLTSPD_CPD_IP,
DGD001,KPI_ReachLTSPD_CPD_IP,
DMW001,KPI_ReachLTSPD_CPD_IP,8922631
DLV001,KPI_ReachLTSPD_CPD_IP,
DMK001,KPI_ReachLTSPD_CPD_IP,99530
DPH001,KPI_ReachLTSPD_CPD_IP,
DKW001,KPI_ReachLTSPD_CPD_IP,
DBB001,KPI_ReachLTSPD_CPD_IP,50
DUY001,KPI_ReachLTSPD_CPD_IP,5514
DWS001,KPI_ReachLTSPD_CPD_IP,104796
DGN001,KPI_ReachLTSPD_CPD_IP,32494
DIT001,KPI_ReachLTSPD_CPD_IP,2560621
DIL001,KPI_ReachLTSPD_CPD_IP,410000
DCM001,KPI_ReachLTSPD_CPD_IP,606327
DCA001,KPI_ReachLTSPD_CPD_IP,203133
DLY001,KPI_ReachLTSPD_CPD_IP,27100
DCH001,KPI_ReachLTSPD_CPD_IP,565800
DIQ001,KPI_ReachLTSPD_CPD_IP,2612981
DSY001,KPI_ReachLTSPD_CPD_IP,7780049
DVU001,KPI_ReachLTSPD_CPD_IP,1281
DHN001,KPI_ReachLTSPD_CPD_IP,219637
DFM001,KPI_ReachLTSPD_CPD_IP,30634
DCD001,KPI_ReachLTSPD_CPD_IP,2716313
DLI001,KPI_ReachLTSPD_CPD_IP,2037
DBN001,KPI_ReachLTSPD_CPD_IP,
DGW001,KPI_ReachLTSPD_CPD_IP,
DDK001,KPI_ReachLTSPD_CPD_IP,35171
DNG001,KPI_ReachLTSPD_CPD_IP,31048
DSS001,KPI_ReachLTSPD_CPD_IP,
DTD001,KPI_ReachLTSPD_CPD_IP,654
DCO001,KPI_ReachLTSPD_CPD_IP,168910
DSE001,KPI_ReachM_CPD_IP,
DIR001,KPI_ReachM_CPD_IP,377288
DBD001,KPI_ReachM_CPD_IP,149529
DPA001,KPI_ReachM_CPD_IP,116853
DSO001,KPI_ReachM_CPD_IP,41986
DTM001,KPI_ReachM_CPD_IP,316
DGT001,KPI_ReachM_CPD_IP,80
DSD001,KPI_ReachM_CPD_IP,176037
DHU001,KPI_ReachM_CPD_IP,68557
DSZ001,KPI_ReachM_CPD_IP,
DTV001,KPI_ReachM_CPD_IP,
DDJ001,KPI_ReachM_CPD_IP,35970
DAL001,KPI_ReachM_CPD_IP,225
DGR001,KPI_ReachM_CPD_IP,59139
DCF001,KPI_ReachM_CPD_IP,9110
DID001,KPI_ReachM_CPD_IP,1686
DKH001,KPI_ReachM_CPD_IP,10430
DBY001,KPI_ReachM_CPD_IP,228
DMU001,KPI_ReachM_CPD_IP,10
DBI001,KPI_ReachM_CPD_IP,65186
DTR001,KPI_ReachM_CPD_IP,4833924
DZW001,KPI_ReachM_CPD_IP,6433
DLK001,KPI_ReachM_CPD_IP,96000
DSB001,KPI_ReachM_CPD_IP,
DBE001,KPI_ReachM_CPD_IP,
DFI001,KPI_ReachM_CPD_IP,50851
DTH001,KPI_ReachM_CPD_IP,49281
DAR001,KPI_ReachM_CPD_IP,1694
DNA001,KPI_ReachM_CPD_IP,2425
DSV001,KPI_ReachM_CPD_IP,3512
DZM001,KPI_ReachM_CPD_IP,76085
DMC001,KPI_ReachM_CPD_IP,10269
DBA001,KPI_ReachM_CPD_IP,27815
DBS001,KPI_ReachM_CPD_IP,128
DLS001,KPI_ReachM_CPD_IP,12
DEG001,KPI_ReachM_CPD_IP,1056909
DNE001,KPI_ReachM_CPD_IP,48812
DGH001,KPI_ReachM_CPD_IP,84
DLT001,KPI_ReachM_CPD_IP,15954
DMD001,KPI_ReachM_CPD_IP,31141
DMY001,KPI_ReachM_CPD_IP,8463
DCR001,KPI_ReachM_CPD_IP,43662
DGY001,KPI_ReachM_CPD_IP,204
DRS001,KPI_ReachM_CPD_IP,20392
DJO001,KPI_ReachM_CPD_IP,29945
DIE001,KPI_ReachM_CPD_IP,20062
DTN001,KPI_ReachM_CPD_IP,
DBJ001,KPI_ReachM_CPD_IP,63000
DMT001,KPI_ReachM_CPD_IP,
DGQ001,KPI_ReachM_CPD_IP,
DAM001,KPI_ReachM_CPD_IP,120000
DMX001,KPI_ReachM_CPD_IP,20096
DNI001,KPI_ReachM_CPD_IP,13
DIN001,KPI_ReachM_CPD_IP,4982
DLB001,KPI_ReachM_CPD_IP,
DMV001,KPI_ReachM_CPD_IP,3336
DRW001,KPI_ReachM_CPD_IP,127683
DHT001,KPI_ReachM_CPD_IP,
DAT001,KPI_ReachM_CPD_IP,8100
DSI001,KPI_ReachM_CPD_IP,8421
DUA001,KPI_ReachM_CPD_IP,396387
DUS001,KPI_ReachM_CPD_IP,
DBG001,KPI_ReachM_CPD_IP,247399
DKI001,KPI_ReachM_CPD_IP,
DMR001,KPI_ReachM_CPD_IP,2495
DCV001,KPI_ReachM_CPD_IP,
DJM001,KPI_ReachM_CPD_IP,37
DKM001,KPI_ReachM_CPD_IP,4408
DST001,KPI_ReachM_CPD_IP,
DME001,KPI_ReachM_CPD_IP,4612
DCI001,KPI_ReachM_CPD_IP,85
DDZ001,KPI_ReachM_CPD_IP,
DSN001,KPI_ReachM_CPD_IP,20138
DIS001,KPI_ReachM_CPD_IP,5000
DBR001,KPI_ReachM_CPD_IP,9944
DAD001,KPI_ReachM_CPD_IP,
DPT001,KPI_ReachM_CPD_IP,1340
DNO001,KPI_ReachM_CPD_IP,40099
DAO001,KPI_ReachM_CPD_IP,13920
DKG001,KPI_ReachM_CPD_IP,3656
DRU001,KPI_ReachM_CPD_IP,300000
DSK001,KPI_ReachM_CPD_IP,11009
DCZ001,KPI_ReachM_CPD_IP,223396
DGM001,KPI_ReachM_CPD_IP,16624
DKN001,KPI_ReachM_CPD_IP,40
DCN001,KPI_ReachM_CPD_IP,
DTO001,KPI_ReachM_CPD_IP,
DET001,KPI_ReachM_CPD_IP,410424
DRO001,KPI_ReachM_CPD_IP,200000
DVN001,KPI_ReachM_CPD_IP,
DCU001,KPI_ReachM_CPD_IP,1593
DMH001,KPI_ReachM_CPD_IP,
DSA001,KPI_ReachM_CPD_IP,21
DMM001,KPI_ReachM_CPD_IP,54213
DLC001,KPI_ReachM_CPD_IP,
DML001,KPI_ReachM_CPD_IP,8390
DVE001,KPI_ReachM_CPD_IP,83974
DPW001,KPI_ReachM_CPD_IP,13
DMA001,KPI_ReachM_CPD_IP,3000
DTT001,KPI_ReachM_CPD_IP,882
DDE001,KPI_ReachM_CPD_IP,
DTL001,KPI_ReachM_CPD_IP,
DPK001,KPI_ReachM_CPD_IP,172112
DAF001,KPI_ReachM_CPD_IP,112559
DPL001,KPI_ReachM_CPD_IP,350000
DBW001,KPI_ReachM_CPD_IP,5422
DJP001,KPI_ReachM_CPD_IP,
DAZ001,KPI_ReachM_CPD_IP,1257
DEC001,KPI_ReachM_CPD_IP,50000
DAE001,KPI_ReachM_CPD_IP,
DQA001,KPI_ReachM_CPD_IP,
DKP001,KPI_ReachM_CPD_IP,
DDO001,KPI_ReachM_CPD_IP,38738
DLA001,KPI_ReachM_CPD_IP,36
DBO001,KPI_ReachM_CPD_IP,9348
DGA001,KPI_ReachM_CPD_IP,
DKE001,KPI_ReachM_CPD_IP,215443
DCG001,KPI_ReachM_CPD_IP,16700
DNL001,KPI_ReachM_CPD_IP,28967
DBF001,KPI_ReachM_CPD_IP,1678
DMZ001,KPI_ReachM_CPD_IP,223262
DSL001,KPI_ReachM_CPD_IP,
DZA001,KPI_ReachM_CPD_IP,11936
DPY001,KPI_ReachM_CPD_IP,
DSG001,KPI_ReachM_CPD_IP,14287
DBZ001,KPI_ReachM_CPD_IP,1942
DKZ001,KPI_ReachM_CPD_IP,2414
DHR001,KPI_ReachM_CPD_IP,53816
DMN001,KPI_ReachM_CPD_IP,2635
DES001,KPI_ReachM_CPD_IP,253376
DCY001,KPI_ReachM_CPD_IP,5385
DSC001,KPI_ReachM_CPD_IP,
DAG001,KPI_ReachM_CPD_IP,
DLR001,KPI_ReachM_CPD_IP,
DKR001,KPI_ReachM_CPD_IP,62
DGE001,KPI_ReachM_CPD_IP,1146
DPE001,KPI_ReachM_CPD_IP,46946
DTZ001,KPI_ReachM_CPD_IP,81053
DFJ001,KPI_ReachM_CPD_IP,
DAU001,KPI_ReachM_CPD_IP,90648
DEE001,KPI_ReachM_CPD_IP,
DSM001,KPI_ReachM_CPD_IP,
DCL001,KPI_ReachM_CPD_IP,3860
DNZ001,KPI_ReachM_CPD_IP,2956
DPG001,KPI_ReachM_CPD_IP,
DGB001,KPI_ReachM_CPD_IP,41349
DNP001,KPI_ReachM_CPD_IP,2355
DTJ001,KPI_ReachM_CPD_IP,14840
DYE001,KPI_ReachM_CPD_IP,437814
DBH001,KPI_ReachM_CPD_IP,
DTG001,KPI_ReachM_CPD_IP,24080
DLU001,KPI_ReachM_CPD_IP,9729
DUG001,KPI_ReachM_CPD_IP,106370
DSR001,KPI_ReachM_CPD_IP,
DFR001,KPI_ReachM_CPD_IP,
DGD001,KPI_ReachM_CPD_IP,
DMW001,KPI_ReachM_CPD_IP,26000
DLV001,KPI_ReachM_CPD_IP,17000
DMK001,KPI_ReachM_CPD_IP,17713
DPH001,KPI_ReachM_CPD_IP,
DKW001,KPI_ReachM_CPD_IP,
DUY001,KPI_ReachM_CPD_IP,
DWS001,KPI_ReachM_CPD_IP,9122
DGN001,KPI_ReachM_CPD_IP,
DIT001,KPI_ReachM_CPD_IP,122396
DIL001,KPI_ReachM_CPD_IP,2
DCA001,KPI_ReachM_CPD_IP,21075
DLY001,KPI_ReachM_CPD_IP,1500
DCH001,KPI_ReachM_CPD_IP,124652
DIQ001,KPI_ReachM_CPD_IP,161
DSY001,KPI_ReachM_CPD_IP,
DVU001,KPI_ReachM_CPD_IP,
DHN001,KPI_ReachM_CPD_IP,149628
DFM001,KPI_ReachM_CPD_IP,
DCD001,KPI_ReachM_CPD_IP,269860
DLI001,KPI_ReachM_CPD_IP,20
DBN001,KPI_ReachM_CPD_IP,
DGW001,KPI_ReachM_CPD_IP,
DDK001,KPI_ReachM_CPD_IP,14306
DNG001,KPI_ReachM_CPD_IP,14890
DSS001,KPI_ReachM_CPD_IP,86536
DTD001,KPI_ReachM_CPD_IP,13044
DCO001,KPI_ReachM_CPD_IP,462955
DSE001,KPI_ReachRCRCEd_CPD_IP,
DIR001,KPI_ReachRCRCEd_CPD_IP,
DBD001,KPI_ReachRCRCEd_CPD_IP,54186
DPA001,KPI_ReachRCRCEd_CPD_IP,2414
DTM001,KPI_ReachRCRCEd_CPD_IP,107239
DGT001,KPI_ReachRCRCEd_CPD_IP,
DSD001,KPI_ReachRCRCEd_CPD_IP,8816
DHU001,KPI_ReachRCRCEd_CPD_IP,
DSZ001,KPI_ReachRCRCEd_CPD_IP,108
DTV001,KPI_ReachRCRCEd_CPD_IP,300
DDJ001,KPI_ReachRCRCEd_CPD_IP,
DAL001,KPI_ReachRCRCEd_CPD_IP,20000
DGR001,KPI_ReachRCRCEd_CPD_IP,5766
DCF001,KPI_ReachRCRCEd_CPD_IP,797
DID001,KPI_ReachRCRCEd_CPD_IP,527247
DKH001,KPI_ReachRCRCEd_CPD_IP,
DBY001,KPI_ReachRCRCEd_CPD_IP,20481
DMU001,KPI_ReachRCRCEd_CPD_IP,496
DBI001,KPI_ReachRCRCEd_CPD_IP,
DTR001,KPI_ReachRCRCEd_CPD_IP,146726
DLK001,KPI_ReachRCRCEd_CPD_IP,
DSB001,KPI_ReachRCRCEd_CPD_IP,
DBE001,KPI_ReachRCRCEd_CPD_IP,
DFI001,KPI_ReachRCRCEd_CPD_IP,
DTH001,KPI_ReachRCRCEd_CPD_IP,52932
DAR001,KPI_ReachRCRCEd_CPD_IP,13999
DNA001,KPI_ReachRCRCEd_CPD_IP,
DSV001,KPI_ReachRCRCEd_CPD_IP,
DZM001,KPI_ReachRCRCEd_CPD_IP,300
DMC001,KPI_ReachRCRCEd_CPD_IP,
DBA001,KPI_ReachRCRCEd_CPD_IP,72
DBS001,KPI_ReachRCRCEd_CPD_IP,
DLS001,KPI_ReachRCRCEd_CPD_IP,334
DEG001,KPI_ReachRCRCEd_CPD_IP,
DGH001,KPI_ReachRCRCEd_CPD_IP,
DLT001,KPI_ReachRCRCEd_CPD_IP,76
DMD001,KPI_ReachRCRCEd_CPD_IP,
DMY001,KPI_ReachRCRCEd_CPD_IP,
DCR001,KPI_ReachRCRCEd_CPD_IP,8407
DGY001,KPI_ReachRCRCEd_CPD_IP,31
DRS001,KPI_ReachRCRCEd_CPD_IP,27147
DJO001,KPI_ReachRCRCEd_CPD_IP,211
DIE001,KPI_ReachRCRCEd_CPD_IP,1064
DTN001,KPI_ReachRCRCEd_CPD_IP,
DBJ001,KPI_ReachRCRCEd_CPD_IP,350
DMT001,KPI_ReachRCRCEd_CPD_IP,
DGQ001,KPI_ReachRCRCEd_CPD_IP,
DAM001,KPI_ReachRCRCEd_CPD_IP,7741
DMX001,KPI_ReachRCRCEd_CPD_IP,1428
DNI001,KPI_ReachRCRCEd_CPD_IP,
DIN001,KPI_ReachRCRCEd_CPD_IP,543362
DLB001,KPI_ReachRCRCEd_CPD_IP,
DMV001,KPI_ReachRCRCEd_CPD_IP,33372
DRW001,KPI_ReachRCRCEd_CPD_IP,18629
DHT001,KPI_ReachRCRCEd_CPD_IP,
DAT001,KPI_ReachRCRCEd_CPD_IP,163618
DSI001,KPI_ReachRCRCEd_CPD_IP,1225
DUA001,KPI_ReachRCRCEd_CPD_IP,
DUS001,KPI_ReachRCRCEd_CPD_IP,7120925
DBG001,KPI_ReachRCRCEd_CPD_IP,391198
DKI001,KPI_ReachRCRCEd_CPD_IP,122
DMR001,KPI_ReachRCRCEd_CPD_IP,
DUZ001,KPI_ReachRCRCEd_CPD_IP,105053
DCV001,KPI_ReachRCRCEd_CPD_IP,509
DJM001,KPI_ReachRCRCEd_CPD_IP,
DST001,KPI_ReachRCRCEd_CPD_IP,
DME001,KPI_ReachRCRCEd_CPD_IP,5546
DCI001,KPI_ReachRCRCEd_CPD_IP,428
DDZ001,KPI_ReachRCRCEd_CPD_IP,
DSN001,KPI_ReachRCRCEd_CPD_IP,650
DIS001,KPI_ReachRCRCEd_CPD_IP,
DBR001,KPI_ReachRCRCEd_CPD_IP,25167
DAD001,KPI_ReachRCRCEd_CPD_IP,
DPT001,KPI_ReachRCRCEd_CPD_IP,
DNO001,KPI_ReachRCRCEd_CPD_IP,
DAO001,KPI_ReachRCRCEd_CPD_IP,
DVC001,KPI_ReachRCRCEd_CPD_IP,300
DKG001,KPI_ReachRCRCEd_CPD_IP,449897
DRU001,KPI_ReachRCRCEd_CPD_IP,21451
DSK001,KPI_ReachRCRCEd_CPD_IP,9856
DCZ001,KPI_ReachRCRCEd_CPD_IP,30056
DGM001,KPI_ReachRCRCEd_CPD_IP,311
DKN001,KPI_ReachRCRCEd_CPD_IP,1200
DCN001,KPI_ReachRCRCEd_CPD_IP,1951
DTO001,KPI_ReachRCRCEd_CPD_IP,1363
DRO001,KPI_ReachRCRCEd_CPD_IP,
DVN001,KPI_ReachRCRCEd_CPD_IP,
DCU001,KPI_ReachRCRCEd_CPD_IP,366843
DMH001,KPI_ReachRCRCEd_CPD_IP,1568
DSA001,KPI_ReachRCRCEd_CPD_IP,
DMM001,KPI_ReachRCRCEd_CPD_IP,132564
DLC001,KPI_ReachRCRCEd_CPD_IP,
DML001,KPI_ReachRCRCEd_CPD_IP,6900
DVE001,KPI_ReachRCRCEd_CPD_IP,
DPW001,KPI_ReachRCRCEd_CPD_IP,1310
DMA001,KPI_ReachRCRCEd_CPD_IP,120000
DTT001,KPI_ReachRCRCEd_CPD_IP,1667
DDE001,KPI_ReachRCRCEd_CPD_IP,
DTL001,KPI_ReachRCRCEd_CPD_IP,3587
DPK001,KPI_ReachRCRCEd_CPD_IP,
DAF001,KPI_ReachRCRCEd_CPD_IP,
DPL001,KPI_ReachRCRCEd_CPD_IP,
DBW001,KPI_ReachRCRCEd_CPD_IP,383
DJP001,KPI_ReachRCRCEd_CPD_IP,
DAZ001,KPI_ReachRCRCEd_CPD_IP,13715
DEC001,KPI_ReachRCRCEd_CPD_IP,
DAE001,KPI_ReachRCRCEd_CPD_IP,
DQA001,KPI_ReachRCRCEd_CPD_IP,
DKP001,KPI_ReachRCRCEd_CPD_IP,
DDO001,KPI_ReachRCRCEd_CPD_IP,84
DLA001,KPI_ReachRCRCEd_CPD_IP,
DBO001,KPI_ReachRCRCEd_CPD_IP,5100
DGA001,KPI_ReachRCRCEd_CPD_IP,
DKE001,KPI_ReachRCRCEd_CPD_IP,
DBT001,KPI_ReachRCRCEd_CPD_IP,
DCG001,KPI_ReachRCRCEd_CPD_IP,77201
DNL001,KPI_ReachRCRCEd_CPD_IP,
DBF001,KPI_ReachRCRCEd_CPD_IP,310331
DMZ001,KPI_ReachRCRCEd_CPD_IP,
DSL001,KPI_ReachRCRCEd_CPD_IP,37101
DZA001,KPI_ReachRCRCEd_CPD_IP,3068305
DPY001,KPI_ReachRCRCEd_CPD_IP,123
DSG001,KPI_ReachRCRCEd_CPD_IP,
DKZ001,KPI_ReachRCRCEd_CPD_IP,130
DHR001,KPI_ReachRCRCEd_CPD_IP,441952
DMN001,KPI_ReachRCRCEd_CPD_IP,500574
DES001,KPI_ReachRCRCEd_CPD_IP,1616347
DCY001,KPI_ReachRCRCEd_CPD_IP,331
DSC001,KPI_ReachRCRCEd_CPD_IP,
DAG001,KPI_ReachRCRCEd_CPD_IP,
DLR001,KPI_ReachRCRCEd_CPD_IP,66023
DKR001,KPI_ReachRCRCEd_CPD_IP,34466
DGE001,KPI_ReachRCRCEd_CPD_IP,28800
DTZ001,KPI_ReachRCRCEd_CPD_IP,228474
DDM001,KPI_ReachRCRCEd_CPD_IP,50
DFJ001,KPI_ReachRCRCEd_CPD_IP,406200
DPS001,KPI_ReachRCRCEd_CPD_IP,201
DSM001,KPI_ReachRCRCEd_CPD_IP,
DCL001,KPI_ReachRCRCEd_CPD_IP,
DNZ001,KPI_ReachRCRCEd_CPD_IP,
DPG001,KPI_ReachRCRCEd_CPD_IP,827
DGB001,KPI_ReachRCRCEd_CPD_IP,
DNP001,KPI_ReachRCRCEd_CPD_IP,72142
DTJ001,KPI_ReachRCRCEd_CPD_IP,420
DYE001,KPI_ReachRCRCEd_CPD_IP,23740
DBH001,KPI_ReachRCRCEd_CPD_IP,69
DTG001,KPI_ReachRCRCEd_CPD_IP,
DLU001,KPI_ReachRCRCEd_CPD_IP,12793
DUG001,KPI_ReachRCRCEd_CPD_IP,14177
DSR001,KPI_ReachRCRCEd_CPD_IP,
DFR001,KPI_ReachRCRCEd_CPD_IP,
DGD001,KPI_ReachRCRCEd_CPD_IP,
DMW001,KPI_ReachRCRCEd_CPD_IP,8922631
DLV001,KPI_ReachRCRCEd_CPD_IP,
DMK001,KPI_ReachRCRCEd_CPD_IP,50300
DPH001,KPI_ReachRCRCEd_CPD_IP,
DKW001,KPI_ReachRCRCEd_CPD_IP,3197
DBB001,KPI_ReachRCRCEd_CPD_IP,
DUY001,KPI_ReachRCRCEd_CPD_IP,13
DWS001,KPI_ReachRCRCEd_CPD_IP,56070
DGN001,KPI_ReachRCRCEd_CPD_IP,
DIT001,KPI_ReachRCRCEd_CPD_IP,15481
DIL001,KPI_ReachRCRCEd_CPD_IP,
DCA001,KPI_ReachRCRCEd_CPD_IP,1486394
DLY001,KPI_ReachRCRCEd_CPD_IP,
DCH001,KPI_ReachRCRCEd_CPD_IP,
DIQ001,KPI_ReachRCRCEd_CPD_IP,
DSY001,KPI_ReachRCRCEd_CPD_IP,
DVU001,KPI_ReachRCRCEd_CPD_IP,
DHN001,KPI_ReachRCRCEd_CPD_IP,22587
DFM001,KPI_ReachRCRCEd_CPD_IP,
DCD001,KPI_ReachRCRCEd_CPD_IP,258721
DLI001,KPI_ReachRCRCEd_CPD_IP,
DBN001,KPI_ReachRCRCEd_CPD_IP,
DGW001,KPI_ReachRCRCEd_CPD_IP,
DDK001,KPI_ReachRCRCEd_CPD_IP,
DSS001,KPI_ReachRCRCEd_CPD_IP,
DTD001,KPI_ReachRCRCEd_CPD_IP,2388
DCO001,KPI_ReachRCRCEd_CPD_IP,88055
DSE001,KPI_ReachS_CPD_IP,
DIR001,KPI_ReachS_CPD_IP,136646
DBD001,KPI_ReachS_CPD_IP,37873
DPA001,KPI_ReachS_CPD_IP,9300
DSO001,KPI_ReachS_CPD_IP,29550
DTM001,KPI_ReachS_CPD_IP,
DGT001,KPI_ReachS_CPD_IP,
DSD001,KPI_ReachS_CPD_IP,46600
DHU001,KPI_ReachS_CPD_IP,6141
DSZ001,KPI_ReachS_CPD_IP,25
DTV001,KPI_ReachS_CPD_IP,134
DDJ001,KPI_ReachS_CPD_IP,12476
DAL001,KPI_ReachS_CPD_IP,2500
DGR001,KPI_ReachS_CPD_IP,346
DCF001,KPI_ReachS_CPD_IP,2702
DID001,KPI_ReachS_CPD_IP,4626
DKH001,KPI_ReachS_CPD_IP,704
DBY001,KPI_ReachS_CPD_IP,188
DMU001,KPI_ReachS_CPD_IP,
DBI001,KPI_ReachS_CPD_IP,31605
DTR001,KPI_ReachS_CPD_IP,169960
DZW001,KPI_ReachS_CPD_IP,
DLK001,KPI_ReachS_CPD_IP,
DSB001,KPI_ReachS_CPD_IP,76
DBE001,KPI_ReachS_CPD_IP,
DFI001,KPI_ReachS_CPD_IP,
DTH001,KPI_ReachS_CPD_IP,11516
DAR001,KPI_ReachS_CPD_IP,8252
DNA001,KPI_ReachS_CPD_IP,
DSV001,KPI_ReachS_CPD_IP,
DZM001,KPI_ReachS_CPD_IP,8765
DMC001,KPI_ReachS_CPD_IP,
DBA001,KPI_ReachS_CPD_IP,157710
DBS001,KPI_ReachS_CPD_IP,9276
DLS001,KPI_ReachS_CPD_IP,15
DNE001,KPI_ReachS_CPD_IP,420
DGH001,KPI_ReachS_CPD_IP,146
DLT001,KPI_ReachS_CPD_IP,
DMD001,KPI_ReachS_CPD_IP,3800
DMY001,KPI_ReachS_CPD_IP,
DCR001,KPI_ReachS_CPD_IP,
DGY001,KPI_ReachS_CPD_IP,
DRS001,KPI_ReachS_CPD_IP,
DJO001,KPI_ReachS_CPD_IP,
DIE001,KPI_ReachS_CPD_IP,10223
DTN001,KPI_ReachS_CPD_IP,10000
DBJ001,KPI_ReachS_CPD_IP,46200
DMT001,KPI_ReachS_CPD_IP,
DGQ001,KPI_ReachS_CPD_IP,
DAM001,KPI_ReachS_CPD_IP,119421
DMX001,KPI_ReachS_CPD_IP,
DNI001,KPI_ReachS_CPD_IP,16882
DIN001,KPI_ReachS_CPD_IP,65914
DLB001,KPI_ReachS_CPD_IP,954
DRW001,KPI_ReachS_CPD_IP,9946
DHT001,KPI_ReachS_CPD_IP,5000
DAT001,KPI_ReachS_CPD_IP,
DSI001,KPI_ReachS_CPD_IP,1800
DUA001,KPI_ReachS_CPD_IP,2068452
DUS001,KPI_ReachS_CPD_IP,306556
DBG001,KPI_ReachS_CPD_IP,102380
DKI001,KPI_ReachS_CPD_IP,77
DMR001,KPI_ReachS_CPD_IP,
DCV001,KPI_ReachS_CPD_IP,
DJM001,KPI_ReachS_CPD_IP,
DST001,KPI_ReachS_CPD_IP,30
DCI001,KPI_ReachS_CPD_IP,
DDZ001,KPI_ReachS_CPD_IP,
DSN001,KPI_ReachS_CPD_IP,2731
DIS001,KPI_ReachS_CPD_IP,10302
DBR001,KPI_ReachS_CPD_IP,
DAD001,KPI_ReachS_CPD_IP,
DPT001,KPI_ReachS_CPD_IP,
DNO001,KPI_ReachS_CPD_IP,
DKG001,KPI_ReachS_CPD_IP,573
DRU001,KPI_ReachS_CPD_IP,
DSK001,KPI_ReachS_CPD_IP,1398
DCZ001,KPI_ReachS_CPD_IP,
DGM001,KPI_ReachS_CPD_IP,984
DKN001,KPI_ReachS_CPD_IP,
DCN001,KPI_ReachS_CPD_IP,15000
DTO001,KPI_ReachS_CPD_IP,232
DET001,KPI_ReachS_CPD_IP,808286
DRO001,KPI_ReachS_CPD_IP,6872
DVN001,KPI_ReachS_CPD_IP,1177
DCU001,KPI_ReachS_CPD_IP,
DMH001,KPI_ReachS_CPD_IP,1188
DSA001,KPI_ReachS_CPD_IP,
DMM001,KPI_ReachS_CPD_IP,12289
DLC001,KPI_ReachS_CPD_IP,150
DML001,KPI_ReachS_CPD_IP,15228
DVE001,KPI_ReachS_CPD_IP,7000
DPW001,KPI_ReachS_CPD_IP,13
DTT001,KPI_ReachS_CPD_IP,
DDE001,KPI_ReachS_CPD_IP,376525
DTL001,KPI_ReachS_CPD_IP,
DPK001,KPI_ReachS_CPD_IP,
DAF001,KPI_ReachS_CPD_IP,2082
DPL001,KPI_ReachS_CPD_IP,1064
DBW001,KPI_ReachS_CPD_IP,
DJP001,KPI_ReachS_CPD_IP,
DAZ001,KPI_ReachS_CPD_IP,
DEC001,KPI_ReachS_CPD_IP,
DAE001,KPI_ReachS_CPD_IP,
DQA001,KPI_ReachS_CPD_IP,
DKP001,KPI_ReachS_CPD_IP,
DDO001,KPI_ReachS_CPD_IP,
DLA001,KPI_ReachS_CPD_IP,
DGA001,KPI_ReachS_CPD_IP,1200
DKE001,KPI_ReachS_CPD_IP,129426
DCG001,KPI_ReachS_CPD_IP,
DNL001,KPI_ReachS_CPD_IP,12256
DBF001,KPI_ReachS_CPD_IP,518238
DMZ001,KPI_ReachS_CPD_IP,106261
DSL001,KPI_ReachS_CPD_IP,
DZA001,KPI_ReachS_CPD_IP,36488
DPY001,KPI_ReachS_CPD_IP,
DSG001,KPI_ReachS_CPD_IP,114
DKZ001,KPI_ReachS_CPD_IP,
DHR001,KPI_ReachS_CPD_IP,465
DMN001,KPI_ReachS_CPD_IP,2635
DES001,KPI_ReachS_CPD_IP,
DCY001,KPI_ReachS_CPD_IP,
DSC001,KPI_ReachS_CPD_IP,384
DAG001,KPI_ReachS_CPD_IP,
DLR001,KPI_ReachS_CPD_IP,1250
DKR001,KPI_ReachS_CPD_IP,34392
DGE001,KPI_ReachS_CPD_IP,1300
DTZ001,KPI_ReachS_CPD_IP,57584
DDM001,KPI_ReachS_CPD_IP,40
DFJ001,KPI_ReachS_CPD_IP,6360
DAU001,KPI_ReachS_CPD_IP,6504
DEE001,KPI_ReachS_CPD_IP,
DPS001,KPI_ReachS_CPD_IP,1328946
DSM001,KPI_ReachS_CPD_IP,
DCL001,KPI_ReachS_CPD_IP,
DNZ001,KPI_ReachS_CPD_IP,24102
DPG001,KPI_ReachS_CPD_IP,5111
DGB001,KPI_ReachS_CPD_IP,
DNP001,KPI_ReachS_CPD_IP,18320
DTJ001,KPI_ReachS_CPD_IP,3504
DYE001,KPI_ReachS_CPD_IP,229824
DBH001,KPI_ReachS_CPD_IP,
DTG001,KPI_ReachS_CPD_IP,2500
DLU001,KPI_ReachS_CPD_IP,10429
DUG001,KPI_ReachS_CPD_IP,582
DSR001,KPI_ReachS_CPD_IP,
DFR001,KPI_ReachS_CPD_IP,10431
DGD001,KPI_ReachS_CPD_IP,
DMW001,KPI_ReachS_CPD_IP,8236375
DLV001,KPI_ReachS_CPD_IP,
DMK001,KPI_ReachS_CPD_IP,50
DPH001,KPI_ReachS_CPD_IP,13203
DKW001,KPI_ReachS_CPD_IP,
DBB001,KPI_ReachS_CPD_IP,
DUY001,KPI_ReachS_CPD_IP,90
DWS001,KPI_ReachS_CPD_IP,173368
DGN001,KPI_ReachS_CPD_IP,15869
DIT001,KPI_ReachS_CPD_IP,
DIL001,KPI_ReachS_CPD_IP,
DCA001,KPI_ReachS_CPD_IP,13944
DCH001,KPI_ReachS_CPD_IP,
DIQ001,KPI_ReachS_CPD_IP,350
DSY001,KPI_ReachS_CPD_IP,23230
DVU001,KPI_ReachS_CPD_IP,1573
DHN001,KPI_ReachS_CPD_IP,
DFM001,KPI_ReachS_CPD_IP,
DCD001,KPI_ReachS_CPD_IP,21334
DLI001,KPI_ReachS_CPD_IP,
DMG001,KPI_ReachS_CPD_IP,48631
DBN001,KPI_ReachS_CPD_IP,
DGW001,KPI_ReachS_CPD_IP,3500
DDK001,KPI_ReachS_CPD_IP,
DNG001,KPI_ReachS_CPD_IP,67454
DSS001,KPI_ReachS_CPD_IP,48601
DTD001,KPI_ReachS_CPD_IP,5647
DCO001,KPI_ReachS_CPD_IP,18497
DSE001,KPI_ReachSI_CPD_IP,
DIR001,KPI_ReachSI_CPD_IP,59187
DBD001,KPI_ReachSI_CPD_IP,188933
DPA001,KPI_ReachSI_CPD_IP,67685
DSO001,KPI_ReachSI_CPD_IP,8700
DTM001,KPI_ReachSI_CPD_IP,5025
DGT001,KPI_ReachSI_CPD_IP,388
DSD001,KPI_ReachSI_CPD_IP,16968
DHU001,KPI_ReachSI_CPD_IP,
DSZ001,KPI_ReachSI_CPD_IP,
DTV001,KPI_ReachSI_CPD_IP,
DDJ001,KPI_ReachSI_CPD_IP,
DAL001,KPI_ReachSI_CPD_IP,3355
DGR001,KPI_ReachSI_CPD_IP,91730
DCF001,KPI_ReachSI_CPD_IP,1561
DID001,KPI_ReachSI_CPD_IP,3231
DKH001,KPI_ReachSI_CPD_IP,1179
DBY001,KPI_ReachSI_CPD_IP,1293
DMU001,KPI_ReachSI_CPD_IP,
DBI001,KPI_ReachSI_CPD_IP,324289
DTR001,KPI_ReachSI_CPD_IP,179686
DZW001,KPI_ReachSI_CPD_IP,932
DLK001,KPI_ReachSI_CPD_IP,
DSB001,KPI_ReachSI_CPD_IP,285
DBE001,KPI_ReachSI_CPD_IP,
DFI001,KPI_ReachSI_CPD_IP,
DTH001,KPI_ReachSI_CPD_IP,455
DAR001,KPI_ReachSI_CPD_IP,3404
DNA001,KPI_ReachSI_CPD_IP,
DSV001,KPI_ReachSI_CPD_IP,29268
DZM001,KPI_ReachSI_CPD_IP,
DMC001,KPI_ReachSI_CPD_IP,
DBA001,KPI_ReachSI_CPD_IP,1301
DBS001,KPI_ReachSI_CPD_IP,10142
DLS001,KPI_ReachSI_CPD_IP,12850
DEG001,KPI_ReachSI_CPD_IP,10000
DNE001,KPI_ReachSI_CPD_IP,768
DGH001,KPI_ReachSI_CPD_IP,
DLT001,KPI_ReachSI_CPD_IP,9570
DMD001,KPI_ReachSI_CPD_IP,2926
DMY001,KPI_ReachSI_CPD_IP,37
DCR001,KPI_ReachSI_CPD_IP,24
DGY001,KPI_ReachSI_CPD_IP,1105
DRS001,KPI_ReachSI_CPD_IP,38098
DJO001,KPI_ReachSI_CPD_IP,524
DIE001,KPI_ReachSI_CPD_IP,
DTN001,KPI_ReachSI_CPD_IP,2500
DBJ001,KPI_ReachSI_CPD_IP,154
DMT001,KPI_ReachSI_CPD_IP,
DGQ001,KPI_ReachSI_CPD_IP,
DAM001,KPI_ReachSI_CPD_IP,2501726
DMX001,KPI_ReachSI_CPD_IP,167859
DNI001,KPI_ReachSI_CPD_IP,263
DIN001,KPI_ReachSI_CPD_IP,639
DLB001,KPI_ReachSI_CPD_IP,
DMV001,KPI_ReachSI_CPD_IP,5610
DRW001,KPI_ReachSI_CPD_IP,51945
DHT001,KPI_ReachSI_CPD_IP,
DAT001,KPI_ReachSI_CPD_IP,37670
DSI001,KPI_ReachSI_CPD_IP,
DUA001,KPI_ReachSI_CPD_IP,41520
DUS001,KPI_ReachSI_CPD_IP,
DBG001,KPI_ReachSI_CPD_IP,171946
DKI001,KPI_ReachSI_CPD_IP,122
DMR001,KPI_ReachSI_CPD_IP,
DUZ001,KPI_ReachSI_CPD_IP,42800
DCV001,KPI_ReachSI_CPD_IP,
DJM001,KPI_ReachSI_CPD_IP,37
DKM001,KPI_ReachSI_CPD_IP,32842
DST001,KPI_ReachSI_CPD_IP,
DME001,KPI_ReachSI_CPD_IP,9942
DCI001,KPI_ReachSI_CPD_IP,1614
DDZ001,KPI_ReachSI_CPD_IP,
DSN001,KPI_ReachSI_CPD_IP,
DIS001,KPI_ReachSI_CPD_IP,
DBR001,KPI_ReachSI_CPD_IP,274616
DAD001,KPI_ReachSI_CPD_IP,
DPT001,KPI_ReachSI_CPD_IP,
DNO001,KPI_ReachSI_CPD_IP,127990
DAO001,KPI_ReachSI_CPD_IP,32050
DVC001,KPI_ReachSI_CPD_IP,15
DKG001,KPI_ReachSI_CPD_IP,192438
DRU001,KPI_ReachSI_CPD_IP,24128
DSK001,KPI_ReachSI_CPD_IP,8553
DCZ001,KPI_ReachSI_CPD_IP,28
DGM001,KPI_ReachSI_CPD_IP,1589
DKN001,KPI_ReachSI_CPD_IP,
DCN001,KPI_ReachSI_CPD_IP,
DTO001,KPI_ReachSI_CPD_IP,
DET001,KPI_ReachSI_CPD_IP,172398
DRO001,KPI_ReachSI_CPD_IP,
DVN001,KPI_ReachSI_CPD_IP,
DCU001,KPI_ReachSI_CPD_IP,31387
DMH001,KPI_ReachSI_CPD_IP,1568
DSA001,KPI_ReachSI_CPD_IP,
DMM001,KPI_ReachSI_CPD_IP,621
DLC001,KPI_ReachSI_CPD_IP,
DML001,KPI_ReachSI_CPD_IP,42659
DVE001,KPI_ReachSI_CPD_IP,2639
DPW001,KPI_ReachSI_CPD_IP,679
DTT001,KPI_ReachSI_CPD_IP,1000
DDE001,KPI_ReachSI_CPD_IP,
DTL001,KPI_ReachSI_CPD_IP,131
DPK001,KPI_ReachSI_CPD_IP,1576
DAF001,KPI_ReachSI_CPD_IP,83414
DPL001,KPI_ReachSI_CPD_IP,1371
DBW001,KPI_ReachSI_CPD_IP,18766
DJP001,KPI_ReachSI_CPD_IP,
DAZ001,KPI_ReachSI_CPD_IP,
DEC001,KPI_ReachSI_CPD_IP,49334
DAE001,KPI_ReachSI_CPD_IP,
DQA001,KPI_ReachSI_CPD_IP,1690
DKP001,KPI_ReachSI_CPD_IP,
DDO001,KPI_ReachSI_CPD_IP,13743
DLA001,KPI_ReachSI_CPD_IP,
DBO001,KPI_ReachSI_CPD_IP,4506
DGA001,KPI_ReachSI_CPD_IP,
DKE001,KPI_ReachSI_CPD_IP,589768
DBT001,KPI_ReachSI_CPD_IP,
DCG001,KPI_ReachSI_CPD_IP,150000
DNL001,KPI_ReachSI_CPD_IP,
DBF001,KPI_ReachSI_CPD_IP,2227754
DMZ001,KPI_ReachSI_CPD_IP,106348
DSL001,KPI_ReachSI_CPD_IP,18344
DZA001,KPI_ReachSI_CPD_IP,74068
DPY001,KPI_ReachSI_CPD_IP,1848
DSG001,KPI_ReachSI_CPD_IP,103
DBZ001,KPI_ReachSI_CPD_IP,222
DKZ001,KPI_ReachSI_CPD_IP,
DHR001,KPI_ReachSI_CPD_IP,30423
DMN001,KPI_ReachSI_CPD_IP,27281
DES001,KPI_ReachSI_CPD_IP,50239
DCY001,KPI_ReachSI_CPD_IP,
DSC001,KPI_ReachSI_CPD_IP,
DAG001,KPI_ReachSI_CPD_IP,
DLR001,KPI_ReachSI_CPD_IP,1902
DKR001,KPI_ReachSI_CPD_IP,
DGE001,KPI_ReachSI_CPD_IP,1639
DTZ001,KPI_ReachSI_CPD_IP,1900
DFJ001,KPI_ReachSI_CPD_IP,350
DAU001,KPI_ReachSI_CPD_IP,16999
DEE001,KPI_ReachSI_CPD_IP,
DPS001,KPI_ReachSI_CPD_IP,616
DSM001,KPI_ReachSI_CPD_IP,
DCL001,KPI_ReachSI_CPD_IP,
DNZ001,KPI_ReachSI_CPD_IP,
DPG001,KPI_ReachSI_CPD_IP,827
DGB001,KPI_ReachSI_CPD_IP,
DNP001,KPI_ReachSI_CPD_IP,61355
DTJ001,KPI_ReachSI_CPD_IP,
DYE001,KPI_ReachSI_CPD_IP,9395
DBH001,KPI_ReachSI_CPD_IP,
DTG001,KPI_ReachSI_CPD_IP,18670
DLU001,KPI_ReachSI_CPD_IP,1002
DUG001,KPI_ReachSI_CPD_IP,200691
DSR001,KPI_ReachSI_CPD_IP,
DFR001,KPI_ReachSI_CPD_IP,
DGD001,KPI_ReachSI_CPD_IP,
DMW001,KPI_ReachSI_CPD_IP,8922631
DLV001,KPI_ReachSI_CPD_IP,
DMK001,KPI_ReachSI_CPD_IP,1948
DPH001,KPI_ReachSI_CPD_IP,349750
DKW001,KPI_ReachSI_CPD_IP,
DBB001,KPI_ReachSI_CPD_IP,
DUY001,KPI_ReachSI_CPD_IP,28
DWS001,KPI_ReachSI_CPD_IP,52399
DGN001,KPI_ReachSI_CPD_IP,47830
DIT001,KPI_ReachSI_CPD_IP,92112
DIL001,KPI_ReachSI_CPD_IP,
DCM001,KPI_ReachSI_CPD_IP,117
DCA001,KPI_ReachSI_CPD_IP,
DLY001,KPI_ReachSI_CPD_IP,3600
DCH001,KPI_ReachSI_CPD_IP,
DIQ001,KPI_ReachSI_CPD_IP,806
DSY001,KPI_ReachSI_CPD_IP,652676
DVU001,KPI_ReachSI_CPD_IP,1288
DHN001,KPI_ReachSI_CPD_IP,11537
DFM001,KPI_ReachSI_CPD_IP,
DCD001,KPI_ReachSI_CPD_IP,555863
DLI001,KPI_ReachSI_CPD_IP,
DMG001,KPI_ReachSI_CPD_IP,801
DBN001,KPI_ReachSI_CPD_IP,
DGW001,KPI_ReachSI_CPD_IP,
DDK001,KPI_ReachSI_CPD_IP,
DSS001,KPI_ReachSI_CPD_IP,220657
DTD001,KPI_ReachSI_CPD_IP,48
DCO001,KPI_ReachSI_CPD_IP,1025995
DSE001,KPI_ReachWASH_CPD_IP,
DIR001,KPI_ReachWASH_CPD_IP,134948
DBD001,KPI_ReachWASH_CPD_IP,356242
DPA001,KPI_ReachWASH_CPD_IP,34600
DSO001,KPI_ReachWASH_CPD_IP,37277
DTM001,KPI_ReachWASH_CPD_IP,76792
DGT001,KPI_ReachWASH_CPD_IP,23631
DSD001,KPI_ReachWASH_CPD_IP,86250
DHU001,KPI_ReachWASH_CPD_IP,27660
DSZ001,KPI_ReachWASH_CPD_IP,15810
DTV001,KPI_ReachWASH_CPD_IP,1927
DDJ001,KPI_ReachWASH_CPD_IP,50653
DAL001,KPI_ReachWASH_CPD_IP,1200
DGR001,KPI_ReachWASH_CPD_IP,9386
DCF001,KPI_ReachWASH_CPD_IP,230731
DID001,KPI_ReachWASH_CPD_IP,903225
DKH001,KPI_ReachWASH_CPD_IP,2300
DBY001,KPI_ReachWASH_CPD_IP,3093
DMU001,KPI_ReachWASH_CPD_IP,
DBI001,KPI_ReachWASH_CPD_IP,1226020
DTR001,KPI_ReachWASH_CPD_IP,1753182
DZW001,KPI_ReachWASH_CPD_IP,173500
DLK001,KPI_ReachWASH_CPD_IP,44700
DSB001,KPI_ReachWASH_CPD_IP,
DBE001,KPI_ReachWASH_CPD_IP,
DFI001,KPI_ReachWASH_CPD_IP,
DTH001,KPI_ReachWASH_CPD_IP,29318
DAR001,KPI_ReachWASH_CPD_IP,5050
DNA001,KPI_ReachWASH_CPD_IP,2425
DSV001,KPI_ReachWASH_CPD_IP,19217
DZM001,KPI_ReachWASH_CPD_IP,670826
DMC001,KPI_ReachWASH_CPD_IP,
DBA001,KPI_ReachWASH_CPD_IP,17905
DBS001,KPI_ReachWASH_CPD_IP,5352
DLS001,KPI_ReachWASH_CPD_IP,2706
DEG001,KPI_ReachWASH_CPD_IP,1072038
DNE001,KPI_ReachWASH_CPD_IP,25557
DGH001,KPI_ReachWASH_CPD_IP,63162
DLT001,KPI_ReachWASH_CPD_IP,1965
DMD001,KPI_ReachWASH_CPD_IP,22325
DMY001,KPI_ReachWASH_CPD_IP,13957
DCR001,KPI_ReachWASH_CPD_IP,4749
DGY001,KPI_ReachWASH_CPD_IP,271
DRS001,KPI_ReachWASH_CPD_IP,8728
DJO001,KPI_ReachWASH_CPD_IP,118199
DIE001,KPI_ReachWASH_CPD_IP,
DTN001,KPI_ReachWASH_CPD_IP,10000
DBJ001,KPI_ReachWASH_CPD_IP,463869
DMT001,KPI_ReachWASH_CPD_IP,
DCK001,KPI_ReachWASH_CPD_IP,350
DGQ001,KPI_ReachWASH_CPD_IP,
DAM001,KPI_ReachWASH_CPD_IP,26200
DMX001,KPI_ReachWASH_CPD_IP,11568
DNI001,KPI_ReachWASH_CPD_IP,66311
DIN001,KPI_ReachWASH_CPD_IP,23299
DLB001,KPI_ReachWASH_CPD_IP,231530
DMV001,KPI_ReachWASH_CPD_IP,13282
DRW001,KPI_ReachWASH_CPD_IP,802740
DHT001,KPI_ReachWASH_CPD_IP,4689
DAT001,KPI_ReachWASH_CPD_IP,
DSI001,KPI_ReachWASH_CPD_IP,12090
DUA001,KPI_ReachWASH_CPD_IP,433783
DUS001,KPI_ReachWASH_CPD_IP,
DBG001,KPI_ReachWASH_CPD_IP,130022
DKI001,KPI_ReachWASH_CPD_IP,2464
DMR001,KPI_ReachWASH_CPD_IP,18000
DUZ001,KPI_ReachWASH_CPD_IP,15069
DCV001,KPI_ReachWASH_CPD_IP,
DJM001,KPI_ReachWASH_CPD_IP,
DKM001,KPI_ReachWASH_CPD_IP,11350
DST001,KPI_ReachWASH_CPD_IP,
DME001,KPI_ReachWASH_CPD_IP,20141
DCI001,KPI_ReachWASH_CPD_IP,8775
DDZ001,KPI_ReachWASH_CPD_IP,
DSN001,KPI_ReachWASH_CPD_IP,217306
DIS001,KPI_ReachWASH_CPD_IP,727
DBR001,KPI_ReachWASH_CPD_IP,1142496
DAD001,KPI_ReachWASH_CPD_IP,
DPT001,KPI_ReachWASH_CPD_IP,
DNO001,KPI_ReachWASH_CPD_IP,
DAO001,KPI_ReachWASH_CPD_IP,47428
DVC001,KPI_ReachWASH_CPD_IP,22
DKG001,KPI_ReachWASH_CPD_IP,37711
DRU001,KPI_ReachWASH_CPD_IP,44358
DSK001,KPI_ReachWASH_CPD_IP,52958
DCZ001,KPI_ReachWASH_CPD_IP,
DGM001,KPI_ReachWASH_CPD_IP,12492
DKN001,KPI_ReachWASH_CPD_IP,
DCN001,KPI_ReachWASH_CPD_IP,
DTO001,KPI_ReachWASH_CPD_IP,
DET001,KPI_ReachWASH_CPD_IP,1496682
DRO001,KPI_ReachWASH_CPD_IP,361100
DVN001,KPI_ReachWASH_CPD_IP,16201
DCU001,KPI_ReachWASH_CPD_IP,25282
DMH001,KPI_ReachWASH_CPD_IP,250
DSA001,KPI_ReachWASH_CPD_IP,
DMM001,KPI_ReachWASH_CPD_IP,283356
DLC001,KPI_ReachWASH_CPD_IP,
DML001,KPI_ReachWASH_CPD_IP,14565
DVE001,KPI_ReachWASH_CPD_IP,49777
DPW001,KPI_ReachWASH_CPD_IP,2389
DMA001,KPI_ReachWASH_CPD_IP,957050
DTT001,KPI_ReachWASH_CPD_IP,1569
DDE001,KPI_ReachWASH_CPD_IP,321883
DTL001,KPI_ReachWASH_CPD_IP,5022
DPK001,KPI_ReachWASH_CPD_IP,6000
DAF001,KPI_ReachWASH_CPD_IP,262223
DPL001,KPI_ReachWASH_CPD_IP,
DJP001,KPI_ReachWASH_CPD_IP,
DAZ001,KPI_ReachWASH_CPD_IP,1009
DEC001,KPI_ReachWASH_CPD_IP,79896
DAE001,KPI_ReachWASH_CPD_IP,
DQA001,KPI_ReachWASH_CPD_IP,
DKP001,KPI_ReachWASH_CPD_IP,63073
DDO001,KPI_ReachWASH_CPD_IP,73766
DLA001,KPI_ReachWASH_CPD_IP,54617
DBO001,KPI_ReachWASH_CPD_IP,13086
DGA001,KPI_ReachWASH_CPD_IP,144007
DKE001,KPI_ReachWASH_CPD_IP,626144
DBT001,KPI_ReachWASH_CPD_IP,1200
DCG001,KPI_ReachWASH_CPD_IP,1567321
DNL001,KPI_ReachWASH_CPD_IP,
DBF001,KPI_ReachWASH_CPD_IP,1669215
DMZ001,KPI_ReachWASH_CPD_IP,544301
DSL001,KPI_ReachWASH_CPD_IP,23699
DZA001,KPI_ReachWASH_CPD_IP,215255
DPY001,KPI_ReachWASH_CPD_IP,7658
DSG001,KPI_ReachWASH_CPD_IP,
DKZ001,KPI_ReachWASH_CPD_IP,
DHR001,KPI_ReachWASH_CPD_IP,84482
DMN001,KPI_ReachWASH_CPD_IP,313034
DES001,KPI_ReachWASH_CPD_IP,
DCY001,KPI_ReachWASH_CPD_IP,
DSC001,KPI_ReachWASH_CPD_IP,
DAG001,KPI_ReachWASH_CPD_IP,
DLR001,KPI_ReachWASH_CPD_IP,47171
DKR001,KPI_ReachWASH_CPD_IP,27580
DGE001,KPI_ReachWASH_CPD_IP,30592
DPE001,KPI_ReachWASH_CPD_IP,327000
DTZ001,KPI_ReachWASH_CPD_IP,3429185
DDM001,KPI_ReachWASH_CPD_IP,215
DFJ001,KPI_ReachWASH_CPD_IP,6350
DAU001,KPI_ReachWASH_CPD_IP,
DEE001,KPI_ReachWASH_CPD_IP,
DPS001,KPI_ReachWASH_CPD_IP,68915
DSM001,KPI_ReachWASH_CPD_IP,
DCL001,KPI_ReachWASH_CPD_IP,
DNZ001,KPI_ReachWASH_CPD_IP,20000
DPG001,KPI_ReachWASH_CPD_IP,2543
DGB001,KPI_ReachWASH_CPD_IP,
DNP001,KPI_ReachWASH_CPD_IP,76032
DTJ001,KPI_ReachWASH_CPD_IP,74242
DYE001,KPI_ReachWASH_CPD_IP,377530
DBH001,KPI_ReachWASH_CPD_IP,
DTG001,KPI_ReachWASH_CPD_IP,108465
DLU001,KPI_ReachWASH_CPD_IP,
DUG001,KPI_ReachWASH_CPD_IP,29060
DSR001,KPI_ReachWASH_CPD_IP,
DFR001,KPI_ReachWASH_CPD_IP,
DGD001,KPI_ReachWASH_CPD_IP,
DMW001,KPI_ReachWASH_CPD_IP,8922631
DLV001,KPI_ReachWASH_CPD_IP,
DMK001,KPI_ReachWASH_CPD_IP,104
DPH001,KPI_ReachWASH_CPD_IP,294324
DKW001,KPI_ReachWASH_CPD_IP,
DUY001,KPI_ReachWASH_CPD_IP,5514
DWS001,KPI_ReachWASH_CPD_IP,108512
DGN001,KPI_ReachWASH_CPD_IP,137524
DIT001,KPI_ReachWASH_CPD_IP,
DIL001,KPI_ReachWASH_CPD_IP,
DCM001,KPI_ReachWASH_CPD_IP,1523816
DCA001,KPI_ReachWASH_CPD_IP,
DLY001,KPI_ReachWASH_CPD_IP,245973
DCH001,KPI_ReachWASH_CPD_IP,
DIQ001,KPI_ReachWASH_CPD_IP,7660254
DSY001,KPI_ReachWASH_CPD_IP,18769877
DVU001,KPI_ReachWASH_CPD_IP,13722
DHN001,KPI_ReachWASH_CPD_IP,991
DFM001,KPI_ReachWASH_CPD_IP,30634
DCD001,KPI_ReachWASH_CPD_IP,712091
DLI001,KPI_ReachWASH_CPD_IP,
DMG001,KPI_ReachWASH_CPD_IP,85516
DBN001,KPI_ReachWASH_CPD_IP,
DGW001,KPI_ReachWASH_CPD_IP,
DDK001,KPI_ReachWASH_CPD_IP,
DNG001,KPI_ReachWASH_CPD_IP,1521706
DSS001,KPI_ReachWASH_CPD_IP,572039
DTD001,KPI_ReachWASH_CPD_IP,6607
DCO001,KPI_ReachWASH_CPD_IP,71788
DSE001,KPI_TrainFA_Tot_IP,30355
DIR001,KPI_TrainFA_Tot_IP,1360491
DBD001,KPI_TrainFA_Tot_IP,57500
DPA001,KPI_TrainFA_Tot_IP,1447
DSO001,KPI_TrainFA_Tot_IP,6637
DTM001,KPI_TrainFA_Tot_IP,1809
DGT001,KPI_TrainFA_Tot_IP,737
DSD001,KPI_TrainFA_Tot_IP,223625
DHU001,KPI_TrainFA_Tot_IP,85381
DSZ001,KPI_TrainFA_Tot_IP,873
DTV001,KPI_TrainFA_Tot_IP,30
DDJ001,KPI_TrainFA_Tot_IP,205
DAL001,KPI_TrainFA_Tot_IP,77400
DGR001,KPI_TrainFA_Tot_IP,18702
DCF001,KPI_TrainFA_Tot_IP,9323
DID001,KPI_TrainFA_Tot_IP,
DKH001,KPI_TrainFA_Tot_IP,10670
DBY001,KPI_TrainFA_Tot_IP,25832
DMU001,KPI_TrainFA_Tot_IP,682
DBI001,KPI_TrainFA_Tot_IP,9804
DTR001,KPI_TrainFA_Tot_IP,1557068
DZW001,KPI_TrainFA_Tot_IP,22156
DLK001,KPI_TrainFA_Tot_IP,1138
DSB001,KPI_TrainFA_Tot_IP,624
DBE001,KPI_TrainFA_Tot_IP,105665
DFI001,KPI_TrainFA_Tot_IP,94000
DTH001,KPI_TrainFA_Tot_IP,22196
DAR001,KPI_TrainFA_Tot_IP,35216
DNA001,KPI_TrainFA_Tot_IP,410
DSV001,KPI_TrainFA_Tot_IP,4627
DZM001,KPI_TrainFA_Tot_IP,3786
DMC001,KPI_TrainFA_Tot_IP,4886
DBA001,KPI_TrainFA_Tot_IP,46273
DBS001,KPI_TrainFA_Tot_IP,346
DLS001,KPI_TrainFA_Tot_IP,490
DEG001,KPI_TrainFA_Tot_IP,12350
DGH001,KPI_TrainFA_Tot_IP,2565
DLT001,KPI_TrainFA_Tot_IP,17556
DMD001,KPI_TrainFA_Tot_IP,1240
DMY001,KPI_TrainFA_Tot_IP,7196
DCR001,KPI_TrainFA_Tot_IP,919
DGY001,KPI_TrainFA_Tot_IP,743
DRS001,KPI_TrainFA_Tot_IP,33630
DJO001,KPI_TrainFA_Tot_IP,887
DIE001,KPI_TrainFA_Tot_IP,3612
DTN001,KPI_TrainFA_Tot_IP,
DBJ001,KPI_TrainFA_Tot_IP,1882
DMT001,KPI_TrainFA_Tot_IP,2957
DGQ001,KPI_TrainFA_Tot_IP,
DAM001,KPI_TrainFA_Tot_IP,4600
DMX001,KPI_TrainFA_Tot_IP,61505
DNI001,KPI_TrainFA_Tot_IP,399
DIN001,KPI_TrainFA_Tot_IP,480
DLB001,KPI_TrainFA_Tot_IP,15652
DMV001,KPI_TrainFA_Tot_IP,843
DRW001,KPI_TrainFA_Tot_IP,6815
DHT001,KPI_TrainFA_Tot_IP,
DAT001,KPI_TrainFA_Tot_IP,275504
DSI001,KPI_TrainFA_Tot_IP,35738
DUA001,KPI_TrainFA_Tot_IP,158481
DUS001,KPI_TrainFA_Tot_IP,4522513
DBG001,KPI_TrainFA_Tot_IP,70235
DKI001,KPI_TrainFA_Tot_IP,1291
DMR001,KPI_TrainFA_Tot_IP,546
DUZ001,KPI_TrainFA_Tot_IP,24802
DCV001,KPI_TrainFA_Tot_IP,
DJM001,KPI_TrainFA_Tot_IP,2062
DKM001,KPI_TrainFA_Tot_IP,101
DST001,KPI_TrainFA_Tot_IP,26
DME001,KPI_TrainFA_Tot_IP,4840
DCI001,KPI_TrainFA_Tot_IP,2905
DDZ001,KPI_TrainFA_Tot_IP,2942
DSN001,KPI_TrainFA_Tot_IP,464
DIS001,KPI_TrainFA_Tot_IP,8848
DBR001,KPI_TrainFA_Tot_IP,3734
DAD001,KPI_TrainFA_Tot_IP,3141
DPT001,KPI_TrainFA_Tot_IP,10810
DNO001,KPI_TrainFA_Tot_IP,
DAO001,KPI_TrainFA_Tot_IP,38
DVC001,KPI_TrainFA_Tot_IP,621
DKG001,KPI_TrainFA_Tot_IP,58519
DRU001,KPI_TrainFA_Tot_IP,820000
DSK001,KPI_TrainFA_Tot_IP,53635
DCZ001,KPI_TrainFA_Tot_IP,62922
DGM001,KPI_TrainFA_Tot_IP,719
DKN001,KPI_TrainFA_Tot_IP,321
DCN001,KPI_TrainFA_Tot_IP,5072215
DTO001,KPI_TrainFA_Tot_IP,1349
DET001,KPI_TrainFA_Tot_IP,13450
DRO001,KPI_TrainFA_Tot_IP,76924
DVN001,KPI_TrainFA_Tot_IP,135680
DCU001,KPI_TrainFA_Tot_IP,67937
DMH001,KPI_TrainFA_Tot_IP,1005
DSA001,KPI_TrainFA_Tot_IP,79345
DMM001,KPI_TrainFA_Tot_IP,64907
DLC001,KPI_TrainFA_Tot_IP,568
DML001,KPI_TrainFA_Tot_IP,268
DVE001,KPI_TrainFA_Tot_IP,5832
DPW001,KPI_TrainFA_Tot_IP,522
DMA001,KPI_TrainFA_Tot_IP,60115
DTT001,KPI_TrainFA_Tot_IP,2252
DDE001,KPI_TrainFA_Tot_IP,1800000
DTL001,KPI_TrainFA_Tot_IP,865
DPK001,KPI_TrainFA_Tot_IP,10200
DAF001,KPI_TrainFA_Tot_IP,6754
DPL001,KPI_TrainFA_Tot_IP,12428
DBW001,KPI_TrainFA_Tot_IP,1310
DJP001,KPI_TrainFA_Tot_IP,509341
DAZ001,KPI_TrainFA_Tot_IP,533
DEC001,KPI_TrainFA_Tot_IP,10700
DAE001,KPI_TrainFA_Tot_IP,
DQA001,KPI_TrainFA_Tot_IP,2040
DKP001,KPI_TrainFA_Tot_IP,76975
DDO001,KPI_TrainFA_Tot_IP,1020
DLA001,KPI_TrainFA_Tot_IP,3790
DBO001,KPI_TrainFA_Tot_IP,2248
DGA001,KPI_TrainFA_Tot_IP,938
DKE001,KPI_TrainFA_Tot_IP,16965
DBT001,KPI_TrainFA_Tot_IP,1115
DCG001,KPI_TrainFA_Tot_IP,900
DNL001,KPI_TrainFA_Tot_IP,110000
DBF001,KPI_TrainFA_Tot_IP,2178
DMZ001,KPI_TrainFA_Tot_IP,1874
DSL001,KPI_TrainFA_Tot_IP,2291
DZA001,KPI_TrainFA_Tot_IP,6699
DPY001,KPI_TrainFA_Tot_IP,6584
DSG001,KPI_TrainFA_Tot_IP,12465
DBZ001,KPI_TrainFA_Tot_IP,1208
DKZ001,KPI_TrainFA_Tot_IP,26398
DHR001,KPI_TrainFA_Tot_IP,152222
DMN001,KPI_TrainFA_Tot_IP,34255
DES001,KPI_TrainFA_Tot_IP,112983
DCY001,KPI_TrainFA_Tot_IP,948
DSC001,KPI_TrainFA_Tot_IP,545
DAG001,KPI_TrainFA_Tot_IP,276
DLR001,KPI_TrainFA_Tot_IP,630
DKR001,KPI_TrainFA_Tot_IP,301354
DGE001,KPI_TrainFA_Tot_IP,5559
DTZ001,KPI_TrainFA_Tot_IP,520
DDM001,KPI_TrainFA_Tot_IP,277
DFJ001,KPI_TrainFA_Tot_IP,796
DAU001,KPI_TrainFA_Tot_IP,51809
DEE001,KPI_TrainFA_Tot_IP,22159
DPS001,KPI_TrainFA_Tot_IP,7353
DSM001,KPI_TrainFA_Tot_IP,17
DCL001,KPI_TrainFA_Tot_IP,4450
DNZ001,KPI_TrainFA_Tot_IP,68915
DPG001,KPI_TrainFA_Tot_IP,1428
DGB001,KPI_TrainFA_Tot_IP,115068
DNP001,KPI_TrainFA_Tot_IP,15443
DTJ001,KPI_TrainFA_Tot_IP,354
DYE001,KPI_TrainFA_Tot_IP,1208
DBH001,KPI_TrainFA_Tot_IP,22
DTG001,KPI_TrainFA_Tot_IP,500
DLU001,KPI_TrainFA_Tot_IP,2585
DUG001,KPI_TrainFA_Tot_IP,10360
DSR001,KPI_TrainFA_Tot_IP,1048
DFR001,KPI_TrainFA_Tot_IP,71618
DGD001,KPI_TrainFA_Tot_IP,208
DMW001,KPI_TrainFA_Tot_IP,8108
DLV001,KPI_TrainFA_Tot_IP,6481
DMK001,KPI_TrainFA_Tot_IP,27486
DPH001,KPI_TrainFA_Tot_IP,162102
DKW001,KPI_TrainFA_Tot_IP,
DBB001,KPI_TrainFA_Tot_IP,689
DUY001,KPI_TrainFA_Tot_IP,1659
DWS001,KPI_TrainFA_Tot_IP,3830
DGN001,KPI_TrainFA_Tot_IP,3125
DIT001,KPI_TrainFA_Tot_IP,40951
DIL001,KPI_TrainFA_Tot_IP,336456
DCM001,KPI_TrainFA_Tot_IP,4341
DCA001,KPI_TrainFA_Tot_IP,854142
DLY001,KPI_TrainFA_Tot_IP,917
DCH001,KPI_TrainFA_Tot_IP,110596
DIQ001,KPI_TrainFA_Tot_IP,1412518
DSY001,KPI_TrainFA_Tot_IP,3645
DVU001,KPI_TrainFA_Tot_IP,195
DHN001,KPI_TrainFA_Tot_IP,1276
DFM001,KPI_TrainFA_Tot_IP,137
DCD001,KPI_TrainFA_Tot_IP,11324
DLI001,KPI_TrainFA_Tot_IP,1036
DMG001,KPI_TrainFA_Tot_IP,2612
DBN001,KPI_TrainFA_Tot_IP,
DGW001,KPI_TrainFA_Tot_IP,800
DDK001,KPI_TrainFA_Tot_IP,50000
DNG001,KPI_TrainFA_Tot_IP,34115
DSS001,KPI_TrainFA_Tot_IP,2941
DTD001,KPI_TrainFA_Tot_IP,1767
DCO001,KPI_TrainFA_Tot_IP,46
DSE001,KPI_DonBlood_Tot_IP,
DIR001,KPI_DonBlood_Tot_IP,154887
DBD001,KPI_DonBlood_Tot_IP,76708
DTM001,KPI_DonBlood_Tot_IP,
DGT001,KPI_DonBlood_Tot_IP,6464
DSD001,KPI_DonBlood_Tot_IP,173
DHU001,KPI_DonBlood_Tot_IP,334330
DSZ001,KPI_DonBlood_Tot_IP,
DTV001,KPI_DonBlood_Tot_IP,
DDJ001,KPI_DonBlood_Tot_IP,
DAL001,KPI_DonBlood_Tot_IP,4825
DGR001,KPI_DonBlood_Tot_IP,2560
DCF001,KPI_DonBlood_Tot_IP,
DID001,KPI_DonBlood_Tot_IP,
DBY001,KPI_DonBlood_Tot_IP,2041
DMU001,KPI_DonBlood_Tot_IP,
DBI001,KPI_DonBlood_Tot_IP,2224
DTR001,KPI_DonBlood_Tot_IP,2221953
DZW001,KPI_DonBlood_Tot_IP,
DLK001,KPI_DonBlood_Tot_IP,2780
DSB001,KPI_DonBlood_Tot_IP,
DBE001,KPI_DonBlood_Tot_IP,254129
DFI001,KPI_DonBlood_Tot_IP,108043
DTH001,KPI_DonBlood_Tot_IP,732585
DAR001,KPI_DonBlood_Tot_IP,2962
DNA001,KPI_DonBlood_Tot_IP,
DSV001,KPI_DonBlood_Tot_IP,15444
DZM001,KPI_DonBlood_Tot_IP,
DMC001,KPI_DonBlood_Tot_IP,1500
DBA001,KPI_DonBlood_Tot_IP,24252
DBS001,KPI_DonBlood_Tot_IP,
DEG001,KPI_DonBlood_Tot_IP,100560
DNE001,KPI_DonBlood_Tot_IP,
DGH001,KPI_DonBlood_Tot_IP,309
DLT001,KPI_DonBlood_Tot_IP,
DMD001,KPI_DonBlood_Tot_IP,
DMY001,KPI_DonBlood_Tot_IP,
DCR001,KPI_DonBlood_Tot_IP,
DGY001,KPI_DonBlood_Tot_IP,
DRS001,KPI_DonBlood_Tot_IP,
DJO001,KPI_DonBlood_Tot_IP,
DIE001,KPI_DonBlood_Tot_IP,
DTN001,KPI_DonBlood_Tot_IP,
DBJ001,KPI_DonBlood_Tot_IP,2785
DMT001,KPI_DonBlood_Tot_IP,
DCK001,KPI_DonBlood_Tot_IP,
DGQ001,KPI_DonBlood_Tot_IP,
DAM001,KPI_DonBlood_Tot_IP,
DMX001,KPI_DonBlood_Tot_IP,11382
DIN001,KPI_DonBlood_Tot_IP,15239
DLB001,KPI_DonBlood_Tot_IP,45231
DMV001,KPI_DonBlood_Tot_IP,
DRW001,KPI_DonBlood_Tot_IP,
DHT001,KPI_DonBlood_Tot_IP,
DAT001,KPI_DonBlood_Tot_IP,216211
DSI001,KPI_DonBlood_Tot_IP,95516
DUA001,KPI_DonBlood_Tot_IP,1619
DUS001,KPI_DonBlood_Tot_IP,2162332
DBG001,KPI_DonBlood_Tot_IP,173177
DKI001,KPI_DonBlood_Tot_IP,
DMR001,KPI_DonBlood_Tot_IP,
DCV001,KPI_DonBlood_Tot_IP,
DJM001,KPI_DonBlood_Tot_IP,
DKM001,KPI_DonBlood_Tot_IP,37
DST001,KPI_DonBlood_Tot_IP,1
DME001,KPI_DonBlood_Tot_IP,4400
DCI001,KPI_DonBlood_Tot_IP,1150
DDZ001,KPI_DonBlood_Tot_IP,5315
DSN001,KPI_DonBlood_Tot_IP,70
DIS001,KPI_DonBlood_Tot_IP,
DBR001,KPI_DonBlood_Tot_IP,
DAD001,KPI_DonBlood_Tot_IP,1461
DPT001,KPI_DonBlood_Tot_IP,
DNO001,KPI_DonBlood_Tot_IP,
DAO001,KPI_DonBlood_Tot_IP,2000
DVC001,KPI_DonBlood_Tot_IP,1
DKG001,KPI_DonBlood_Tot_IP,1234
DRU001,KPI_DonBlood_Tot_IP,97000
DSK001,KPI_DonBlood_Tot_IP,
DCZ001,KPI_DonBlood_Tot_IP,220400
DGM001,KPI_DonBlood_Tot_IP,768
DCN001,KPI_DonBlood_Tot_IP,
DTO001,KPI_DonBlood_Tot_IP,180
DRO001,KPI_DonBlood_Tot_IP,
DVN001,KPI_DonBlood_Tot_IP,1555593
DCU001,KPI_DonBlood_Tot_IP,9325
DMH001,KPI_DonBlood_Tot_IP,47
DSA001,KPI_DonBlood_Tot_IP,5147
DMM001,KPI_DonBlood_Tot_IP,
DLC001,KPI_DonBlood_Tot_IP,
DML001,KPI_DonBlood_Tot_IP,103
DVE001,KPI_DonBlood_Tot_IP,
DPW001,KPI_DonBlood_Tot_IP,
DTT001,KPI_DonBlood_Tot_IP,
DDE001,KPI_DonBlood_Tot_IP,1500000
DTL001,KPI_DonBlood_Tot_IP,
DPK001,KPI_DonBlood_Tot_IP,6538
DAF001,KPI_DonBlood_Tot_IP,
DPL001,KPI_DonBlood_Tot_IP,
DBW001,KPI_DonBlood_Tot_IP,681
DJP001,KPI_DonBlood_Tot_IP,5009281
DAZ001,KPI_DonBlood_Tot_IP,1200
DEC001,KPI_DonBlood_Tot_IP,251716
DAE001,KPI_DonBlood_Tot_IP,
DQA001,KPI_DonBlood_Tot_IP,
DKP001,KPI_DonBlood_Tot_IP,
DDO001,KPI_DonBlood_Tot_IP,2764
DLA001,KPI_DonBlood_Tot_IP,73023
DBO001,KPI_DonBlood_Tot_IP,
DGA001,KPI_DonBlood_Tot_IP,
DKE001,KPI_DonBlood_Tot_IP,43940
DBT001,KPI_DonBlood_Tot_IP,491
DCG001,KPI_DonBlood_Tot_IP,2193
DNL001,KPI_DonBlood_Tot_IP,
DBF001,KPI_DonBlood_Tot_IP,394
DMZ001,KPI_DonBlood_Tot_IP,
DSL001,KPI_DonBlood_Tot_IP,2215
DZA001,KPI_DonBlood_Tot_IP,23
DPY001,KPI_DonBlood_Tot_IP,
DSG001,KPI_DonBlood_Tot_IP,77424
DBZ001,KPI_DonBlood_Tot_IP,57
DKZ001,KPI_DonBlood_Tot_IP,
DHR001,KPI_DonBlood_Tot_IP,
DMN001,KPI_DonBlood_Tot_IP,
DES001,KPI_DonBlood_Tot_IP,
DCY001,KPI_DonBlood_Tot_IP,1228
DSC001,KPI_DonBlood_Tot_IP,13
DAG001,KPI_DonBlood_Tot_IP,49
DLR001,KPI_DonBlood_Tot_IP,
DKR001,KPI_DonBlood_Tot_IP,2541446
DGE001,KPI_DonBlood_Tot_IP,
DPE001,KPI_DonBlood_Tot_IP,
DTZ001,KPI_DonBlood_Tot_IP,14352
DDM001,KPI_DonBlood_Tot_IP,10
DFJ001,KPI_DonBlood_Tot_IP,
DAU001,KPI_DonBlood_Tot_IP,536966
DEE001,KPI_DonBlood_Tot_IP,
DSM001,KPI_DonBlood_Tot_IP,
DCL001,KPI_DonBlood_Tot_IP,
DNZ001,KPI_DonBlood_Tot_IP,
DPG001,KPI_DonBlood_Tot_IP,
DGB001,KPI_DonBlood_Tot_IP,
DNP001,KPI_DonBlood_Tot_IP,366227
DTJ001,KPI_DonBlood_Tot_IP,70
DYE001,KPI_DonBlood_Tot_IP,40
DBH001,KPI_DonBlood_Tot_IP,
DTG001,KPI_DonBlood_Tot_IP,23508
DLU001,KPI_DonBlood_Tot_IP,15354
DUG001,KPI_DonBlood_Tot_IP,195709
DSR001,KPI_DonBlood_Tot_IP,
DFR001,KPI_DonBlood_Tot_IP,
DGD001,KPI_DonBlood_Tot_IP,
DMW001,KPI_DonBlood_Tot_IP,5808
DLV001,KPI_DonBlood_Tot_IP,6001
DMK001,KPI_DonBlood_Tot_IP,51493
DPH001,KPI_DonBlood_Tot_IP,
DKW001,KPI_DonBlood_Tot_IP,
DBB001,KPI_DonBlood_Tot_IP,
DUY001,KPI_DonBlood_Tot_IP,
DWS001,KPI_DonBlood_Tot_IP,7610
DGN001,KPI_DonBlood_Tot_IP,4171
DIT001,KPI_DonBlood_Tot_IP,
DIL001,KPI_DonBlood_Tot_IP,336456
DCA001,KPI_DonBlood_Tot_IP,
DLY001,KPI_DonBlood_Tot_IP,2230
DCH001,KPI_DonBlood_Tot_IP,219514
DIQ001,KPI_DonBlood_Tot_IP,
DSY001,KPI_DonBlood_Tot_IP,
DVU001,KPI_DonBlood_Tot_IP,
DHN001,KPI_DonBlood_Tot_IP,51173
DCD001,KPI_DonBlood_Tot_IP,124215
DLI001,KPI_DonBlood_Tot_IP,1088
DMG001,KPI_DonBlood_Tot_IP,67
DBN001,KPI_DonBlood_Tot_IP,
DDK001,KPI_DonBlood_Tot_IP,
DNG001,KPI_DonBlood_Tot_IP,2062
DSS001,KPI_DonBlood_Tot_IP,3238
DTD001,KPI_DonBlood_Tot_IP,815
DCO001,KPI_DonBlood_Tot_IP,130326
DSE001,KPI_GB_Tot_IP,12
DIR001,KPI_GB_Tot_IP,18
DBD001,KPI_GB_Tot_IP,15
DPA001,KPI_GB_Tot_IP,11
DSO001,KPI_GB_Tot_IP,16
DTM001,KPI_GB_Tot_IP,23
DGT001,KPI_GB_Tot_IP,11
DSD001,KPI_GB_Tot_IP,14
DHU001,KPI_GB_Tot_IP,22
DSZ001,KPI_GB_Tot_IP,14
DTV001,KPI_GB_Tot_IP,8
DDJ001,KPI_GB_Tot_IP,6
DAL001,KPI_GB_Tot_IP,14
DGR001,KPI_GB_Tot_IP,21
DCF001,KPI_GB_Tot_IP,8
DID001,KPI_GB_Tot_IP,21
DKH001,KPI_GB_Tot_IP,13
DBY001,KPI_GB_Tot_IP,27
DMU001,KPI_GB_Tot_IP,8
DBI001,KPI_GB_Tot_IP,8
DTR001,KPI_GB_Tot_IP,16
DZW001,KPI_GB_Tot_IP,10
DLK001,KPI_GB_Tot_IP,16
DSB001,KPI_GB_Tot_IP,10
DBE001,KPI_GB_Tot_IP,31
DFI001,KPI_GB_Tot_IP,10
DTH001,KPI_GB_Tot_IP,76
DAR001,KPI_GB_Tot_IP,11
DNA001,KPI_GB_Tot_IP,14
DSV001,KPI_GB_Tot_IP,11
DZM001,KPI_GB_Tot_IP,10
DMC001,KPI_GB_Tot_IP,17
DBA001,KPI_GB_Tot_IP,10
DBS001,KPI_GB_Tot_IP,22
DLS001,KPI_GB_Tot_IP,10
DEG001,KPI_GB_Tot_IP,10
DNE001,KPI_GB_Tot_IP,16
DGH001,KPI_GB_Tot_IP,
DLT001,KPI_GB_Tot_IP,7
DMD001,KPI_GB_Tot_IP,10
DMY001,KPI_GB_Tot_IP,18
DCR001,KPI_GB_Tot_IP,9
DGY001,KPI_GB_Tot_IP,5
DRS001,KPI_GB_Tot_IP,21
DJO001,KPI_GB_Tot_IP,8
DIE001,KPI_GB_Tot_IP,14
DTN001,KPI_GB_Tot_IP,16
DBJ001,KPI_GB_Tot_IP,29
DMT001,KPI_GB_Tot_IP,5
DCK001,KPI_GB_Tot_IP,6
DGQ001,KPI_GB_Tot_IP,21
DAM001,KPI_GB_Tot_IP,11
DMX001,KPI_GB_Tot_IP,23
DNI001,KPI_GB_Tot_IP,31
DIN001,KPI_GB_Tot_IP,12
DLB001,KPI_GB_Tot_IP,99
DMV001,KPI_GB_Tot_IP,9
DRW001,KPI_GB_Tot_IP,10
DHT001,KPI_GB_Tot_IP,12
DAT001,KPI_GB_Tot_IP,17
DSI001,KPI_GB_Tot_IP,18
DUA001,KPI_GB_Tot_IP,75
DUS001,KPI_GB_Tot_IP,14
DBG001,KPI_GB_Tot_IP,13
DKI001,KPI_GB_Tot_IP,8
DMR001,KPI_GB_Tot_IP,8
DUZ001,KPI_GB_Tot_IP,26
DCV001,KPI_GB_Tot_IP,8
DJM001,KPI_GB_Tot_IP,14
DKM001,KPI_GB_Tot_IP,6
DST001,KPI_GB_Tot_IP,22
DME001,KPI_GB_Tot_IP,15
DCI001,KPI_GB_Tot_IP,5
DDZ001,KPI_GB_Tot_IP,9
DSN001,KPI_GB_Tot_IP,90
DIS001,KPI_GB_Tot_IP,12
DBR001,KPI_GB_Tot_IP,44
DAD001,KPI_GB_Tot_IP,10
DPT001,KPI_GB_Tot_IP,9
DNO001,KPI_GB_Tot_IP,17
DAO001,KPI_GB_Tot_IP,9
DVC001,KPI_GB_Tot_IP,10
DKG001,KPI_GB_Tot_IP,10
DRU001,KPI_GB_Tot_IP,17
DSK001,KPI_GB_Tot_IP,5
DCZ001,KPI_GB_Tot_IP,13
DGM001,KPI_GB_Tot_IP,17
DKN001,KPI_GB_Tot_IP,13
DCN001,KPI_GB_Tot_IP,166
DTO001,KPI_GB_Tot_IP,6
DET001,KPI_GB_Tot_IP,9
DRO001,KPI_GB_Tot_IP,18
DVN001,KPI_GB_Tot_IP,4
DCU001,KPI_GB_Tot_IP,12
DMH001,KPI_GB_Tot_IP,8
DSA001,KPI_GB_Tot_IP,12
DMM001,KPI_GB_Tot_IP,11
DLC001,KPI_GB_Tot_IP,11
DML001,KPI_GB_Tot_IP,13
DVE001,KPI_GB_Tot_IP,
DPW001,KPI_GB_Tot_IP,9
DMA001,KPI_GB_Tot_IP,14
DTT001,KPI_GB_Tot_IP,22
DDE001,KPI_GB_Tot_IP,13
DTL001,KPI_GB_Tot_IP,19
DPK001,KPI_GB_Tot_IP,22
DPL001,KPI_GB_Tot_IP,11
DBW001,KPI_GB_Tot_IP,10
DJP001,KPI_GB_Tot_IP,64
DAZ001,KPI_GB_Tot_IP,17
DEC001,KPI_GB_Tot_IP,50
DAE001,KPI_GB_Tot_IP,13
DQA001,KPI_GB_Tot_IP,12
DKP001,KPI_GB_Tot_IP,24
DDO001,KPI_GB_Tot_IP,12
DLA001,KPI_GB_Tot_IP,2
DBO001,KPI_GB_Tot_IP,7
DGA001,KPI_GB_Tot_IP,
DKE001,KPI_GB_Tot_IP,17
DBT001,KPI_GB_Tot_IP,3
DCG001,KPI_GB_Tot_IP,5
DNL001,KPI_GB_Tot_IP,9
DBF001,KPI_GB_Tot_IP,10
DMZ001,KPI_GB_Tot_IP,13
DSL001,KPI_GB_Tot_IP,9
DZA001,KPI_GB_Tot_IP,5
DPY001,KPI_GB_Tot_IP,12
DSG001,KPI_GB_Tot_IP,18
DBZ001,KPI_GB_Tot_IP,6
DKZ001,KPI_GB_Tot_IP,11
DHR001,KPI_GB_Tot_IP,23
DMN001,KPI_GB_Tot_IP,18
DES001,KPI_GB_Tot_IP,47
DCY001,KPI_GB_Tot_IP,9
DSC001,KPI_GB_Tot_IP,9
DAG001,KPI_GB_Tot_IP,6
DLR001,KPI_GB_Tot_IP,25
DKR001,KPI_GB_Tot_IP,28
DGE001,KPI_GB_Tot_IP,9
DPE001,KPI_GB_Tot_IP,10
DTZ001,KPI_GB_Tot_IP,20
DDM001,KPI_GB_Tot_IP,10
DFJ001,KPI_GB_Tot_IP,8
DAU001,KPI_GB_Tot_IP,14
DEE001,KPI_GB_Tot_IP,
DPS001,KPI_GB_Tot_IP,19
DSM001,KPI_GB_Tot_IP,8
DCL001,KPI_GB_Tot_IP,5
DNZ001,KPI_GB_Tot_IP,9
DPG001,KPI_GB_Tot_IP,9
DGB001,KPI_GB_Tot_IP,13
DNP001,KPI_GB_Tot_IP,34
DTJ001,KPI_GB_Tot_IP,21
DYE001,KPI_GB_Tot_IP,6
DBH001,KPI_GB_Tot_IP,9
DTG001,KPI_GB_Tot_IP,8
DLU001,KPI_GB_Tot_IP,6
DUG001,KPI_GB_Tot_IP,13
DSR001,KPI_GB_Tot_IP,11
DFR001,KPI_GB_Tot_IP,23
DGD001,KPI_GB_Tot_IP,9
DMW001,KPI_GB_Tot_IP,21
DLV001,KPI_GB_Tot_IP,20
DMK001,KPI_GB_Tot_IP,13
DPH001,KPI_GB_Tot_IP,
DKW001,KPI_GB_Tot_IP,9
DBB001,KPI_GB_Tot_IP,9
DUY001,KPI_GB_Tot_IP,7
DWS001,KPI_GB_Tot_IP,8
DGN001,KPI_GB_Tot_IP,4
DIT001,KPI_GB_Tot_IP,5
DIL001,KPI_GB_Tot_IP,12
DCM001,KPI_GB_Tot_IP,12
DCA001,KPI_GB_Tot_IP,15
DLY001,KPI_GB_Tot_IP,4
DCH001,KPI_GB_Tot_IP,11
DIQ001,KPI_GB_Tot_IP,12
DSY001,KPI_GB_Tot_IP,7
DVU001,KPI_GB_Tot_IP,11
DHN001,KPI_GB_Tot_IP,18
DFM001,KPI_GB_Tot_IP,9
DCD001,KPI_GB_Tot_IP,10
DLI001,KPI_GB_Tot_IP,6
DMG001,KPI_GB_Tot_IP,10
DBN001,KPI_GB_Tot_IP,5
DGW001,KPI_GB_Tot_IP,24
DDK001,KPI_GB_Tot_IP,16
DNG001,KPI_GB_Tot_IP,28
DSS001,KPI_GB_Tot_IP,22
DTD001,KPI_GB_Tot_IP,10
DCO001,KPI_GB_Tot_IP,13
DSE001,KPI_PeopleVol_Tot_IP,23000
DIR001,KPI_PeopleVol_Tot_IP,1666480
DBD001,KPI_PeopleVol_Tot_IP,162141
DPA001,KPI_PeopleVol_Tot_IP,1300
DSO001,KPI_PeopleVol_Tot_IP,2791
DTM001,KPI_PeopleVol_Tot_IP,4408
DGT001,KPI_PeopleVol_Tot_IP,650
DSD001,KPI_PeopleVol_Tot_IP,385384
DHU001,KPI_PeopleVol_Tot_IP,10980
DSZ001,KPI_PeopleVol_Tot_IP,5000
DTV001,KPI_PeopleVol_Tot_IP,135
DDJ001,KPI_PeopleVol_Tot_IP,1000
DAL001,KPI_PeopleVol_Tot_IP,2750
DGR001,KPI_PeopleVol_Tot_IP,5600
DCF001,KPI_PeopleVol_Tot_IP,18285
DID001,KPI_PeopleVol_Tot_IP,527247
DKH001,KPI_PeopleVol_Tot_IP,53315
DBY001,KPI_PeopleVol_Tot_IP,13330
DMU001,KPI_PeopleVol_Tot_IP,142
DBI001,KPI_PeopleVol_Tot_IP,611171
DTR001,KPI_PeopleVol_Tot_IP,327114
DZW001,KPI_PeopleVol_Tot_IP,1440
DLK001,KPI_PeopleVol_Tot_IP,1800
DSB001,KPI_PeopleVol_Tot_IP,114
DBE001,KPI_PeopleVol_Tot_IP,25396
DFI001,KPI_PeopleVol_Tot_IP,22231
DTH001,KPI_PeopleVol_Tot_IP,64000
DAR001,KPI_PeopleVol_Tot_IP,7872
DNA001,KPI_PeopleVol_Tot_IP,12
DSV001,KPI_PeopleVol_Tot_IP,1696
DZM001,KPI_PeopleVol_Tot_IP,7350
DMC001,KPI_PeopleVol_Tot_IP,692
DBA001,KPI_PeopleVol_Tot_IP,9749
DBS001,KPI_PeopleVol_Tot_IP,461
DLS001,KPI_PeopleVol_Tot_IP,720
DEG001,KPI_PeopleVol_Tot_IP,35040
DNE001,KPI_PeopleVol_Tot_IP,600
DGH001,KPI_PeopleVol_Tot_IP,66000
DLT001,KPI_PeopleVol_Tot_IP,12320
DMD001,KPI_PeopleVol_Tot_IP,1300
DMY001,KPI_PeopleVol_Tot_IP,79206
DCR001,KPI_PeopleVol_Tot_IP,5033
DGY001,KPI_PeopleVol_Tot_IP,100
DRS001,KPI_PeopleVol_Tot_IP,37178
DJO001,KPI_PeopleVol_Tot_IP,770
DIE001,KPI_PeopleVol_Tot_IP,4664
DTN001,KPI_PeopleVol_Tot_IP,8000
DBJ001,KPI_PeopleVol_Tot_IP,12600
DMT001,KPI_PeopleVol_Tot_IP,133
DCK001,KPI_PeopleVol_Tot_IP,149
DGQ001,KPI_PeopleVol_Tot_IP,500
DAM001,KPI_PeopleVol_Tot_IP,9088
DMX001,KPI_PeopleVol_Tot_IP,38406
DNI001,KPI_PeopleVol_Tot_IP,2000
DIN001,KPI_PeopleVol_Tot_IP,4010811
DLB001,KPI_PeopleVol_Tot_IP,12902
DMV001,KPI_PeopleVol_Tot_IP,1206
DRW001,KPI_PeopleVol_Tot_IP,67886
DHT001,KPI_PeopleVol_Tot_IP,9234
DAT001,KPI_PeopleVol_Tot_IP,75671
DSI001,KPI_PeopleVol_Tot_IP,10513
DUA001,KPI_PeopleVol_Tot_IP,7305
DUS001,KPI_PeopleVol_Tot_IP,267210
DBG001,KPI_PeopleVol_Tot_IP,16546
DKI001,KPI_PeopleVol_Tot_IP,152
DMR001,KPI_PeopleVol_Tot_IP,5500
DUZ001,KPI_PeopleVol_Tot_IP,45220
DCV001,KPI_PeopleVol_Tot_IP,2185
DJM001,KPI_PeopleVol_Tot_IP,5000
DKM001,KPI_PeopleVol_Tot_IP,3000
DST001,KPI_PeopleVol_Tot_IP,100
DME001,KPI_PeopleVol_Tot_IP,1493
DCI001,KPI_PeopleVol_Tot_IP,3522
DDZ001,KPI_PeopleVol_Tot_IP,20120
DSN001,KPI_PeopleVol_Tot_IP,30030
DIS001,KPI_PeopleVol_Tot_IP,2435
DBR001,KPI_PeopleVol_Tot_IP,28604
DAD001,KPI_PeopleVol_Tot_IP,318
DPT001,KPI_PeopleVol_Tot_IP,4472
DNO001,KPI_PeopleVol_Tot_IP,46507
DAO001,KPI_PeopleVol_Tot_IP,4665
DVC001,KPI_PeopleVol_Tot_IP,200
DKG001,KPI_PeopleVol_Tot_IP,4726
DRU001,KPI_PeopleVol_Tot_IP,55000
DSK001,KPI_PeopleVol_Tot_IP,1574
DCZ001,KPI_PeopleVol_Tot_IP,13711
DGM001,KPI_PeopleVol_Tot_IP,17240
DKN001,KPI_PeopleVol_Tot_IP,153
DCN001,KPI_PeopleVol_Tot_IP,2930054
DTO001,KPI_PeopleVol_Tot_IP,16
DET001,KPI_PeopleVol_Tot_IP,25863
DRO001,KPI_PeopleVol_Tot_IP,7314
DVN001,KPI_PeopleVol_Tot_IP,308712
DCU001,KPI_PeopleVol_Tot_IP,31134
DMH001,KPI_PeopleVol_Tot_IP,62
DSA001,KPI_PeopleVol_Tot_IP,110245
DMM001,KPI_PeopleVol_Tot_IP,6432
DLC001,KPI_PeopleVol_Tot_IP,280
DML001,KPI_PeopleVol_Tot_IP,9276
DVE001,KPI_PeopleVol_Tot_IP,4160
DPW001,KPI_PeopleVol_Tot_IP,322
DMA001,KPI_PeopleVol_Tot_IP,14100
DTT001,KPI_PeopleVol_Tot_IP,832
DDE001,KPI_PeopleVol_Tot_IP,452840
DTL001,KPI_PeopleVol_Tot_IP,731
DPK001,KPI_PeopleVol_Tot_IP,20688
DAF001,KPI_PeopleVol_Tot_IP,26568
DPL001,KPI_PeopleVol_Tot_IP,1771
DBW001,KPI_PeopleVol_Tot_IP,13000
DJP001,KPI_PeopleVol_Tot_IP,829386
DAZ001,KPI_PeopleVol_Tot_IP,24800
DEC001,KPI_PeopleVol_Tot_IP,7845
DAE001,KPI_PeopleVol_Tot_IP,45463
DQA001,KPI_PeopleVol_Tot_IP,29721
DKP001,KPI_PeopleVol_Tot_IP,359607
DDO001,KPI_PeopleVol_Tot_IP,11252
DLA001,KPI_PeopleVol_Tot_IP,446
DBO001,KPI_PeopleVol_Tot_IP,1009
DGA001,KPI_PeopleVol_Tot_IP,3000
DKE001,KPI_PeopleVol_Tot_IP,227863
DCG001,KPI_PeopleVol_Tot_IP,30500
DNL001,KPI_PeopleVol_Tot_IP,7442
DBF001,KPI_PeopleVol_Tot_IP,45707
DMZ001,KPI_PeopleVol_Tot_IP,6908
DSL001,KPI_PeopleVol_Tot_IP,9766
DZA001,KPI_PeopleVol_Tot_IP,4220
DPY001,KPI_PeopleVol_Tot_IP,927
DSG001,KPI_PeopleVol_Tot_IP,26864
DBZ001,KPI_PeopleVol_Tot_IP,121
DKZ001,KPI_PeopleVol_Tot_IP,7795
DHR001,KPI_PeopleVol_Tot_IP,6665
DMN001,KPI_PeopleVol_Tot_IP,28590
DES001,KPI_PeopleVol_Tot_IP,248780
DCY001,KPI_PeopleVol_Tot_IP,1428
DSC001,KPI_PeopleVol_Tot_IP,140
DAG001,KPI_PeopleVol_Tot_IP,68
DLR001,KPI_PeopleVol_Tot_IP,3693
DKR001,KPI_PeopleVol_Tot_IP,122041
DGE001,KPI_PeopleVol_Tot_IP,14280
DPE001,KPI_PeopleVol_Tot_IP,2641
DTZ001,KPI_PeopleVol_Tot_IP,143264
DDM001,KPI_PeopleVol_Tot_IP,318
DFJ001,KPI_PeopleVol_Tot_IP,520
DAU001,KPI_PeopleVol_Tot_IP,11485
DEE001,KPI_PeopleVol_Tot_IP,553
DPS001,KPI_PeopleVol_Tot_IP,10710
DSM001,KPI_PeopleVol_Tot_IP,45
DCL001,KPI_PeopleVol_Tot_IP,4450
DNZ001,KPI_PeopleVol_Tot_IP,6365
DPG001,KPI_PeopleVol_Tot_IP,862
DGB001,KPI_PeopleVol_Tot_IP,17874
DNP001,KPI_PeopleVol_Tot_IP,146524
DTJ001,KPI_PeopleVol_Tot_IP,10388
DYE001,KPI_PeopleVol_Tot_IP,6734
DBH001,KPI_PeopleVol_Tot_IP,95
DTG001,KPI_PeopleVol_Tot_IP,46937
DLU001,KPI_PeopleVol_Tot_IP,1638
DUG001,KPI_PeopleVol_Tot_IP,6275
DSR001,KPI_PeopleVol_Tot_IP,111
DFR001,KPI_PeopleVol_Tot_IP,75950
DGD001,KPI_PeopleVol_Tot_IP,78
DMW001,KPI_PeopleVol_Tot_IP,85817
DLV001,KPI_PeopleVol_Tot_IP,1000
DMK001,KPI_PeopleVol_Tot_IP,4693
DPH001,KPI_PeopleVol_Tot_IP,541000
DKW001,KPI_PeopleVol_Tot_IP,2025
DBB001,KPI_PeopleVol_Tot_IP,90
DUY001,KPI_PeopleVol_Tot_IP,350
DWS001,KPI_PeopleVol_Tot_IP,5180
DGN001,KPI_PeopleVol_Tot_IP,30000
DIT001,KPI_PeopleVol_Tot_IP,149412
DIL001,KPI_PeopleVol_Tot_IP,31000
DCM001,KPI_PeopleVol_Tot_IP,75000
DCA001,KPI_PeopleVol_Tot_IP,14531
DLY001,KPI_PeopleVol_Tot_IP,3000
DCH001,KPI_PeopleVol_Tot_IP,50380
DIQ001,KPI_PeopleVol_Tot_IP,12037
DSY001,KPI_PeopleVol_Tot_IP,9788
DVU001,KPI_PeopleVol_Tot_IP,422
DHN001,KPI_PeopleVol_Tot_IP,6085
DFM001,KPI_PeopleVol_Tot_IP,275
DCD001,KPI_PeopleVol_Tot_IP,503311
DLI001,KPI_PeopleVol_Tot_IP,17
DMG001,KPI_PeopleVol_Tot_IP,1431
DBN001,KPI_PeopleVol_Tot_IP,1780
DGW001,KPI_PeopleVol_Tot_IP,3000
DDK001,KPI_PeopleVol_Tot_IP,42533
DNG001,KPI_PeopleVol_Tot_IP,800000
DSS001,KPI_PeopleVol_Tot_IP,19785
DTD001,KPI_PeopleVol_Tot_IP,57923
DCO001,KPI_PeopleVol_Tot_IP,25722
DSE001,KPI_PStaff_Tot_IP,465
DIR001,KPI_PStaff_Tot_IP,7454
DBD001,KPI_PStaff_Tot_IP,2827
DPA001,KPI_PStaff_Tot_IP,132
DSO001,KPI_PStaff_Tot_IP,1295
DTM001,KPI_PStaff_Tot_IP,135
DGT001,KPI_PStaff_Tot_IP,242
DSD001,KPI_PStaff_Tot_IP,733
DHU001,KPI_PStaff_Tot_IP,973
DSZ001,KPI_PStaff_Tot_IP,74
DTV001,KPI_PStaff_Tot_IP,7
DDJ001,KPI_PStaff_Tot_IP,41
DAL001,KPI_PStaff_Tot_IP,53
DGR001,KPI_PStaff_Tot_IP,500
DCF001,KPI_PStaff_Tot_IP,114
DID001,KPI_PStaff_Tot_IP,8190
DKH001,KPI_PStaff_Tot_IP,359
DBY001,KPI_PStaff_Tot_IP,370
DMU001,KPI_PStaff_Tot_IP,9
DBI001,KPI_PStaff_Tot_IP,750
DTR001,KPI_PStaff_Tot_IP,12580
DZW001,KPI_PStaff_Tot_IP,150
DLK001,KPI_PStaff_Tot_IP,249
DSB001,KPI_PStaff_Tot_IP,25
DBE001,KPI_PStaff_Tot_IP,3910
DFI001,KPI_PStaff_Tot_IP,1023
DTH001,KPI_PStaff_Tot_IP,11647
DAR001,KPI_PStaff_Tot_IP,1930
DNA001,KPI_PStaff_Tot_IP,14
DSV001,KPI_PStaff_Tot_IP,290
DZM001,KPI_PStaff_Tot_IP,92
DMC001,KPI_PStaff_Tot_IP,72
DBA001,KPI_PStaff_Tot_IP,341
DBS001,KPI_PStaff_Tot_IP,61
DLS001,KPI_PStaff_Tot_IP,66
DEG001,KPI_PStaff_Tot_IP,473
DNE001,KPI_PStaff_Tot_IP,823
DGH001,KPI_PStaff_Tot_IP,50
DLT001,KPI_PStaff_Tot_IP,160
DMD001,KPI_PStaff_Tot_IP,22
DMY001,KPI_PStaff_Tot_IP,92
DCR001,KPI_PStaff_Tot_IP,1316
DGY001,KPI_PStaff_Tot_IP,11
DRS001,KPI_PStaff_Tot_IP,935
DJO001,KPI_PStaff_Tot_IP,52
DIE001,KPI_PStaff_Tot_IP,104
DTN001,KPI_PStaff_Tot_IP,
DBJ001,KPI_PStaff_Tot_IP,65
DMT001,KPI_PStaff_Tot_IP,62
DCK001,KPI_PStaff_Tot_IP,6
DGQ001,KPI_PStaff_Tot_IP,27
DAM001,KPI_PStaff_Tot_IP,300
DMX001,KPI_PStaff_Tot_IP,6730
DNI001,KPI_PStaff_Tot_IP,294
DIN001,KPI_PStaff_Tot_IP,2641
DLB001,KPI_PStaff_Tot_IP,406
DMV001,KPI_PStaff_Tot_IP,19
DRW001,KPI_PStaff_Tot_IP,97
DHT001,KPI_PStaff_Tot_IP,98
DAT001,KPI_PStaff_Tot_IP,10287
DSI001,KPI_PStaff_Tot_IP,27
DUA001,KPI_PStaff_Tot_IP,300
DUS001,KPI_PStaff_Tot_IP,17425
DBG001,KPI_PStaff_Tot_IP,543
DKI001,KPI_PStaff_Tot_IP,14
DMR001,KPI_PStaff_Tot_IP,19
DUZ001,KPI_PStaff_Tot_IP,650
DCV001,KPI_PStaff_Tot_IP,134
DJM001,KPI_PStaff_Tot_IP,25
DKM001,KPI_PStaff_Tot_IP,21
DST001,KPI_PStaff_Tot_IP,22
DME001,KPI_PStaff_Tot_IP,194
DCI001,KPI_PStaff_Tot_IP,124
DDZ001,KPI_PStaff_Tot_IP,131
DSN001,KPI_PStaff_Tot_IP,108
DIS001,KPI_PStaff_Tot_IP,112
DBR001,KPI_PStaff_Tot_IP,1853
DAD001,KPI_PStaff_Tot_IP,58
DPT001,KPI_PStaff_Tot_IP,2731
DNO001,KPI_PStaff_Tot_IP,895
DAO001,KPI_PStaff_Tot_IP,89
DVC001,KPI_PStaff_Tot_IP,7
DKG001,KPI_PStaff_Tot_IP,261
DRU001,KPI_PStaff_Tot_IP,835
DSK001,KPI_PStaff_Tot_IP,449
DCZ001,KPI_PStaff_Tot_IP,636
DGM001,KPI_PStaff_Tot_IP,45
DKN001,KPI_PStaff_Tot_IP,1
DCN001,KPI_PStaff_Tot_IP,20857
DTO001,KPI_PStaff_Tot_IP,17
DET001,KPI_PStaff_Tot_IP,2201
DRO001,KPI_PStaff_Tot_IP,533
DVN001,KPI_PStaff_Tot_IP,17024
DCU001,KPI_PStaff_Tot_IP,545
DMH001,KPI_PStaff_Tot_IP,10
DSA001,KPI_PStaff_Tot_IP,9713
DMM001,KPI_PStaff_Tot_IP,587
DLC001,KPI_PStaff_Tot_IP,
DML001,KPI_PStaff_Tot_IP,321
DVE001,KPI_PStaff_Tot_IP,683
DPW001,KPI_PStaff_Tot_IP,15
DMA001,KPI_PStaff_Tot_IP,58
DTT001,KPI_PStaff_Tot_IP,34
DDE001,KPI_PStaff_Tot_IP,200541
DTL001,KPI_PStaff_Tot_IP,137
DPK001,KPI_PStaff_Tot_IP,1028
DAF001,KPI_PStaff_Tot_IP,4006
DPL001,KPI_PStaff_Tot_IP,6173
DBW001,KPI_PStaff_Tot_IP,64
DJP001,KPI_PStaff_Tot_IP,67526
DAZ001,KPI_PStaff_Tot_IP,176
DEC001,KPI_PStaff_Tot_IP,227
DAE001,KPI_PStaff_Tot_IP,
DQA001,KPI_PStaff_Tot_IP,1166
DKP001,KPI_PStaff_Tot_IP,220
DDO001,KPI_PStaff_Tot_IP,1300
DLA001,KPI_PStaff_Tot_IP,508
DBO001,KPI_PStaff_Tot_IP,18
DGA001,KPI_PStaff_Tot_IP,52
DKE001,KPI_PStaff_Tot_IP,692
DBT001,KPI_PStaff_Tot_IP,11
DCG001,KPI_PStaff_Tot_IP,24
DNL001,KPI_PStaff_Tot_IP,715
DBF001,KPI_PStaff_Tot_IP,324
DMZ001,KPI_PStaff_Tot_IP,185
DSL001,KPI_PStaff_Tot_IP,60
DZA001,KPI_PStaff_Tot_IP,268
DPY001,KPI_PStaff_Tot_IP,28
DSG001,KPI_PStaff_Tot_IP,211
DBZ001,KPI_PStaff_Tot_IP,6
DKZ001,KPI_PStaff_Tot_IP,111
DHR001,KPI_PStaff_Tot_IP,1427
DMN001,KPI_PStaff_Tot_IP,185
DES001,KPI_PStaff_Tot_IP,14783
DCY001,KPI_PStaff_Tot_IP,35
DSC001,KPI_PStaff_Tot_IP,7
DAG001,KPI_PStaff_Tot_IP,7
DLR001,KPI_PStaff_Tot_IP,42
DKR001,KPI_PStaff_Tot_IP,4853
DGE001,KPI_PStaff_Tot_IP,214
DPE001,KPI_PStaff_Tot_IP,152
DTZ001,KPI_PStaff_Tot_IP,182
DDM001,KPI_PStaff_Tot_IP,6
DFJ001,KPI_PStaff_Tot_IP,28
DAU001,KPI_PStaff_Tot_IP,5633
DEE001,KPI_PStaff_Tot_IP,29
DPS001,KPI_PStaff_Tot_IP,4017
DSM001,KPI_PStaff_Tot_IP,
DCL001,KPI_PStaff_Tot_IP,30
DNZ001,KPI_PStaff_Tot_IP,563
DPG001,KPI_PStaff_Tot_IP,26
DGB001,KPI_PStaff_Tot_IP,4526
DNP001,KPI_PStaff_Tot_IP,323
DTJ001,KPI_PStaff_Tot_IP,165
DYE001,KPI_PStaff_Tot_IP,744
DBH001,KPI_PStaff_Tot_IP,22
DTG001,KPI_PStaff_Tot_IP,92
DLU001,KPI_PStaff_Tot_IP,3106
DUG001,KPI_PStaff_Tot_IP,244
DSR001,KPI_PStaff_Tot_IP,13
DFR001,KPI_PStaff_Tot_IP,19680
DGD001,KPI_PStaff_Tot_IP,1
DMW001,KPI_PStaff_Tot_IP,310
DLV001,KPI_PStaff_Tot_IP,2300
DMK001,KPI_PStaff_Tot_IP,216
DPH001,KPI_PStaff_Tot_IP,1923
DKW001,KPI_PStaff_Tot_IP,95
DBB001,KPI_PStaff_Tot_IP,7
DUY001,KPI_PStaff_Tot_IP,52
DWS001,KPI_PStaff_Tot_IP,15
DGN001,KPI_PStaff_Tot_IP,121
DIT001,KPI_PStaff_Tot_IP,941
DIL001,KPI_PStaff_Tot_IP,3000
DCM001,KPI_PStaff_Tot_IP,56
DCA001,KPI_PStaff_Tot_IP,2847
DLY001,KPI_PStaff_Tot_IP,655
DCH001,KPI_PStaff_Tot_IP,5651
DIQ001,KPI_PStaff_Tot_IP,2051
DSY001,KPI_PStaff_Tot_IP,5927
DVU001,KPI_PStaff_Tot_IP,42
DHN001,KPI_PStaff_Tot_IP,504
DFM001,KPI_PStaff_Tot_IP,9
DCD001,KPI_PStaff_Tot_IP,113
DLI001,KPI_PStaff_Tot_IP,26
DMG001,KPI_PStaff_Tot_IP,115
DBN001,KPI_PStaff_Tot_IP,1
DGW001,KPI_PStaff_Tot_IP,16
DDK001,KPI_PStaff_Tot_IP,985
DNG001,KPI_PStaff_Tot_IP,500
DSS001,KPI_PStaff_Tot_IP,261
DTD001,KPI_PStaff_Tot_IP,195
DCO001,KPI_PStaff_Tot_IP,2900
DSE001,KPI_noLocalUnits_IP,620
DIR001,KPI_noLocalUnits_IP,8584
DBD001,KPI_noLocalUnits_IP,155
DPA001,KPI_noLocalUnits_IP,32
DSO001,KPI_noLocalUnits_IP,130
DTM001,KPI_noLocalUnits_IP,39
DGT001,KPI_noLocalUnits_IP,21
DSD001,KPI_noLocalUnits_IP,1311
DHU001,KPI_noLocalUnits_IP,1503
DSZ001,KPI_noLocalUnits_IP,135
DTV001,KPI_noLocalUnits_IP,8
DDJ001,KPI_noLocalUnits_IP,6
DAL001,KPI_noLocalUnits_IP,39
DGR001,KPI_noLocalUnits_IP,86
DCF001,KPI_noLocalUnits_IP,85
DID001,KPI_noLocalUnits_IP,531
DKH001,KPI_noLocalUnits_IP,1881
DBY001,KPI_noLocalUnits_IP,158
DMU001,KPI_noLocalUnits_IP,5
DBI001,KPI_noLocalUnits_IP,2924
DTR001,KPI_noLocalUnits_IP,1806
DZW001,KPI_noLocalUnits_IP,243
DLK001,KPI_noLocalUnits_IP,307
DSB001,KPI_noLocalUnits_IP,7
DBE001,KPI_noLocalUnits_IP,314
DFI001,KPI_noLocalUnits_IP,412
DTH001,KPI_noLocalUnits_IP,392
DAR001,KPI_noLocalUnits_IP,65
DSV001,KPI_noLocalUnits_IP,45
DZM001,KPI_noLocalUnits_IP,61
DMC001,KPI_noLocalUnits_IP,1
DBA001,KPI_noLocalUnits_IP,165
DBS001,KPI_noLocalUnits_IP,16
DLS001,KPI_noLocalUnits_IP,96
DEG001,KPI_noLocalUnits_IP,38
DNE001,KPI_noLocalUnits_IP,71
DGH001,KPI_noLocalUnits_IP,261
DLT001,KPI_noLocalUnits_IP,
DMD001,KPI_noLocalUnits_IP,16
DMY001,KPI_noLocalUnits_IP,159
DCR001,KPI_noLocalUnits_IP,134
DGY001,KPI_noLocalUnits_IP,3
DRS001,KPI_noLocalUnits_IP,186
DJO001,KPI_noLocalUnits_IP,11
DIE001,KPI_noLocalUnits_IP,
DTN001,KPI_noLocalUnits_IP,270
DBJ001,KPI_noLocalUnits_IP,103
DMT001,KPI_noLocalUnits_IP,1
DCK001,KPI_noLocalUnits_IP,12
DGQ001,KPI_noLocalUnits_IP,18
DAM001,KPI_noLocalUnits_IP,69
DMX001,KPI_noLocalUnits_IP,553
DNI001,KPI_noLocalUnits_IP,28
DIN001,KPI_noLocalUnits_IP,1260
DLB001,KPI_noLocalUnits_IP,204
DMV001,KPI_noLocalUnits_IP,5
DRW001,KPI_noLocalUnits_IP,31
DHT001,KPI_noLocalUnits_IP,122
DAT001,KPI_noLocalUnits_IP,132
DSI001,KPI_noLocalUnits_IP,902
DUA001,KPI_noLocalUnits_IP,186
DUS001,KPI_noLocalUnits_IP,234
DBG001,KPI_noLocalUnits_IP,35
DKI001,KPI_noLocalUnits_IP,5
DMR001,KPI_noLocalUnits_IP,56
DUZ001,KPI_noLocalUnits_IP,212
DCV001,KPI_noLocalUnits_IP,46
DJM001,KPI_noLocalUnits_IP,13
DKM001,KPI_noLocalUnits_IP,224
DST001,KPI_noLocalUnits_IP,5
DME001,KPI_noLocalUnits_IP,23
DCI001,KPI_noLocalUnits_IP,116
DDZ001,KPI_noLocalUnits_IP,592
DSN001,KPI_noLocalUnits_IP,225
DIS001,KPI_noLocalUnits_IP,39
DBR001,KPI_noLocalUnits_IP,76
DAD001,KPI_noLocalUnits_IP,1
DPT001,KPI_noLocalUnits_IP,158
DNO001,KPI_noLocalUnits_IP,379
DAO001,KPI_noLocalUnits_IP,19
DVC001,KPI_noLocalUnits_IP,32
DKG001,KPI_noLocalUnits_IP,46
DRU001,KPI_noLocalUnits_IP,615
DSK001,KPI_noLocalUnits_IP,738
DCZ001,KPI_noLocalUnits_IP,417
DGM001,KPI_noLocalUnits_IP,459
DKN001,KPI_noLocalUnits_IP,2
DCN001,KPI_noLocalUnits_IP,207200
DTO001,KPI_noLocalUnits_IP,4
DET001,KPI_noLocalUnits_IP,190
DRO001,KPI_noLocalUnits_IP,604
DVN001,KPI_noLocalUnits_IP,14191
DCU001,KPI_noLocalUnits_IP,1721
DMH001,KPI_noLocalUnits_IP,4
DSA001,KPI_noLocalUnits_IP,601
DMM001,KPI_noLocalUnits_IP,274
DLC001,KPI_noLocalUnits_IP,1
DML001,KPI_noLocalUnits_IP,358
DVE001,KPI_noLocalUnits_IP,43
DMA001,KPI_noLocalUnits_IP,89
DTT001,KPI_noLocalUnits_IP,3
DDE001,KPI_noLocalUnits_IP,4433
DTL001,KPI_noLocalUnits_IP,14
DPK001,KPI_noLocalUnits_IP,60
DAF001,KPI_noLocalUnits_IP,329
DPL001,KPI_noLocalUnits_IP,185
DBW001,KPI_noLocalUnits_IP,46
DJP001,KPI_noLocalUnits_IP,419
DAZ001,KPI_noLocalUnits_IP,85
DEC001,KPI_noLocalUnits_IP,138
DAE001,KPI_noLocalUnits_IP,11
DQA001,KPI_noLocalUnits_IP,6
DKP001,KPI_noLocalUnits_IP,209
DDO001,KPI_noLocalUnits_IP,157
DLA001,KPI_noLocalUnits_IP,52
DBO001,KPI_noLocalUnits_IP,30
DGA001,KPI_noLocalUnits_IP,54
DKE001,KPI_noLocalUnits_IP,71
DCG001,KPI_noLocalUnits_IP,6
DNL001,KPI_noLocalUnits_IP,141
DBF001,KPI_noLocalUnits_IP,45
DMZ001,KPI_noLocalUnits_IP,111
DSL001,KPI_noLocalUnits_IP,16
DZA001,KPI_noLocalUnits_IP,43
DPY001,KPI_noLocalUnits_IP,21
DSG001,KPI_noLocalUnits_IP,14
DBZ001,KPI_noLocalUnits_IP,7
DKZ001,KPI_noLocalUnits_IP,19
DHR001,KPI_noLocalUnits_IP,132
DMN001,KPI_noLocalUnits_IP,703
DES001,KPI_noLocalUnits_IP,1263
DCY001,KPI_noLocalUnits_IP,10
DSC001,KPI_noLocalUnits_IP,1
DAG001,KPI_noLocalUnits_IP,1
DLR001,KPI_noLocalUnits_IP,91
DKR001,KPI_noLocalUnits_IP,92
DGE001,KPI_noLocalUnits_IP,39
DPE001,KPI_noLocalUnits_IP,32
DTZ001,KPI_noLocalUnits_IP,1576
DDM001,KPI_noLocalUnits_IP,11
DFJ001,KPI_noLocalUnits_IP,16
DAU001,KPI_noLocalUnits_IP,829
DEE001,KPI_noLocalUnits_IP,
DPS001,KPI_noLocalUnits_IP,117
DSM001,KPI_noLocalUnits_IP,1
DCL001,KPI_noLocalUnits_IP,155
DNZ001,KPI_noLocalUnits_IP,101
DPG001,KPI_noLocalUnits_IP,13
DGB001,KPI_noLocalUnits_IP,481
DNP001,KPI_noLocalUnits_IP,8319
DTJ001,KPI_noLocalUnits_IP,69
DYE001,KPI_noLocalUnits_IP,32
DBH001,KPI_noLocalUnits_IP,1
DTG001,KPI_noLocalUnits_IP,311
DLU001,KPI_noLocalUnits_IP,184
DUG001,KPI_noLocalUnits_IP,51
DFR001,KPI_noLocalUnits_IP,1061
DGD001,KPI_noLocalUnits_IP,1
DMW001,KPI_noLocalUnits_IP,1824
DLV001,KPI_noLocalUnits_IP,93
DMK001,KPI_noLocalUnits_IP,33
DPH001,KPI_noLocalUnits_IP,139
DKW001,KPI_noLocalUnits_IP,1
DBB001,KPI_noLocalUnits_IP,1
DUY001,KPI_noLocalUnits_IP,16
DWS001,KPI_noLocalUnits_IP,7
DGN001,KPI_noLocalUnits_IP,303
DIT001,KPI_noLocalUnits_IP,733
DIL001,KPI_noLocalUnits_IP,200
DCM001,KPI_noLocalUnits_IP,320
DCA001,KPI_noLocalUnits_IP,140
DLY001,KPI_noLocalUnits_IP,41
DCH001,KPI_noLocalUnits_IP,107
DIQ001,KPI_noLocalUnits_IP,113
DSY001,KPI_noLocalUnits_IP,109
DVU001,KPI_noLocalUnits_IP,9
DHN001,KPI_noLocalUnits_IP,53
DFM001,KPI_noLocalUnits_IP,4
DCD001,KPI_noLocalUnits_IP,293
DLI001,KPI_noLocalUnits_IP,1
DMG001,KPI_noLocalUnits_IP,142
DBN001,KPI_noLocalUnits_IP,4
DGW001,KPI_noLocalUnits_IP,54
DDK001,KPI_noLocalUnits_IP,202
DNG001,KPI_noLocalUnits_IP,774
DSS001,KPI_noLocalUnits_IP,120
DTD001,KPI_noLocalUnits_IP,23
DCO001,KPI_noLocalUnits_IP,209
DSE001,KPI_IncomeLC_CHF_IP,78123602
DIR001,KPI_IncomeLC_CHF_IP,136866129
DBD001,KPI_IncomeLC_CHF_IP,27473789
DPA001,KPI_IncomeLC_CHF_IP,3942134
DSO001,KPI_IncomeLC_CHF_IP,19257078
DTM001,KPI_IncomeLC_CHF_IP,2923294
DGT001,KPI_IncomeLC_CHF_IP,7082522
DSD001,KPI_IncomeLC_CHF_IP,125158777
DHU001,KPI_IncomeLC_CHF_IP,32170092
DSZ001,KPI_IncomeLC_CHF_IP,3215399
DTV001,KPI_IncomeLC_CHF_IP,99980
DDJ001,KPI_IncomeLC_CHF_IP,1088554
DAL001,KPI_IncomeLC_CHF_IP,2026557
DGR001,KPI_IncomeLC_CHF_IP,20125569
DCF001,KPI_IncomeLC_CHF_IP,1069219
DID001,KPI_IncomeLC_CHF_IP,4895000
DKH001,KPI_IncomeLC_CHF_IP,28475014
DBY001,KPI_IncomeLC_CHF_IP,5728918
DMU001,KPI_IncomeLC_CHF_IP,176405
DBI001,KPI_IncomeLC_CHF_IP,5906441
DTR001,KPI_IncomeLC_CHF_IP,890810940
DZW001,KPI_IncomeLC_CHF_IP,8612824
DLK001,KPI_IncomeLC_CHF_IP,7013364
DSB001,KPI_IncomeLC_CHF_IP,553247
DBE001,KPI_IncomeLC_CHF_IP,527112727
DFI001,KPI_IncomeLC_CHF_IP,342637130
DTH001,KPI_IncomeLC_CHF_IP,818228754
DAR001,KPI_IncomeLC_CHF_IP,13237137
DSV001,KPI_IncomeLC_CHF_IP,8630276
DZM001,KPI_IncomeLC_CHF_IP,3107334
DMC001,KPI_IncomeLC_CHF_IP,7314964
DBA001,KPI_IncomeLC_CHF_IP,2164280
DBS001,KPI_IncomeLC_CHF_IP,134590
DLS001,KPI_IncomeLC_CHF_IP,1020553
DEG001,KPI_IncomeLC_CHF_IP,13422893
DNE001,KPI_IncomeLC_CHF_IP,25181528
DGH001,KPI_IncomeLC_CHF_IP,294798
DLT001,KPI_IncomeLC_CHF_IP,12605333
DMD001,KPI_IncomeLC_CHF_IP,630926
DMY001,KPI_IncomeLC_CHF_IP,1913464
DCR001,KPI_IncomeLC_CHF_IP,40894949
DGY001,KPI_IncomeLC_CHF_IP,
DRS001,KPI_IncomeLC_CHF_IP,2432345
DIE001,KPI_IncomeLC_CHF_IP,19390179
DBJ001,KPI_IncomeLC_CHF_IP,1628063
DMT001,KPI_IncomeLC_CHF_IP,
DCK001,KPI_IncomeLC_CHF_IP,207116
DGQ001,KPI_IncomeLC_CHF_IP,202408
DMX001,KPI_IncomeLC_CHF_IP,15773884
DNI001,KPI_IncomeLC_CHF_IP,142186
DIN001,KPI_IncomeLC_CHF_IP,2000000
DLB001,KPI_IncomeLC_CHF_IP,306859161
DMV001,KPI_IncomeLC_CHF_IP,651418
DRW001,KPI_IncomeLC_CHF_IP,3981675
DHT001,KPI_IncomeLC_CHF_IP,
DAT001,KPI_IncomeLC_CHF_IP,62869513
DSI001,KPI_IncomeLC_CHF_IP,11752149
DUA001,KPI_IncomeLC_CHF_IP,209681360
DUS001,KPI_IncomeLC_CHF_IP,2881951419
DBG001,KPI_IncomeLC_CHF_IP,17821980
DKI001,KPI_IncomeLC_CHF_IP,163873
DMR001,KPI_IncomeLC_CHF_IP,17204
DUZ001,KPI_IncomeLC_CHF_IP,890536
DCV001,KPI_IncomeLC_CHF_IP,509058
DJM001,KPI_IncomeLC_CHF_IP,241765
DKM001,KPI_IncomeLC_CHF_IP,926447
DST001,KPI_IncomeLC_CHF_IP,452678
DME001,KPI_IncomeLC_CHF_IP,3236254
DCI001,KPI_IncomeLC_CHF_IP,1313543
DDZ001,KPI_IncomeLC_CHF_IP,4361050
DSN001,KPI_IncomeLC_CHF_IP,1331562
DIS001,KPI_IncomeLC_CHF_IP,21044542
DBR001,KPI_IncomeLC_CHF_IP,995000
DAD001,KPI_IncomeLC_CHF_IP,2287843
DPT001,KPI_IncomeLC_CHF_IP,94848547
DNO001,KPI_IncomeLC_CHF_IP,341432915
DAO001,KPI_IncomeLC_CHF_IP,458682
DVC001,KPI_IncomeLC_CHF_IP,69790
DKG001,KPI_IncomeLC_CHF_IP,3607313
DRU001,KPI_IncomeLC_CHF_IP,18700744
DSK001,KPI_IncomeLC_CHF_IP,13736684
DCZ001,KPI_IncomeLC_CHF_IP,5191219
DGM001,KPI_IncomeLC_CHF_IP,480668
DKN001,KPI_IncomeLC_CHF_IP,40468
DCN001,KPI_IncomeLC_CHF_IP,2140559725
DTO001,KPI_IncomeLC_CHF_IP,1097933
DET001,KPI_IncomeLC_CHF_IP,23075524
DRO001,KPI_IncomeLC_CHF_IP,14357230
DVN001,KPI_IncomeLC_CHF_IP,4498493
DCU001,KPI_IncomeLC_CHF_IP,433675
DMH001,KPI_IncomeLC_CHF_IP,351769
DSA001,KPI_IncomeLC_CHF_IP,583569
DMM001,KPI_IncomeLC_CHF_IP,13407416
DLC001,KPI_IncomeLC_CHF_IP,
DML001,KPI_IncomeLC_CHF_IP,8962264
DPW001,KPI_IncomeLC_CHF_IP,787286
DMA001,KPI_IncomeLC_CHF_IP,1069310
DTT001,KPI_IncomeLC_CHF_IP,820384
DDE001,KPI_IncomeLC_CHF_IP,9675707959
DTL001,KPI_IncomeLC_CHF_IP,1725330
DPK001,KPI_IncomeLC_CHF_IP,8852876
DAF001,KPI_IncomeLC_CHF_IP,35500403
DPL001,KPI_IncomeLC_CHF_IP,68647354
DBW001,KPI_IncomeLC_CHF_IP,2896250
DJP001,KPI_IncomeLC_CHF_IP,8629994615
DAZ001,KPI_IncomeLC_CHF_IP,1853993
DEC001,KPI_IncomeLC_CHF_IP,22148297
DAE001,KPI_IncomeLC_CHF_IP,
DQA001,KPI_IncomeLC_CHF_IP,80036963
DKP001,KPI_IncomeLC_CHF_IP,1114115
DDO001,KPI_IncomeLC_CHF_IP,12478739
DLA001,KPI_IncomeLC_CHF_IP,3352381
DBO001,KPI_IncomeLC_CHF_IP,557722
DGA001,KPI_IncomeLC_CHF_IP,992296
DKE001,KPI_IncomeLC_CHF_IP,63475431
DCG001,KPI_IncomeLC_CHF_IP,1392253
DNL001,KPI_IncomeLC_CHF_IP,180931076
DBF001,KPI_IncomeLC_CHF_IP,21586268
DMZ001,KPI_IncomeLC_CHF_IP,3025806
DSL001,KPI_IncomeLC_CHF_IP,1332039
DZA001,KPI_IncomeLC_CHF_IP,5274530
DPY001,KPI_IncomeLC_CHF_IP,2543199
DSG001,KPI_IncomeLC_CHF_IP,15341986
DBZ001,KPI_IncomeLC_CHF_IP,196411
DKZ001,KPI_IncomeLC_CHF_IP,2009443
DHR001,KPI_IncomeLC_CHF_IP,11649908
DMN001,KPI_IncomeLC_CHF_IP,2675200
DES001,KPI_IncomeLC_CHF_IP,934043846
DCY001,KPI_IncomeLC_CHF_IP,819533
DSC001,KPI_IncomeLC_CHF_IP,
DAG001,KPI_IncomeLC_CHF_IP,218969
DLR001,KPI_IncomeLC_CHF_IP,1538748
DKR001,KPI_IncomeLC_CHF_IP,510412313
DGE001,KPI_IncomeLC_CHF_IP,2838442
DPE001,KPI_IncomeLC_CHF_IP,564263
DTZ001,KPI_IncomeLC_CHF_IP,2844048
DDM001,KPI_IncomeLC_CHF_IP,415602
DFJ001,KPI_IncomeLC_CHF_IP,1157563
DAU001,KPI_IncomeLC_CHF_IP,629168243
DEE001,KPI_IncomeLC_CHF_IP,2201802
DPS001,KPI_IncomeLC_CHF_IP,26065896
DSM001,KPI_IncomeLC_CHF_IP,246233
DCL001,KPI_IncomeLC_CHF_IP,1185822
DNZ001,KPI_IncomeLC_CHF_IP,43429115
DPG001,KPI_IncomeLC_CHF_IP,596533
DGB001,KPI_IncomeLC_CHF_IP,354163143
DNP001,KPI_IncomeLC_CHF_IP,7181848
DTJ001,KPI_IncomeLC_CHF_IP,2688553
DYE001,KPI_IncomeLC_CHF_IP,3569510
DBH001,KPI_IncomeLC_CHF_IP,1159019
DTG001,KPI_IncomeLC_CHF_IP,3060596
DLU001,KPI_IncomeLC_CHF_IP,303339682
DUG001,KPI_IncomeLC_CHF_IP,6975858
DFR001,KPI_IncomeLC_CHF_IP,1567671561
DGD001,KPI_IncomeLC_CHF_IP,
DMW001,KPI_IncomeLC_CHF_IP,6242657
DLV001,KPI_IncomeLC_CHF_IP,27107316
DMK001,KPI_IncomeLC_CHF_IP,4941984
DPH001,KPI_IncomeLC_CHF_IP,27360000
DKW001,KPI_IncomeLC_CHF_IP,370558
DBB001,KPI_IncomeLC_CHF_IP,151764
DUY001,KPI_IncomeLC_CHF_IP,515000
DWS001,KPI_IncomeLC_CHF_IP,201309
DGN001,KPI_IncomeLC_CHF_IP,1743226
DIT001,KPI_IncomeLC_CHF_IP,147789642
DIL001,KPI_IncomeLC_CHF_IP,307966
DCM001,KPI_IncomeLC_CHF_IP,2199131
DCA001,KPI_IncomeLC_CHF_IP,388210
DLY001,KPI_IncomeLC_CHF_IP,4500826
DCH001,KPI_IncomeLC_CHF_IP,637927000
DIQ001,KPI_IncomeLC_CHF_IP,25952059
DSY001,KPI_IncomeLC_CHF_IP,
DVU001,KPI_IncomeLC_CHF_IP,
DHN001,KPI_IncomeLC_CHF_IP,18930764
DFM001,KPI_IncomeLC_CHF_IP,530810
DCD001,KPI_IncomeLC_CHF_IP,8839982
DLI001,KPI_IncomeLC_CHF_IP,3087120
DMG001,KPI_IncomeLC_CHF_IP,2303151
DBN001,KPI_IncomeLC_CHF_IP,
DGW001,KPI_IncomeLC_CHF_IP,1115052
DDK001,KPI_IncomeLC_CHF_IP,270067319
DNG001,KPI_IncomeLC_CHF_IP,3031970
DSS001,KPI_IncomeLC_CHF_IP,12265983
DTD001,KPI_IncomeLC_CHF_IP,2859912
DCO001,KPI_IncomeLC_CHF_IP,43187434
DSE001,KPI_expenditureLC_CHF_IP,79918812
DIR001,KPI_expenditureLC_CHF_IP,136866129
DBD001,KPI_expenditureLC_CHF_IP,25938103
DPA001,KPI_expenditureLC_CHF_IP,4002961
DSO001,KPI_expenditureLC_CHF_IP,18882152
DTM001,KPI_expenditureLC_CHF_IP,2717860
DGT001,KPI_expenditureLC_CHF_IP,6157309
DSD001,KPI_expenditureLC_CHF_IP,53977983
DHU001,KPI_expenditureLC_CHF_IP,30855587
DSZ001,KPI_expenditureLC_CHF_IP,2937300
DTV001,KPI_expenditureLC_CHF_IP,117830
DDJ001,KPI_expenditureLC_CHF_IP,1088554
DAL001,KPI_expenditureLC_CHF_IP,1791474
DGR001,KPI_expenditureLC_CHF_IP,17866296
DCF001,KPI_expenditureLC_CHF_IP,1130369
DID001,KPI_expenditureLC_CHF_IP,4675000
DKH001,KPI_expenditureLC_CHF_IP,23016648
DBY001,KPI_expenditureLC_CHF_IP,6102617
DMU001,KPI_expenditureLC_CHF_IP,122837
DBI001,KPI_expenditureLC_CHF_IP,5115564
DTR001,KPI_expenditureLC_CHF_IP,718695059
DZW001,KPI_expenditureLC_CHF_IP,6528422
DLK001,KPI_expenditureLC_CHF_IP,6513691
DSB001,KPI_expenditureLC_CHF_IP,545754
DBE001,KPI_expenditureLC_CHF_IP,565952190
DFI001,KPI_expenditureLC_CHF_IP,337822264
DTH001,KPI_expenditureLC_CHF_IP,719312781
DAR001,KPI_expenditureLC_CHF_IP,14737855
DNA001,KPI_expenditureLC_CHF_IP,1168516
DSV001,KPI_expenditureLC_CHF_IP,8759455
DZM001,KPI_expenditureLC_CHF_IP,2757021
DMC001,KPI_expenditureLC_CHF_IP,7869112
DBA001,KPI_expenditureLC_CHF_IP,2164280
DBS001,KPI_expenditureLC_CHF_IP,93804
DLS001,KPI_expenditureLC_CHF_IP,1837194
DEG001,KPI_expenditureLC_CHF_IP,13066080
DNE001,KPI_expenditureLC_CHF_IP,12144780
DGH001,KPI_expenditureLC_CHF_IP,289031
DLT001,KPI_expenditureLC_CHF_IP,8610064
DMD001,KPI_expenditureLC_CHF_IP,751202
DMY001,KPI_expenditureLC_CHF_IP,1825016
DCR001,KPI_expenditureLC_CHF_IP,42479649
DGY001,KPI_expenditureLC_CHF_IP,
DRS001,KPI_expenditureLC_CHF_IP,2431557
DJO001,KPI_expenditureLC_CHF_IP,
DIE001,KPI_expenditureLC_CHF_IP,22014608
DTN001,KPI_expenditureLC_CHF_IP,
DBJ001,KPI_expenditureLC_CHF_IP,1530332
DMT001,KPI_expenditureLC_CHF_IP,
DCK001,KPI_expenditureLC_CHF_IP,175124
DGQ001,KPI_expenditureLC_CHF_IP,120063
DAM001,KPI_expenditureLC_CHF_IP,11328623
DMX001,KPI_expenditureLC_CHF_IP,14780135
DNI001,KPI_expenditureLC_CHF_IP,133854
DIN001,KPI_expenditureLC_CHF_IP,13661588
DLB001,KPI_expenditureLC_CHF_IP,390652834
DMV001,KPI_expenditureLC_CHF_IP,713426
DRW001,KPI_expenditureLC_CHF_IP,3356591
DHT001,KPI_expenditureLC_CHF_IP,
DAT001,KPI_expenditureLC_CHF_IP,62858685
DSI001,KPI_expenditureLC_CHF_IP,11233359
DUA001,KPI_expenditureLC_CHF_IP,172256316
DUS001,KPI_expenditureLC_CHF_IP,2661603713
DBG001,KPI_expenditureLC_CHF_IP,19029888
DKI001,KPI_expenditureLC_CHF_IP,156009
DMR001,KPI_expenditureLC_CHF_IP,12449
DUZ001,KPI_expenditureLC_CHF_IP,888501
DCV001,KPI_expenditureLC_CHF_IP,509058
DJM001,KPI_expenditureLC_CHF_IP,285349
DKM001,KPI_expenditureLC_CHF_IP,953247
DST001,KPI_expenditureLC_CHF_IP,415491
DME001,KPI_expenditureLC_CHF_IP,3232294
DCI001,KPI_expenditureLC_CHF_IP,1824277
DDZ001,KPI_expenditureLC_CHF_IP,2442992
DSN001,KPI_expenditureLC_CHF_IP,1270940
DIS001,KPI_expenditureLC_CHF_IP,17920615
DBR001,KPI_expenditureLC_CHF_IP,72740
DAD001,KPI_expenditureLC_CHF_IP,2150182
DPT001,KPI_expenditureLC_CHF_IP,91621609
DNO001,KPI_expenditureLC_CHF_IP,323941311
DAO001,KPI_expenditureLC_CHF_IP,418745
DVC001,KPI_expenditureLC_CHF_IP,73373
DKG001,KPI_expenditureLC_CHF_IP,208253
DRU001,KPI_expenditureLC_CHF_IP,19602024
DSK001,KPI_expenditureLC_CHF_IP,13605723
DCZ001,KPI_expenditureLC_CHF_IP,5278053
DGM001,KPI_expenditureLC_CHF_IP,660994
DKN001,KPI_expenditureLC_CHF_IP,37906
DCN001,KPI_expenditureLC_CHF_IP,1980218561
DTO001,KPI_expenditureLC_CHF_IP,1022696
DET001,KPI_expenditureLC_CHF_IP,18170803
DRO001,KPI_expenditureLC_CHF_IP,15084914
DCU001,KPI_expenditureLC_CHF_IP,433675
DMH001,KPI_expenditureLC_CHF_IP,310962
DSA001,KPI_expenditureLC_CHF_IP,
DMM001,KPI_expenditureLC_CHF_IP,7549632
DLC001,KPI_expenditureLC_CHF_IP,
DML001,KPI_expenditureLC_CHF_IP,9215641
DPW001,KPI_expenditureLC_CHF_IP,686539
DMA001,KPI_expenditureLC_CHF_IP,575318
DTT001,KPI_expenditureLC_CHF_IP,899106
DDE001,KPI_expenditureLC_CHF_IP,9675707959
DTL001,KPI_expenditureLC_CHF_IP,1673644
DPK001,KPI_expenditureLC_CHF_IP,2348876
DAF001,KPI_expenditureLC_CHF_IP,31184908
DPL001,KPI_expenditureLC_CHF_IP,65150399
DBW001,KPI_expenditureLC_CHF_IP,3464326
DJP001,KPI_expenditureLC_CHF_IP,8425477104
DAZ001,KPI_expenditureLC_CHF_IP,1776514
DEC001,KPI_expenditureLC_CHF_IP,24424666
DAE001,KPI_expenditureLC_CHF_IP,
DQA001,KPI_expenditureLC_CHF_IP,45741315
DKP001,KPI_expenditureLC_CHF_IP,1107293
DDO001,KPI_expenditureLC_CHF_IP,12183432
DLA001,KPI_expenditureLC_CHF_IP,1380228
DBO001,KPI_expenditureLC_CHF_IP,647869
DGA001,KPI_expenditureLC_CHF_IP,924265
DKE001,KPI_expenditureLC_CHF_IP,64392781
DBT001,KPI_expenditureLC_CHF_IP,322497
DCG001,KPI_expenditureLC_CHF_IP,1243235
DNL001,KPI_expenditureLC_CHF_IP,176711199
DBF001,KPI_expenditureLC_CHF_IP,20047594
DMZ001,KPI_expenditureLC_CHF_IP,2894054
DSL001,KPI_expenditureLC_CHF_IP,1443073
DZA001,KPI_expenditureLC_CHF_IP,5217479
DPY001,KPI_expenditureLC_CHF_IP,2327177
DSG001,KPI_expenditureLC_CHF_IP,13057125
DBZ001,KPI_expenditureLC_CHF_IP,222421
DKZ001,KPI_expenditureLC_CHF_IP,1990756
DHR001,KPI_expenditureLC_CHF_IP,9339384
DMN001,KPI_expenditureLC_CHF_IP,2675200
DES001,KPI_expenditureLC_CHF_IP,926031009
DCY001,KPI_expenditureLC_CHF_IP,874557
DSC001,KPI_expenditureLC_CHF_IP,
DAG001,KPI_expenditureLC_CHF_IP,144204
DLR001,KPI_expenditureLC_CHF_IP,1394315
DKR001,KPI_expenditureLC_CHF_IP,488524720
DGE001,KPI_expenditureLC_CHF_IP,2464191
DPE001,KPI_expenditureLC_CHF_IP,1394199
DTZ001,KPI_expenditureLC_CHF_IP,2463469
DDM001,KPI_expenditureLC_CHF_IP,625977
DFJ001,KPI_expenditureLC_CHF_IP,1147532
DAU001,KPI_expenditureLC_CHF_IP,625478571
DEE001,KPI_expenditureLC_CHF_IP,
DPS001,KPI_expenditureLC_CHF_IP,19721992
DSM001,KPI_expenditureLC_CHF_IP,285377
DCL001,KPI_expenditureLC_CHF_IP,906300
DNZ001,KPI_expenditureLC_CHF_IP,36061429
DPG001,KPI_expenditureLC_CHF_IP,624194
DGB001,KPI_expenditureLC_CHF_IP,345721418
DNP001,KPI_expenditureLC_CHF_IP,6159065
DTJ001,KPI_expenditureLC_CHF_IP,2415829
DYE001,KPI_expenditureLC_CHF_IP,3333259
DBH001,KPI_expenditureLC_CHF_IP,1267532
DTG001,KPI_expenditureLC_CHF_IP,3135350
DLU001,KPI_expenditureLC_CHF_IP,304337671
DUG001,KPI_expenditureLC_CHF_IP,
DSR001,KPI_expenditureLC_CHF_IP,
DFR001,KPI_expenditureLC_CHF_IP,1570604496
DGD001,KPI_expenditureLC_CHF_IP,
DMW001,KPI_expenditureLC_CHF_IP,5541153
DLV001,KPI_expenditureLC_CHF_IP,25360004
DMK001,KPI_expenditureLC_CHF_IP,4177054
DPH001,KPI_expenditureLC_CHF_IP,
DKW001,KPI_expenditureLC_CHF_IP,106444
DBB001,KPI_expenditureLC_CHF_IP,132362
DUY001,KPI_expenditureLC_CHF_IP,437390
DWS001,KPI_expenditureLC_CHF_IP,254679
DGN001,KPI_expenditureLC_CHF_IP,1690481
DIT001,KPI_expenditureLC_CHF_IP,146125216
DIL001,KPI_expenditureLC_CHF_IP,311473
DCM001,KPI_expenditureLC_CHF_IP,224386943
DCA001,KPI_expenditureLC_CHF_IP,388910
DLY001,KPI_expenditureLC_CHF_IP,1505545
DCH001,KPI_expenditureLC_CHF_IP,669606000
DIQ001,KPI_expenditureLC_CHF_IP,22314543
DSY001,KPI_expenditureLC_CHF_IP,3054814
DVU001,KPI_expenditureLC_CHF_IP,
DHN001,KPI_expenditureLC_CHF_IP,17571616
DFM001,KPI_expenditureLC_CHF_IP,317224
DCD001,KPI_expenditureLC_CHF_IP,8114751
DLI001,KPI_expenditureLC_CHF_IP,3279712
DMG001,KPI_expenditureLC_CHF_IP,2051903
DBN001,KPI_expenditureLC_CHF_IP,
DGW001,KPI_expenditureLC_CHF_IP,464519
DDK001,KPI_expenditureLC_CHF_IP,253585152
DNG001,KPI_expenditureLC_CHF_IP,2384266
DSS001,KPI_expenditureLC_CHF_IP,14804634
DTD001,KPI_expenditureLC_CHF_IP,2823284
DCO001,KPI_expenditureLC_CHF_IP,43180459
